CASE_ID,ACCIDENT_YEAR,PROC_DATE,JURIS,COLLISION_DATE,COLLISION_TIME,OFFICER_ID,REPORTING_DISTRICT,DAY_OF_WEEK,CHP_SHIFT,POPULATION,CNTY_CITY_LOC,SPECIAL_COND,BEAT_TYPE,CHP_BEAT_TYPE,CITY_DIVISION_LAPD,CHP_BEAT_CLASS,BEAT_NUMBER,PRIMARY_RD,SECONDARY_RD,DISTANCE,DIRECTION,INTERSECTION,WEATHER_1,WEATHER_2,STATE_HWY_IND,CALTRANS_COUNTY,CALTRANS_DISTRICT,STATE_ROUTE,ROUTE_SUFFIX,POSTMILE_PREFIX,POSTMILE,LOCATION_TYPE,RAMP_INTERSECTION,SIDE_OF_HWY,TOW_AWAY,COLLISION_SEVERITY,NUMBER_KILLED,NUMBER_INJURED,PARTY_COUNT,PRIMARY_COLL_FACTOR,PCF_CODE_OF_VIOL,PCF_VIOL_CATEGORY,PCF_VIOLATION,PCF_VIOL_SUBSECTION,HIT_AND_RUN,TYPE_OF_COLLISION,MVIW,PED_ACTION,ROAD_SURFACE,ROAD_COND_1,ROAD_COND_2,LIGHTING,CONTROL_DEVICE,CHP_ROAD_TYPE,PEDESTRIAN_ACCIDENT,BICYCLE_ACCIDENT,MOTORCYCLE_ACCIDENT,TRUCK_ACCIDENT,NOT_PRIVATE_PROPERTY,ALCOHOL_INVOLVED,STWD_VEHTYPE_AT_FAULT,CHP_VEHTYPE_AT_FAULT,COUNT_SEVERE_INJ,COUNT_VISIBLE_INJ,COUNT_COMPLAINT_PAIN,COUNT_PED_KILLED,COUNT_PED_INJURED,COUNT_BICYCLIST_KILLED,COUNT_BICYCLIST_INJURED,COUNT_MC_KILLED,COUNT_MC_INJURED,PRIMARY_RAMP,SECONDARY_RAMP,LATITUDE,LONGITUDE,COUNTY,CITY,POINT_X,POINT_Y
90545919,2017,2017-09-12,9456,2017-08-14,1605,017711,,1,2,9,2000,0,1,3,,1,052,"STATE ROUTE 41","COUNTY ROAD 426",18.00,N,N,A,-,Y,,,41,,,,,,,Y,1,1,0,3,A,-,12,21453,A,N,B,C,A,A,H,-,A,A,0,,,,,Y,,A,01,0,0,0,0,0,0,0,0,0,"- ","- ",37.332949999999997,-119.65071,MADERA,UNINCORPORATED,-119.65073418999999,37.333020210000001
91337766,2020,2020-11-03,9456,2020-10-29,1927,020944,,4,2,9,2000,0,1,3,,1,052,"SR-41 N/B","CIVIC CIR",57.00,S,N,A,-,Y,,,41,,,,,,N,Y,2,0,1,3,A,-,11,21954,A,N,G,B,D,A,H,-,D,D,0,Y,,,,Y,Y,N,60,1,0,0,0,1,0,0,0,0,"- ","- ",37.331798553466797,-119.65428161621094,MADERA,UNINCORPORATED,-119.65428924560547,37.331825256347656
90145126,2016,2016-03-28,9450,2016-03-19,1445,016486,,6,2,9,2000,0,3,5,,2,010,"AVENUE 18","COUNTY ROAD 21",2112.00,W,N,A,-,N,,,,,,,,,,Y,2,0,1,1,A,-,01,23152,A,N,E,I,A,A,H,-,A,D,0,,,,,Y,Y,D,22,1,0,0,0,0,0,0,0,0,"- ","- ",37.011040000000001,-120.1575,MADERA,UNINCORPORATED,-120.17330033,37.011005869999998
91339699,2020,2020-11-04,9456,2020-10-29,1155,017677,,4,1,9,2000,0,3,5,,2,050,"COUNTY ROAD 426","ELLIOTT DRIVE",570.00,W,N,A,-,N,,,,,,,,,,Y,2,0,1,2,A,-,03,22350,,N,C,C,A,A,H,-,A,D,0,,,Y,,Y,,C,02,1,0,0,0,0,0,0,0,1,"- ","- ",37.326641082763672,-119.64501953125,MADERA,UNINCORPORATED,-119.64508056640625,37.326587677001953
91953159,2022,2022-12-27,9450,2022-12-25,2330,021188,,7,3,9,2000,0,3,5,,2,040,"AVENUE 9","COUNTY ROAD 40",430.00,E,N,E,-,N,,,,,,,,,,Y,2,0,1,1,A,-,08,22107,,N,E,I,A,B,H,-,D,D,0,,,,,Y,,A,01,1,0,0,0,0,0,0,0,0,"- ","- ",36.880119323730469,-119.81997680664062,MADERA,UNINCORPORATED,-119.81996154785156,36.880012512207031
6434785,2014,2014-06-26,2002,2014-03-17,1812,3650,CITY,1,5,4,2002,0,0,0,,0,002,"WESSMITH WY","FOUNTAIN WY",367.00,W,N,A,-,N,,,,,,,,,,N,2,0,1,2,A,-,11,21956,A,N,G,B,D,A,H,-,-,D,0,Y,,,,Y,,N,60,1,0,0,0,1,0,0,0,0,"- ","- ",,,MADERA,MADERA,-120.04855576999999,36.978543979999998
6539783,2014,2014-08-15,9450,2014-06-30,1655,018612,,1,2,9,2000,0,3,5,,2,020,"AVENUE 17","COUNTY ROAD 26",0.00,,Y,A,-,N,,,,,,,,,,Y,2,0,2,3,A,-,12,21453,A,N,D,C,A,A,H,-,A,C,0,,,,,Y,,A,07,2,0,0,0,0,0,0,0,0,"- ","- ",36.996450000000003,-120.07438999999999,MADERA,UNINCORPORATED,-120.07424985999999,36.99635009
6855372,2015,2016-09-15,9450,2015-02-16,1525,016486,,1,2,9,2000,0,1,3,,2,031,"RT 99","AVE 9",4744.00,N,N,A,-,Y,MAD,6,99,-,-,4.440,H,-,S,Y,2,0,2,2,A,-,07,21658,A,N,B,C,A,A,H,-,A,D,1,,,Y,,Y,,A,01,2,0,0,0,0,0,0,0,2,"- ","- ",36.892189999999999,-119.98832,MADERA,UNINCORPORATED,-119.98650694,36.890415789999999
8204906,2016,2017-01-11,2002,2016-12-09,0600,4263,,5,5,4,2002,0,0,0,,0,004,"GARY LN WEST","SENECA DR",27.00,E,N,B,-,N,,,,,,,,,,Y,2,0,2,1,A,-,03,22350,,N,E,J,A,B,H,-,C,A,0,,,,,Y,Y,A,01,2,0,0,0,0,0,0,0,0,"- ","- ",,,MADERA,MADERA,-120.05853766,36.941929999999999
8939482,2019,2020-01-10,2001,2019-11-08,2040,068,A,5,5,3,2001,0,0,0,,0,,"N 5TH ST","VENTURA AV",0.00,,Y,A,-,N,,,,,,,,,,Y,1,1,3,2,A,-,01,23152,A,F,D,C,A,A,H,-,C,A,0,,,,,Y,Y,D,22,2,0,1,0,0,0,0,0,0,"- ","- ",,,MADERA,CHOWCHILLA,-120.26799011230469,37.125068664550781
9694264,2024,2024-06-25,2002,2024-05-31,2217,4738,MSC,5,5,4,2002,0,0,0,,0,003,"GATEWAY DR S","8TH ST W",175.00,N,N,A,-,Y,MAD,6,145,-,-,9.440,H,-,S,N,2,0,1,2,A,-,08,22107,,N,A,B,E,A,H,-,C,D,0,Y,,,,Y,Y,A,01,1,0,0,0,1,0,0,0,0,"- ","- ",,,MADERA,MADERA,-120.05785369873047,36.958610534667969
92119757,2023,2023-07-18,9450,2023-07-10,1828,018551,,1,2,9,2000,0,2,4,,2,035,"AVENUE 12","SR-99 S/B TO AVENUE 12",5.00,E,N,A,-,Y,,,,,,,,,,N,2,0,2,2,A,-,07,21658,A,N,B,C,A,A,H,-,A,D,0,,,Y,,Y,,C,02,1,1,0,0,0,0,0,0,1,"- ","- ",36.923919677734375,-120.02459716796875,MADERA,UNINCORPORATED,-120.02293395996094,36.923931121826172
90348036,2016,2016-12-19,9456,2016-12-12,0545,020635,,1,3,9,2000,0,1,3,,1,051,SR-41,"SAFARI WORLD DR",154.00,N,N,A,-,Y,,,,,,,,,,Y,2,0,3,2,A,-,06,21751,,N,A,C,A,A,H,-,B,D,0,,,,,Y,,A,08,1,1,1,0,0,0,0,0,0,"- ","- ",37.133200000000002,-119.42270000000001,MADERA,UNINCORPORATED,-119.70762195,37.225502509999998
90707430,2018,2018-04-17,9450,2018-04-11,0105,019159,,3,3,9,2000,0,2,4,,2,035,"AVENUE 12","COUNTY ROAD 24 1/2",1285.00,E,N,B,-,N,,,,,,,,,,Y,2,0,2,2,A,-,01,23152,A,N,C,C,A,A,H,-,D,D,0,,,,,Y,Y,A,07,1,1,0,0,0,0,0,0,0,"- ","- ",36.923828125,-120.09693908691406,MADERA,UNINCORPORATED,-120.09711456298828,36.923763275146484
91369587,2020,2020-12-17,9450,2020-12-08,0646,017827,,2,1,9,2000,0,3,5,,2,010,"SR-99 (S/B)","ROBERTSON BLVD.",923.00,S,N,A,-,Y,,,,,,,,,,Y,2,0,2,2,A,-,08,22107,,N,B,C,A,A,H,-,A,D,0,,,,Y,Y,,G,25,2,0,0,0,0,0,0,0,0,"- ","- ",37.124000549316406,-120.24051666259766,MADERA,UNINCORPORATED,,
91864634,2022,2022-09-14,9456,2022-09-04,2000,019856,,7,2,9,2000,0,1,3,,1,052,"STATE ROUTE 41","GOLDEN OAK LOOP",550.00,N,N,A,-,Y,MAD,,41,,,36.028,H,,R,N,2,0,1,2,A,-,11,21954,A,N,G,B,D,A,H,-,C,D,0,Y,,,,Y,,N,60,1,0,0,0,1,0,0,0,0,"- ","- ",37.334518432617188,-119.64649200439453,MADERA,UNINCORPORATED,-119.64651489257812,37.334537506103516
91882128,2022,2022-10-04,9450,2022-08-19,2006,016950,,5,2,9,2000,0,3,5,,2,020,"RAYMOND ROAD","COUNTY ROAD 28 1/4",200.00,E,N,A,-,N,,,,,,,,,,N,2,0,1,2,A,-,01,23152,A,F,B,G,A,A,H,-,B,D,0,,Y,,,Y,Y,D,22,1,0,0,0,0,0,1,0,0,"- ","- ",36.982471466064453,-120.03378295898438,MADERA,UNINCORPORATED,-120.03356170654297,36.982505798339844
92066087,2023,2023-05-10,9456,2023-04-08,1143,017677,,6,1,9,2000,0,2,4,,1,054,"COUNTY ROAD 222","DORSTAN DR",330.00,W,N,A,-,N,,,,,,,,,,N,1,1,0,2,A,-,08,22107,,N,B,C,A,A,H,-,A,D,0,,Y,,,Y,,L,04,0,0,0,0,0,1,0,0,0,"- ","- ",37.363689422607422,-119.61814880371094,MADERA,UNINCORPORATED,-119.61692047119141,37.363548278808594
90880827,2018,2018-12-11,9456,2018-12-01,1110,019295,,6,1,9,2000,0,1,3,,1,051,SR-41,"COUNTY ROAD 416",0.00,,Y,B,C,Y,,,41,,,,,,,Y,2,0,1,2,A,-,09,21802,A,N,D,C,A,B,H,-,A,A,0,,,,,Y,,D,22,1,0,0,0,0,0,0,0,0,"- ","- ",37.202060699462891,-119.72265625,MADERA,UNINCORPORATED,-119.72267150878906,37.202064514160156
91286419,2020,2020-08-14,9450,2020-08-06,0700,017032,,4,1,9,2000,0,3,5,,2,030,"AVENUE 13","COUNTY ROAD 21 1/2",1584.00,W,N,A,-,N,,,,,,,,,,Y,2,0,3,2,A,-,03,22350,,N,C,C,A,A,H,-,A,D,0,,,,,Y,,D,22,2,0,1,0,0,0,0,0,0,"- ","- ",36.93756103515625,-120.15984344482422,MADERA,UNINCORPORATED,-120.16140747070312,36.93817138671875
92341126,2024,2024-03-18,9450,2024-03-10,1626,018551,,7,2,9,2000,0,3,5,,2,030,"COUNTY ROAD 30 1/2","AVENUE 11",0.00,,Y,A,-,N,,,,,,,,,,Y,2,0,3,2,A,-,12,22450,A,N,D,C,A,A,H,-,A,A,0,,,,,Y,,A,01,2,0,1,0,0,0,0,0,0,"- ","- ",36.909320831298828,-119.99234771728516,MADERA,UNINCORPORATED,-119.99233245849609,36.909286499023438
6718061,2014,2015-12-30,9456,2014-12-06,2500,14354,,6,4,9,2000,0,2,4,,1,054,"COUNTY ROAD 274","FAWN POINT LN",2640.00,S,N,A,-,N,,,,,,,,,,Y,1,1,0,1,A,-,08,22107,,N,F,A,A,A,H,-,A,D,0,,,,,Y,,A,01,0,0,0,0,0,0,0,0,0,"- ","- ",37.309229999999999,-119.53036,MADERA,UNINCORPORATED,-119.53031659,37.309260119999998
90166339,2016,2016-04-27,9450,2016-04-16,0050,017899,,6,3,9,2000,0,1,3,,2,031,"SR-99 S/B","AVENUE 8",355.00,N,N,A,-,Y,,,99,,,,,,S,Y,2,0,1,1,A,-,08,22107,,N,E,I,A,A,H,-,D,D,0,,,,Y,Y,,G,25,1,0,0,0,0,0,0,0,0,"- ","- ",36.866210000000002,-119.96131,MADERA,UNINCORPORATED,-119.96134833000001,36.866170009999998
90731148,2018,2018-05-22,9450,2018-05-10,0008,019648,,4,3,9,2000,0,3,5,,2,020,"25674 EL VADO DRIVE","RIDGEDALE DRIVE",126.00,N,N,A,-,N,,,,,,,,,,Y,2,0,1,2,A,-,01,23152,A,N,E,I,A,A,H,-,D,D,0,,,,,Y,Y,A,07,1,0,0,0,0,0,0,0,0,"- ","- ",37.016201019287109,-120.07962036132812,MADERA,UNINCORPORATED,-120.07962036132812,37.016204833984375
91198491,2019,2020-02-28,9450,2019-12-08,1151,016764,,7,1,9,2000,0,1,3,,1,043,"STATE ROUTE 41","COUNTY ROAD 208",8448.00,N,N,B,C,Y,,,41,,,,,,,Y,1,1,3,3,A,-,03,22350,,N,A,C,A,B,H,-,A,D,0,,,,,Y,,A,01,0,2,1,0,0,0,0,0,0,"- ","- ",37.060779571533203,-119.76982879638672,MADERA,UNINCORPORATED,-119.76979064941406,37.060760498046875
91273226,2020,2020-07-23,9450,2020-07-15,0615,016938,,3,1,9,2000,0,1,3,,1,013,"SR 152 EASTBOUND","COUNTY ROAD 7",2650.00,E,N,A,-,Y,,,,,,,,,,Y,2,0,1,2,A,-,08,22107,,N,C,C,A,A,H,-,A,D,0,,,,Y,Y,,A,08,1,0,0,0,0,0,0,0,0,"- ","- ",37.081279754638672,-120.41177368164062,MADERA,UNINCORPORATED,,
94537257,2025,2025-01-14,9450,2025-01-06,1630,021280,,1,2,9,2000,0,1,3,,1,041,SR-145,"EL CAMINO RD.",720.00,W,N,A,-,Y,MAD,,145," "," ",15.013,H,,R,Y,2,0,4,5,A,-,03,22350,,N,C,C,A,A,H,-,A,D,0,,,,,Y,,D,22,1,1,2,0,0,0,0,0,0,"- ","- ",36.998451232910156,-119.97939300537109,MADERA,UNINCORPORATED,-119.97939300537109,36.998451232910156
6422553,2014,2015-11-16,2002,2014-03-20,1400,3567,CITY,4,5,4,2002,0,0,0,,0,001,"CLEVELAND AV","RT 145",10.00,N,N,A,-,Y,MAD,6,145,-,-,11.020,I,5,N,N,2,0,1,2,A,-,11,21950,B,N,G,B,B,A,H,-,A,A,0,Y,,,,Y,,N,60,1,0,0,0,1,0,0,0,0,"- ","- ",,,MADERA,MADERA,-120.04306035,36.973525160000001
90810484,2018,2018-09-11,9450,2018-06-28,2041,018676,,4,2,9,2000,0,1,3,,2,014,"STATE ROUTE 233 (ROBERTSON BOULEVARD)","AVENUE 23 1/ 2",902.00,N,N,A,-,Y,,,233,,,,,,,Y,1,2,0,2,A,-,01,23152,A,N,A,C,A,A,H,-,D,D,0,,,,,Y,Y,D,22,0,0,0,0,0,0,0,0,0,"- ","- ",37.09552001953125,-120.28717803955078,MADERA,UNINCORPORATED,-120.28714752197266,37.095493316650391
91207758,2019,2020-03-13,9450,2019-10-22,0945,016938,,2,1,9,2000,0,3,5,,2,030,"AVENUE 7","AVENUE 7 1/2 ( FIREBAUGH BOULEVARD)",0.00,,Y,A,-,N,,,,,,,,,,Y,1,1,1,2,A,-,12,22450,A,N,D,C,A,A,H,-,A,A,0,,,,Y,Y,,A,08,1,0,0,0,0,0,0,0,0,"- ","- ",36.859149932861328,-120.34091186523438,MADERA,UNINCORPORATED,-120.34098815917969,36.859310150146484
94369343,2024,2024-08-26,9450,2024-02-13,1735,021300,,2,2,9,2000,0,3,5,,2,030,"AVENUE 9","COUNTY ROAD 32",205.00,E,N,A,-,N,,,,,,,,,,Y,1,1,1,2,A,-,01,23152,F,N,A,C,A,A,H,-,B,D,0,,,Y,,Y,,C,02,0,1,0,0,0,0,0,1,0,"- ","- ",36.880241394042969,-119.95995330810547,MADERA,UNINCORPORATED,-119.96450805664062,36.880268096923828
6290411,2014,2014-04-25,2002,2014-03-22,1153,00048,,6,5,4,2002,0,0,0,,0,003,"YOSEMITE AV","Q ST",0.00,,Y,A,-,N,,,,,,,,,,Y,1,1,0,2,A,-,09,21801,A,N,D,C,A,A,H,-,A,A,0,,,Y,,Y,,D,22,0,0,0,0,0,0,0,1,0,"- ","- ",,,MADERA,MADERA,-120.07208989999999,36.953500009999999
9746924,2024,2024-11-06,2002,2024-10-16,1109,4738,MSC,3,5,4,2002,0,0,0,,0,003,"GRANADA DR N","RIVERVIEW DR",84.00,S,N,A,-,N,,,,,,,,,,Y,2,0,1,2,A,-,03,22350,,N,C,C,A,A,H,-,A,D,0,,,,,Y,,D,22,1,0,0,0,0,0,0,0,0,"- ","- ",,,MADERA,MADERA,-120.0921630859375,36.966808319091797
90726206,2018,2018-05-25,9456,2018-05-06,1102,018463,,7,1,9,2000,0,1,3,,1,052,SR-41,SR-49,72.80,N,N,A,-,Y,,,41,,,,,,,Y,2,0,3,2,C,-,18,,,N,D,I,A,A,H,-,A,D,0,,,,,Y,,-,"- ",2,1,0,0,0,0,0,0,0,"- ","- ",37.331340789794922,-119.65518188476562,MADERA,UNINCORPORATED,-119.65518951416016,37.331348419189453
91070795,2019,2019-09-09,9450,2019-08-31,1130,016764,,6,1,9,2000,0,1,3,,2,012,"STATE ROUTE 99 SOUTHBOUND","COUNTY ROAD 15",835.00,S,N,A,-,Y,,,99,,,,,,S,Y,2,0,1,1,A,-,08,22107,,N,F,A,A,A,H,-,A,D,0,,,Y,,Y,,C,02,1,0,0,0,0,0,0,0,1,"- ","- ",37.140430450439453,-120.27200317382812,MADERA,UNINCORPORATED,-120.27203369140625,37.140377044677734
91362367,2020,2020-12-09,9450,2020-11-28,1307,020406,,6,1,9,2000,0,1,3,,2,011,"SR-99 SOUTHBOUND","AVENUE 20 1/2",1320.00,S,N,A,-,Y,,,99,,,,,,S,Y,2,0,2,3,A,-,03,22350,,N,C,C,A,A,H,-,A,A,0,,,,,Y,,A,01,2,0,0,0,0,0,0,0,0,"- ","- ",37.040000915527344,-120.15570068359375,MADERA,UNINCORPORATED,-120.15572357177734,37.039958953857422
91730845,2022,2022-03-24,9450,2022-03-15,1035,016938,,2,1,9,2000,0,1,3,,1,037,SR-145,"AVENUE 11",3400.00,S,N,A,-,Y,MAD,,145,,,5.400,H,,R,Y,2,0,7,2,A,-,08,22107,,N,A,C,A,A,H,-,A,D,0,,,,,Y,,A,01,2,3,2,0,0,0,0,0,0,"- ","- ",36.899959564208984,-120.05531311035156,MADERA,UNINCORPORATED,-120.05532073974609,36.899955749511719
6346619,2014,2015-07-20,9450,2014-01-20,1650,016486,,1,2,9,2000,0,3,5,,2,030,"AVENUE 7","GOLDEN STATE BL",27.00,E,N,A,-,N,,,,,,,,,,Y,2,0,5,2,A,-,09,21801,A,N,D,C,A,A,H,-,A,D,0,,,,,Y,,A,01,1,1,3,0,0,0,0,0,0,"- ","- ",36.851529999999997,-119.94913,MADERA,UNINCORPORATED,-119.94893822,36.85132728
6489305,2014,2014-08-01,2002,2014-05-18,1830,3842,,7,5,4,2002,0,0,0,,0,002,"CLEVELAND AV","AUSTIN ST",0.00,,Y,A,-,N,,,,,,,,,,Y,2,0,6,2,A,-,09,21802,A,N,D,C,A,A,H,-,A,A,0,,,,,Y,,D,22,1,5,0,0,0,0,0,0,0,"- ","- ",,,MADERA,MADERA,-120.05966991,36.974520099999999
8372897,2017,2017-05-31,2002,2017-05-01,0058,4398,,1,5,4,2002,0,0,0,,0,002,"RIVERSIDE DR","D ST",119.00,E,N,A,-,N,,,,,,,,,,Y,2,0,1,1,A,-,01,23152,A,N,E,I,A,A,H,-,C,A,0,,,,,Y,Y,A,08,1,0,0,0,0,0,0,0,0,"- ","- ",,,MADERA,MADERA,-120.06281264,36.968660010000001
90273222,2016,2016-10-19,9450,2016-09-02,1725,016341,,5,2,9,2000,0,1,3,,2,011,"SR-99 S/B","AVENUE 18 1/2",1460.00,N,N,A,-,Y,,,99,,,,,,S,Y,1,1,0,2,A,-,07,21658,A,N,B,C,A,A,H,-,A,D,0,,,Y,,Y,,D,22,0,0,0,0,0,0,0,1,0,"- ","- ",37.021540000000002,-120.13221,MADERA,UNINCORPORATED,-120.13220755,37.021542160000003
90450949,2017,2017-05-08,9450,2017-04-29,1326,018075,,6,1,9,2000,0,2,4,,2,044,"COUNTY ROAD 145","COUNTY ROAD 206",7392.00,W,N,A,-,N,,,,,,,,,,Y,2,0,2,2,A,-,08,22107,,N,A,C,A,A,H,-,A,D,0,,,,,Y,,A,01,2,0,0,0,0,0,0,0,0,"- ","- ",37.010739999999998,-119.76166000000001,MADERA,UNINCORPORATED,-119.76075837,37.010532439999999
90625929,2017,2017-12-25,9450,2017-12-21,2059,019159,,4,2,9,2000,0,1,3,,1,041,"SR-145 E/B","COUNTY ROAD 29",3696.00,E,N,A,-,Y,,,,,,,,,,Y,2,0,1,1,A,-,08,22107,,N,E,I,A,A,H,-,D,D,0,,,,,Y,,A,07,1,0,0,0,0,0,0,0,0,"- ","- ",36.991570000000003,-120.00852,MADERA,UNINCORPORATED,-120.00870169,36.991442540000001
91272812,2020,2020-07-22,9450,2020-06-02,0516,018612,,2,3,9,2000,0,3,5,,2,010,"AVENUE 18 1/2","COUNTY ROAD 13",400.00,E,N,A,-,N,,,,,,,,,,Y,1,1,0,2,A,-,01,23152,F,N,C,C,A,A,H,-,B,D,0,,,,,Y,,A,01,0,0,0,0,0,0,0,0,0,"- ","- ",37.018199920654297,-120.30899047851562,MADERA,UNINCORPORATED,-120.30912017822266,37.018211364746094
6659973,2014,2014-11-06,9450,2014-09-01,1935,017868,,1,2,9,2000,0,3,5,,2,020,"COUNTY ROAD 26","ELLIS ST",0.00,,Y,A,-,N,,,,,,,,,,Y,2,0,3,3,A,-,12,21453,A,N,D,C,A,A,H,-,B,D,0,,,,,Y,,D,22,1,1,1,0,0,0,0,0,0,"- ","- ",36.986989999999999,-120.07396,MADERA,UNINCORPORATED,-120.07425988,36.986910100000003
7067478,2015,2015-09-21,9456,2015-07-26,0200,15905,,7,3,9,2000,0,3,5,,2,050,"COUNTY ROAD 200","WEATHERLY WY",1056.00,W,N,A,-,N,,,,,,,,,,Y,2,0,2,1,A,-,01,23152,A,F,E,I,A,A,H,-,D,D,0,,,,,Y,Y,A,01,2,0,0,0,0,0,0,0,0,"- ","- ",37.222499999999997,-119.50960000000001,MADERA,UNINCORPORATED,-119.50944901,37.222668310000003
9699133,2024,2024-06-03,2001,2024-04-08,1229,035,12A,1,5,3,2001,0,0,0,,0,00A,"MONTEREY AV","N 6TH ST",0.00,,Y,A,-,N,,,,,,,,,,N,2,0,1,2,A,-,09,21800,A,N,A,C,A,A,H,-,A,D,0,,,Y,,Y,,A,01,1,0,0,0,0,0,0,0,1,"- ","- ",37.122940063476562,-120.26712799072266,MADERA,CHOWCHILLA,-120.26714324951172,37.122955322265625
90273806,2016,2016-09-22,9456,2016-08-06,1524,018970,,6,2,9,2000,0,1,3,,1,052,SR-41,"COUNTY ROAD 426",0.00,,Y,A,-,Y,,,41,,,,,,,Y,1,1,0,2,A,-,12,21453,A,N,D,C,A,A,H,-,A,A,0,,,Y,,Y,,C,02,0,0,0,0,0,0,0,1,0,"- ","- ",37.332940000000001,-119.65096,MADERA,UNINCORPORATED,-119.65096087000001,37.332942590000002
91056276,2019,2019-08-21,9450,2019-06-14,1847,019105,,5,2,9,2000,0,3,5,,2,030,"COUNTY ROAD 24","AVENUE 7",0.00,,Y,A,-,N,,,,,,,,,,Y,1,1,0,2,A,-,01,23152,A,N,D,C,A,A,H,-,A,A,0,,,,Y,Y,Y,A,01,0,0,0,0,0,0,0,0,0,"- ","- ",36.851398468017578,-120.11032104492188,MADERA,UNINCORPORATED,-120.11019134521484,36.851268768310547
91894224,2022,2022-10-19,9450,2022-10-09,0040,021378,,7,3,9,2000,0,3,5,,2,010,"COUNTY ROAD 23","AVENUE 18",0.00,,Y,A,-,N,,,,,,,,,,Y,2,0,3,2,A,-,01,23152,A,N,D,C,A,A,H,-,D,D,0,,,,,Y,Y,A,07,1,0,2,0,0,0,0,0,0,"- ","- ",37.010971069335938,-120.12869262695312,MADERA,UNINCORPORATED,-120.12873840332031,37.010959625244141
8488940,2017,2017-12-05,2002,2017-10-11,1934,4473,,3,5,4,2002,0,0,0,,0,001,"AVENUE 14 1/2","COUNTY ROAD 28",0.00,,Y,A,-,N,,,,,,,,,,Y,2,0,1,2,A,-,01,23153,A,N,A,C,A,A,H,-,D,D,0,,,,,Y,Y,A,01,1,0,0,0,0,0,0,0,0,"- ","- ",,,MADERA,MADERA,-120.03766989,36.959850090000003
90575407,2017,2017-10-23,9456,2017-10-10,2312,019705,,2,3,9,2000,0,1,3,,1,052,SR-41,"EMPTY CREEK RD",130.00,N,N,A,-,Y,,,41,,,,,,,Y,2,0,1,1,A,-,01,23152,A,N,F,A,A,A,H,-,D,D,0,,,Y,,Y,Y,C,02,1,0,0,0,0,0,0,0,1,"- ","- ",37.361109999999996,-119.64464,MADERA,UNINCORPORATED,-119.64461043,37.361038860000001
90891092,2018,2018-12-27,9450,2018-12-15,0156,018612,,6,3,9,2000,0,1,3,,1,043,SR-41,"COUNTY ROAD 200",2640.00,S,N,A,-,Y,,,41,,,,,,,Y,2,0,1,1,A,-,08,22107,,N,F,A,A,A,H,-,D,D,0,,,Y,,Y,,C,02,1,0,0,0,0,0,0,0,1,"- ","- ",37.109218597412109,-119.74476623535156,MADERA,UNINCORPORATED,-119.74480438232422,37.109226226806641
91211961,2020,2020-03-19,9450,2020-02-07,0320,019385,,5,3,9,2000,0,1,3,,1,041,"STATE ROUTE 145 WESTBOUND","COUNTY ROAD 38",2640.00,W,N,A,-,Y,,,,,,,,,,Y,1,1,0,2,A,-,11,21956,,N,G,B,E,A,H,-,D,D,0,Y,,,,Y,,N,60,0,0,0,1,0,0,0,0,0,"- ","- ",37.010311126708984,-119.86685180664062,MADERA,UNINCORPORATED,-119.86659240722656,37.010288238525391
91243078,2020,2020-05-27,9450,2020-02-29,0240,019105,,6,3,9,2000,0,1,3,,1,041,"STATE ROUTE 145","MPM  145 MAD 23.50",1584.00,E,N,A,-,Y,,,145,,,,,,,Y,1,2,3,2,A,-,01,23152,G,N,A,C,A,A,H,-,D,D,0,,,,,Y,,A,01,2,1,0,0,0,0,0,0,0,"- ","- ",37.010421752929688,-119.82263946533203,MADERA,UNINCORPORATED,-119.82263946533203,37.010414123535156
91540356,2021,2021-08-18,9450,2021-07-31,1841,020882,,6,2,9,2000,0,1,3,,2,031,"STATE ROUTE 99 S/B","AVENUE 7",2640.00,N,N,A,-,Y,,,99,,,,,,S,Y,1,1,0,1,A,-,08,22107,,N,F,A,A,A,H,-,A,D,0,,,,,Y,,A,01,0,0,0,0,0,0,0,0,0,"- ","- ",36.858058929443359,-119.95310211181641,MADERA,UNINCORPORATED,-119.95301818847656,36.858142852783203
6648091,2014,2016-02-10,9450,2014-09-26,1345,014917,,5,1,9,2000,0,1,3,,2,012,"RT 99","COUNTY ROAD 15",2112.00,N,N,A,-,Y,MAD,6,99,-,-,28.570,H,-,S,Y,2,0,1,1,A,-,01,23152,A,N,E,I,A,A,H,-,A,D,1,,,,,Y,Y,A,01,1,0,0,0,0,0,0,0,0,"- ","- ",37.144010000000002,-120.28003,MADERA,UNINCORPORATED,-120.28056712999999,37.144275360000002
90088048,2015,2016-01-05,9456,2015-12-25,1655,017677,,5,2,9,2000,0,2,S,,2,057,"RD. 415","TENAYA TR.",268.00,E,N,A,-,N,,,,,,,,,,Y,2,0,2,1,A,-,08,22107,,N,E,I,A,A,H,-,D,D,0,,,,,Y,,D,22,2,0,0,0,0,0,0,0,0,"- ","- ",37.228529999999999,-119.75748,MADERA,UNINCORPORATED,-119.75753188,37.228612769999998