CASE_ID,ACCIDENT_YEAR,PROC_DATE,JURIS,COLLISION_DATE,COLLISION_TIME,OFFICER_ID,REPORTING_DISTRICT,DAY_OF_WEEK,CHP_SHIFT,POPULATION,CNTY_CITY_LOC,SPECIAL_COND,BEAT_TYPE,CHP_BEAT_TYPE,CITY_DIVISION_LAPD,CHP_BEAT_CLASS,BEAT_NUMBER,PRIMARY_RD,SECONDARY_RD,DISTANCE,DIRECTION,INTERSECTION,WEATHER_1,WEATHER_2,STATE_HWY_IND,CALTRANS_COUNTY,CALTRANS_DISTRICT,STATE_ROUTE,ROUTE_SUFFIX,POSTMILE_PREFIX,POSTMILE,LOCATION_TYPE,RAMP_INTERSECTION,SIDE_OF_HWY,TOW_AWAY,COLLISION_SEVERITY,NUMBER_KILLED,NUMBER_INJURED,PARTY_COUNT,PRIMARY_COLL_FACTOR,PCF_CODE_OF_VIOL,PCF_VIOL_CATEGORY,PCF_VIOLATION,PCF_VIOL_SUBSECTION,HIT_AND_RUN,TYPE_OF_COLLISION,MVIW,PED_ACTION,ROAD_SURFACE,ROAD_COND_1,ROAD_COND_2,LIGHTING,CONTROL_DEVICE,CHP_ROAD_TYPE,PEDESTRIAN_ACCIDENT,BICYCLE_ACCIDENT,MOTORCYCLE_ACCIDENT,TRUCK_ACCIDENT,NOT_PRIVATE_PROPERTY,ALCOHOL_INVOLVED,STWD_VEHTYPE_AT_FAULT,CHP_VEHTYPE_AT_FAULT,COUNT_SEVERE_INJ,COUNT_VISIBLE_INJ,COUNT_COMPLAINT_PAIN,COUNT_PED_KILLED,COUNT_PED_INJURED,COUNT_BICYCLIST_KILLED,COUNT_BICYCLIST_INJURED,COUNT_MC_KILLED,COUNT_MC_INJURED,PRIMARY_RAMP,SECONDARY_RAMP,LATITUDE,LONGITUDE,COUNTY,CITY,POINT_X,POINT_Y
90832142,2018,2018-10-09,9456,2018-07-30,1310,019705,,1,1,9,2000,0,1,3,,2,056,SR-49,"GRIFFIN DR",556.00,S,N,F,-,Y,,,49,,,,,,,Y,1,2,2,2,C,-,18,,,N,A,C,A,A,H,-,A,D,0,,,,,Y,,-,"- ",2,0,0,0,0,0,0,0,0,"- ","- ",37.343551635742188,-119.71060943603516,MADERA,UNINCORPORATED,-119.71058654785156,37.343593597412109
91009696,2019,2019-06-13,9450,2019-06-02,1105,017032,,7,1,9,2000,0,1,3,,2,031,"SR-99 SOUTHBOUND","AVENUE 11 OVERCROSSING",4752.00,S,N,A,-,Y,,,99,,,,,,S,Y,2,0,1,2,A,-,07,21658,A,N,B,C,A,A,H,-,A,D,0,,,Y,,Y,,A,07,1,0,0,0,0,0,0,0,1,"- ","- ",36.899700164794922,-119.99617767333984,MADERA,UNINCORPORATED,-119.99615478515625,36.899726867675781
92185777,2023,2023-10-02,9450,2023-09-21,1422,018551,,4,2,9,2000,0,3,5,,2,030,"AVENUE 7 1/2","ROAD 7 1/2",160.00,E,N,A,-,N,,,,,,,,,,N,2,0,1,1,A,-,01,23152,A,N,E,9,A,A,H,-,A,D,0,,,,,Y,Y,D,22,1,0,0,0,0,0,0,0,0,"- ","- ",36.858371734619141,-120.40837860107422,MADERA,UNINCORPORATED,-120.41725158691406,36.858413696289062
6503589,2014,2014-07-29,9450,2014-05-09,2340,18554,,5,3,9,2000,0,3,5,,2,030,"AVE 6","COUNTY ROAD 25",70.00,W,N,A,-,N,,,,,,,,,,Y,2,0,1,1,A,-,01,23152,A,N,E,I,A,A,H,-,D,D,0,,,,,Y,Y,A,08,1,0,0,0,0,0,0,0,0,"- ","- ",36.836849999999998,-120.09249,MADERA,UNINCORPORATED,-120.09711909000001,36.836770010000002
91135359,2019,2019-12-04,9450,2019-11-25,2340,018612,,1,3,9,2000,0,1,3,,1,013,"SR-152 WESTBOUND","COUNTY ROAD 16",0.00,,Y,A,-,Y,,,152,,,,,,W,Y,2,0,1,2,A,-,01,23152,A,N,D,C,A,A,H,-,C,A,0,,,,,Y,Y,A,01,1,0,0,0,0,0,0,0,0,"- ","- ",37.083889007568359,-120.25684356689453,MADERA,UNINCORPORATED,-120.25684356689453,37.083896636962891
92277800,2024,2024-01-03,9456,2024-01-01,1905,020685,,1,2,4,2002,0,1,3,,2,056,SR-49,"SILVER SPUR TRAIL",78.00,N,N,B,-,Y,MAD,,49," "," ",8.145,H,,R,Y,2,0,3,2,A,-,05,21460,A,N,A,C,A,A,H,-,D,D,0,,,,,Y,,A,01,3,0,0,0,0,0,0,0,0,"- ","- ",37.401840209960938,-119.73332214355469,MADERA,MADERA,-119.73328399658203,37.401840209960938
6905638,2015,2015-05-21,9450,2015-04-13,1350,16938,,1,1,9,2000,0,1,3,,1,037,"RT 145","COTTONWOOD CRK BR",560.00,N,N,A,-,Y,MAD,6,145,-,-,5.510,H,-,S,Y,1,1,0,1,A,-,03,22350,,N,E,I,A,A,H,-,A,D,0,,,,,Y,,A,01,0,0,0,0,0,0,0,0,0,"- ","- ",36.90034,-120.05557,MADERA,UNINCORPORATED,-120.05598816,36.901730190000002
6978498,2015,2015-07-13,9450,2015-06-18,0115,18612,,4,3,9,2000,0,3,5,,2,030,"AVE 7","COUNTY ROAD 28",406.00,W,N,A,-,N,,,,,,,,,,Y,2,0,4,1,A,-,08,22107,,N,E,I,A,A,H,-,D,D,0,,,,,Y,,A,01,2,1,1,0,0,0,0,0,0,"- ","- ",36.851399999999998,-120.03846,MADERA,UNINCORPORATED,-120.03865691,36.851333109999999
91035924,2019,2019-07-23,9450,2019-07-16,0034,019105,,2,3,9,2000,0,3,5,,2,040,"BUSINESS ROUTE 41","AVENUE 11",1886.00,N,N,A,-,N,,,,,,,,,,Y,2,0,2,1,A,-,01,23152,A,F,F,A,A,A,H,-,D,D,0,,,,,Y,Y,A,01,2,0,0,0,0,0,0,0,0,"- ","- ",36.915000915527344,-119.79379272460938,MADERA,UNINCORPORATED,-119.79375457763672,36.915000915527344
91275956,2020,2020-07-28,9456,2020-07-21,1615,019856,,2,2,9,2000,0,1,3,,1,051,"STATE ROUTE 41","COUNTY ROAD 417",445.00,S,N,A,-,Y,,,41,,,,,,,Y,2,0,1,2,A,-,03,22350,,N,C,C,A,A,H,-,A,D,0,,,Y,,Y,,C,02,1,0,0,0,0,0,0,0,1,"- ","- ",37.217510223388672,-119.70790863037109,MADERA,UNINCORPORATED,-119.70791625976562,37.217510223388672
91332486,2020,2020-10-27,9450,2020-04-12,2234,019604,,7,3,9,2000,0,3,5,,2,020,"COUNTY ROAD 26","HALEY WAY",192.00,N,N,A,-,N,,,,,,,,,,N,2,0,1,2,A,-,11,21954,A,F,G,B,D,A,H,-,D,D,0,Y,,,,Y,,N,60,1,0,0,0,1,0,0,0,0,"- ","- ",37.001758575439453,-120.07424926757812,MADERA,UNINCORPORATED,-120.07428741455078,37.001735687255859
91734311,2022,2022-03-28,9456,2022-03-18,2225,021290,,5,3,9,2000,0,1,3,,1,051,SR-41,"MECCA LANE",1979.00,N,N,A,-,Y,MAD,,41,,,22.953,H,,R,Y,2,0,1,1,A,-,01,23152,A,N,E,I,A,A,H,-,D,D,0,,,,,Y,Y,A,07,1,0,0,0,0,0,0,0,0,"- ","- ",37.193820953369141,-119.72138977050781,MADERA,UNINCORPORATED,-119.72157287597656,37.193870544433594
92058097,2022,2023-05-01,9450,2022-08-30,0840,016938,,2,1,9,2000,0,1,3,,2,031,"SR-99 SOUTHBOUND TO AVENUE 12","GREEN COURT",750.00,E,N,A,-,Y,,,,,,,,,,Y,1,1,1,1,A,-,08,22107,,N,E,I,A,A,H,-,A,A,0,,,,,Y,,A,07,0,0,1,0,0,0,0,0,0,"- ","- ",36.923828125,-120.02481079101562,MADERA,UNINCORPORATED,-120.02481079101562,36.923828125
92188216,2023,2023-10-02,9456,2023-09-23,1136,019981,,6,1,9,2000,0,2,4,,1,054,"COUNTY ROAD 274","RD 434",4752.00,W,N,A,-,N,,,,,,,,,,Y,2,0,1,1,A,-,08,22107,,N,E,I,A,A,H,-,A,D,0,,,Y,,Y,,C,02,1,0,0,0,0,0,0,0,1,"- ","- ",37.329460144042969,-119.56826019287109,MADERA,UNINCORPORATED,-119.56721496582031,37.328903198242188
92400528,2024,2024-05-28,9450,2024-05-18,2210,021407,,6,3,9,2000,0,3,5,,2,010,"AVENUE 18 1/2","GOLDEN STATE BLVD",435.00,W,N,A,-,N,,,,,,,,,,Y,2,0,2,1,A,-,01,23152,A,N,E,I,A,A,H,-,D,D,0,,,,,Y,Y,A,07,1,0,1,0,0,0,0,0,0,"- ","- ",37.018421173095703,-120.13596343994141,MADERA,UNINCORPORATED,-120.13603973388672,37.018234252929688
94484706,2024,2024-11-26,9450,2024-11-26,"655 ",020253,,2,1,9,2000,0,3,5,,2,030,"FIREBAUGH BOULEVARD","COUNTY ROAD 16",250.00,S,N,C,-,N,,,,,,,,,,Y,2,0,1,1,A,-,08,22107,,N,E,I,A,B,H,-,A,D,0,,,,,Y,,A,01,1,0,0,0,0,0,0,0,0,"- ","- ",36.923049926757812,-120.25627899169922,MADERA,UNINCORPORATED,-120.25616455078125,36.923137664794922
90200501,2016,2016-06-13,9450,2016-06-01,0120,012114,,3,3,9,2000,0,3,5,,2,040,"AVENUE 9","COUNTY ROAD 35",1320.00,E,N,A,-,N,,,,,,,,,,Y,2,0,2,1,A,-,08,22107,,N,E,I,A,A,H,-,D,D,0,,,,,Y,,A,01,1,1,0,0,0,0,0,0,0,"- ","- ",36.880400000000002,-119.90664,MADERA,UNINCORPORATED,-119.90671949,36.880327659999999
90561344,2017,2017-10-02,9456,2017-09-24,0058,015905,,7,3,9,2000,0,2,4,,1,054,"COUNTY ROAD 274","ROAD 331",141.00,E,N,A,-,N,,,,,,,,,,Y,2,0,1,1,A,-,01,23152,A,N,F,A,A,A,H,-,D,D,0,,,,,Y,Y,A,01,1,0,0,0,0,0,0,0,0,"- ","- ",37.335859999999997,-119.57785,MADERA,UNINCORPORATED,-119.57898234,37.336415449999997
91163174,2019,2020-01-10,9456,2019-12-31,1200,020993,,2,1,9,2000,0,2,4,,1,053,"COUNTY ROAD 200","OUTBACK INDUSTRIAL WAY",4594.00,E,N,A,-,N,,,,,,,,,,Y,2,0,1,1,A,-,08,22107,,N,E,I,A,A,H,-,A,D,0,,,,,Y,,A,01,1,0,0,0,0,0,0,0,0,"- ","- ",37.121448516845703,-119.71614837646484,MADERA,UNINCORPORATED,-119.71617126464844,37.121498107910156
92195482,2023,2023-10-10,9450,2023-10-07,1445,021530,,6,2,9,2000,0,3,5,,2,030,"AVENUE 12","COUNTY ROAD 26",0.00,,Y,A,-,N,,,,,,,,,,Y,2,0,3,2,A,-,09,21802,A,N,D,C,A,A,H,-,A,A,0,,,,,Y,,-,"- ",2,1,0,0,0,0,0,0,0,"- ","- ",36.923858642578125,-120.07421875,MADERA,UNINCORPORATED,-120.07424163818359,36.923831939697266
90200634,2016,2016-06-14,9450,2016-06-05,1335,016486,,7,1,9,2000,0,1,3,,1,043,SR-41,"COUNTY ROAD 406",528.00,N,N,A,-,Y,,,41,,,,,,,Y,2,0,4,3,A,-,01,23152,A,N,B,C,A,A,H,-,A,D,0,,,,,Y,Y,A,01,1,2,1,0,0,0,0,0,0,"- ","- ",37.09686,-119.74974,MADERA,UNINCORPORATED,-119.74976366999999,37.096886310000002
91510354,2021,2021-06-30,9450,2021-02-25,1532,018612,,4,2,9,2000,0,1,3,,1,013,"SR-152 WESTBOUND","COUNTY ROAD 6",0.00,,Y,A,-,Y,,,152,,,,,,W,Y,1,1,1,2,A,-,01,23152,F,F,D,C,A,A,H,-,A,D,0,,,Y,,Y,,C,02,0,0,1,0,0,0,0,1,0,"- ","- ",37.083549499511719,-120.43704986572266,MADERA,UNINCORPORATED,-120.43704986572266,37.083576202392578
91596920,2021,2021-10-14,9450,2021-10-08,2109,021188,,5,2,9,2000,0,3,5,,2,020,"COUNTY ROAD 28 1/2","ELLIS STREET",528.00,S,N,A,-,N,,,,,,,,,,Y,2,0,1,1,A,-,01,23152,A,N,F,A,A,A,H,-,D,A,0,,,,,Y,Y,A,01,1,0,0,0,0,0,0,0,0,"- ","- ",36.985160827636719,-120.02887725830078,MADERA,UNINCORPORATED,-120.0286865234375,36.986598968505859
90755146,2018,2018-06-25,9450,2018-06-16,0110,017868,,6,3,9,2000,0,3,5,,2,020,"SR-99 NORTHBOUND TO AVENUE 17","AVENUE 17",82.00,N,N,A,-,Y,,,,,,,,,,Y,2,0,1,1,A,-,01,23152,A,N,F,A,A,A,H,-,C,A,0,,,,,Y,Y,A,01,1,0,0,0,0,0,0,0,0,"- ","- ",36.9970703125,-120.10153961181641,MADERA,UNINCORPORATED,-120.10230255126953,36.996662139892578
91453154,2021,2021-04-19,9450,2021-04-09,2130,019105,,5,2,9,2000,0,3,5,,2,020,"AVENUE 21 W/B","DEL MAR ROAD",36.00,E,N,A,-,N,,,,,,,,,,Y,2,0,2,2,A,-,01,23152,A,N,C,C,A,A,H,-,D,D,0,,,,,Y,Y,A,01,1,0,1,0,0,0,0,0,0,"- ","- ",36.054061889648438,-120.99571990966797,MADERA,UNINCORPORATED,-119.99566650390625,37.054069519042969
92287641,2024,2024-01-16,9456,2024-01-04,1750,019899,,4,2,9,2000,0,2,4,,1,054,"COUNTY ROAD 274",229A,1056.00,W,N,C,-,N,,,,,,,,,,Y,2,0,2,2,A,-,01,23152,A,N,A,C,A,B,H,-,D,D,0,,,,,Y,Y,A,01,2,0,0,0,0,0,0,0,0,"- ","- ",37.289558410644531,-119.51982879638672,MADERA,UNINCORPORATED,-119.52018737792969,37.290382385253906
94707369,2025,2025-05-30,9456,2025-05-21,1033,017677,,3,1,9,2000,0,1,3,,1,052,"STATE ROUTE 41","COUNTY ROAD 630",2112.00,S,N,A,-,Y,MAD,,41," "," ",43.867,H,,R,Y,2,0,2,2,A,-,08,22107,,N,E,I,A,A,H,-,A,D,0,,,,Y,Y,,G,25,1,1,0,0,0,0,0,0,0,"- ","- ",37.423789978027344,-119.63742065429688,MADERA,UNINCORPORATED,-119.63734436035156,37.423797607421875
9730718,2024,2024-10-10,2002,2024-08-10,2042,4780,MADER,6,5,4,2002,0,0,0,,0,004,"GATEWAY DR S","9TH ST W",76.00,N,N,A,-,N,,,,,,,,,,N,2,0,1,2,A,-,11,21954,A,N,G,B,D,A,H,-,C,A,0,Y,,,,Y,Y,N,60,1,0,0,0,1,0,0,0,0,"- ","- ",,,MADERA,MADERA,-120.05661010742188,36.957450866699219
90700254,2018,2018-04-06,9450,2018-03-30,1023,018075,,5,1,9,2000,0,2,4,,2,045,"AVENUE 12","COUNTY ROAD 37 3/4",450.00,W,N,A,-,N,,,,,,,,,,Y,2,0,1,2,A,-,09,21801,A,N,D,C,A,A,H,-,A,D,0,,,Y,,Y,,A,01,1,0,0,0,0,0,0,0,1,"- ","- ",36.922878265380859,-119.86425018310547,MADERA,UNINCORPORATED,-119.86403656005859,36.923053741455078
91046556,2019,2019-08-06,9450,2019-07-30,1055,016764,,2,1,9,2000,0,3,5,,2,020,"SANTA FE DRIVE","AVENUE 26",0.00,,Y,A,-,N,,,,,,,,,,Y,2,0,1,2,A,-,12,22450,A,N,D,A,A,A,H,-,A,A,0,,,,,Y,,A,07,1,0,0,0,0,0,0,0,0,"- ","- ",37.126731872558594,-120.15070343017578,MADERA,UNINCORPORATED,-120.15106964111328,37.127048492431641
92291839,2023,2024-01-19,9450,2023-10-27,2005,021378,,5,2,9,2000,0,1,3,,2,012,"STATE ROUTE 99 NORTHBOUND","CALIFA RAILROAD OVERCROSSING",452.00,S,N,A,-,Y,MAD,,99," "," ",22.979,H,,R,Y,1,2,3,1,A,-,01,23152,G,N,E,I,A,A,H,-,C,D,0,,,,,Y,Y,A,01,1,2,0,0,0,0,0,0,0,"- ","- ",37.087310791015625,-120.21235656738281,MADERA,UNINCORPORATED,-120.21240997314453,37.087295532226562
92343881,2024,2024-03-21,9450,2024-03-19,1640,019070,,2,2,9,2000,0,3,5,,2,020,"DALEY ROAD","HONDA ROAD",0.00,,Y,A,-,N,,,,,,,,,,Y,2,0,2,2,A,-,09,21802,A,N,D,C,A,A,H,-,A,A,0,,,Y,,Y,Y,A,01,1,0,1,0,0,0,0,0,1,"- ","- ",37.008220672607422,-120.07675170898438,MADERA,UNINCORPORATED,-120.07673645019531,37.008197784423828
6836401,2015,2016-09-15,9450,2015-01-28,1514,014917,,3,2,9,2000,0,1,3,,2,031,"RT 99","AVENUE 13",3696.00,N,N,A,-,Y,MAD,6,99,-,-,9.420,H,-,S,Y,2,0,1,3,A,-,07,21658,A,F,E,I,A,A,H,-,A,D,1,,,,Y,Y,,G,25,1,0,0,0,0,0,0,0,0,"- ","- ",36.945210000000003,-120.04353,MADERA,UNINCORPORATED,-120.04704851,36.948044799999998
9320297,2021,2022-01-18,2002,2021-12-18,1801,4467,,6,5,4,2002,0,0,0,,0,001,"C ST S","12TH ST",160.00,N,N,A,-,N,,,,,,,,,,N,1,1,0,3,A,-,08,22107,,F,G,B,E,A,H,-,C,D,0,Y,,,,Y,Y,A,01,0,0,0,1,0,0,0,0,0,"- ","- ",,,MADERA,MADERA,-120.05046844482422,36.956638336181641
90794063,2018,2018-09-19,9450,2018-08-11,1018,018361,,6,1,9,2000,0,3,5,,2,040,"COUNTY ROAD 35","AVENUE 13 1/2",1056.00,N,N,A,-,N,,,,,,,,,,Y,2,0,2,2,A,-,09,21801,A,N,D,C,A,A,H,-,A,D,0,,,,,Y,,A,08,1,1,0,0,0,0,0,0,0,"- ","- ",36.948028564453125,-119.91208648681641,MADERA,UNINCORPORATED,-119.91212463378906,36.947700500488281
91207538,2020,2020-03-13,9450,2020-03-07,0106,019604,,6,3,9,2000,0,3,5,,2,010,"CHOWCHILLA BLVD","COUNTY ROAD 15",1056.00,S,N,A,-,N,,,,,,,,,,Y,2,0,1,2,A,-,11,21954,A,N,G,B,E,A,H,-,D,D,0,Y,,,,Y,Y,N,60,1,0,0,0,1,0,0,0,0,"- ","- ",37.137611389160156,-120.27255249023438,MADERA,UNINCORPORATED,-120.27188873291016,37.137340545654297
92043418,2022,2023-04-12,9450,2022-05-23,0445,021300,,1,3,9,2000,0,3,5,,2,020,"RAYMOND ROAD","COUNTY ROAD 28",300.00,S,N,A,-,N,,,,,,,,,,N,1,1,0,2,A,-,08,22107,,F,C,G,A,A,H,-,D,D,0,,Y,,,Y,,-,99,0,0,0,0,0,1,0,0,0,"- ","- ",36.981029510498047,-120.03904724121094,MADERA,UNINCORPORATED,-120.03890991210938,36.981014251708984
90687823,2018,2018-03-22,9450,2018-03-13,0300,015905,,2,3,9,2000,0,3,5,,2,020,"AVENUE 28","SANTA FE DRIVE",6336.00,E,N,B,-,N,,,,,,,,,,Y,2,0,1,1,A,-,03,22350,,N,E,I,A,A,H,-,D,D,0,,,,,Y,,A,07,1,0,0,0,0,0,0,0,0,"- ","- ",37.156009674072266,-120.14707183837891,MADERA,UNINCORPORATED,-120.15219116210938,37.156021118164062
90769909,2018,2018-07-16,9450,2018-07-07,0323,020253,,6,3,9,2000,0,3,5,,2,030,"S/B ROAD 28","AVENUE 9",284.00,N,N,A,-,N,,,,,,,,,,N,2,0,1,2,A,-,11,21954,A,F,G,B,E,A,H,-,D,D,0,Y,,,,Y,,N,60,1,0,0,0,1,0,0,0,0,"- ","- ",36.881908416748047,-120.03755187988281,MADERA,UNINCORPORATED,-120.03746795654297,36.881912231445312
91916870,2022,2022-11-14,9450,2022-11-04,1140,018075,,5,1,9,2000,0,1,3,,1,043,"STATE ROUTE 41","COUNTY ROAD 406",5129.00,S,N,A,-,Y,MAD,,41,,,14.597,H,,R,N,2,0,2,2,A,-,08,22107,,N,A,C,A,A,H,-,A,D,0,,,,,Y,,D,22,1,0,1,0,0,0,0,0,0,"- ","- ",37.081321716308594,-119.75782775878906,MADERA,UNINCORPORATED,-119.75785827636719,37.081329345703125
94648855,2025,2025-04-14,9450,2025-03-28,1948,021407,,5,2,9,2000,0,3,5,,2,020,"COUNTY ROAD 19","AVENUE 24 1/2",257.00,S,N,A,-,N,,,,,,,,,,Y,2,0,1,1,A,-,01,23152,A,N,E,I,A,A,H,-,D,D,0,,,,,Y,Y,A,01,1,0,0,0,0,0,0,0,0,"- ","- ",37.104988098144531,-120.20189666748047,MADERA,UNINCORPORATED,-120.20217895507812,37.104774475097656
91632157,2021,2021-11-23,9450,2021-11-17,2019,021270,,3,2,9,2000,0,3,5,,2,040,"AVENUE 9","COUNTY ROAD 39",2112.00,W,N,A,-,N,,,,,,,,,,Y,2,0,2,3,A,-,03,22350,,N,C,C,A,A,G,-,D,D,0,,,,,Y,,D,22,1,0,1,0,0,0,0,0,0,"- ","- ",36.880538940429688,-119.84529113769531,MADERA,UNINCORPORATED,-119.84635925292969,36.88043212890625
91969019,2023,2023-01-16,9456,2023-01-03,1551,019981,,2,2,9,2000,0,2,4,,1,054,"COUNTY ROAD 274","CENTRAL CAMP",528.00,S,N,A,-,N,,,,,,,,,,N,2,0,1,2,A,-,05,21460,A,N,B,C,A,A,H,-,A,D,0,,,,,Y,,D,22,1,0,0,0,0,0,0,0,0,"- ","- ",37.286769866943359,-119.51889801025391,MADERA,UNINCORPORATED,-119.51876831054688,37.286628723144531
94386976,2024,2024-09-09,9456,2024-09-02,2332,021854,,1,3,9,2000,0,1,3,,1,051,"SR-41 S/B","COUNTY ROAD 417",1056.00,N,N,A,-,Y,MAD,,41," "," ",25.184,H,,L,Y,2,0,1,1,A,-,08,22107,,N,E,I,A,A,H,-,D,D,0,,,,,Y,,A,07,1,0,0,0,0,0,0,0,0,"- ","- ",37.222038269042969,-119.70765686035156,MADERA,UNINCORPORATED,-119.70761871337891,37.222038269042969
92231385,2023,2023-11-08,9450,2023-11-04,1228,021188,,6,1,9,2000,0,3,5,,2,020,"COUNTY ROAD 26","HALEY WAY",0.00,,Y,A,-,N,,,,,,,,,,Y,2,0,3,2,A,-,09,21801,A,N,D,C,A,A,H,-,A,A,0,,,,,Y,,D,22,1,2,0,0,0,0,0,0,0,"- ","- ",37.001220703125,-120.07427978515625,MADERA,UNINCORPORATED,-120.07427978515625,37.001213073730469
90032890,2015,2015-10-19,9456,2015-09-05,1220,018999,,6,1,9,2000,0,3,5,,2,050,"COUNTY ROAD 415","COUNTY ROAD 416",1056.00,N,N,A,-,N,,,,,,,,,,Y,1,1,0,1,A,-,08,22107,,N,E,I,A,A,H,-,A,D,0,,,,,Y,,A,07,0,0,0,0,0,0,0,0,0,"- ","- ",37.234360000000002,-119.74226,MADERA,UNINCORPORATED,-119.7422272,37.234360289999998
91470505,2021,2021-05-11,9450,2021-05-09,1139,016950,,7,1,9,2000,0,2,4,,2,045,"AVENUE 12","COUNTY ROAD 38",1040.00,E,N,A,-,N,,,,,,,,,,Y,2,0,2,1,A,-,01,23152,F,N,E,I,A,A,H,-,A,D,0,,,,,Y,,A,01,1,0,1,0,0,0,0,0,0,"- ","- ",36.922950744628906,-119.83296966552734,MADERA,UNINCORPORATED,-119.85437774658203,36.923049926757812
91520261,2021,2021-10-05,9450,2021-07-06,0525,020759,,2,3,9,2000,0,2,4,,2,045,"AVENUE 12","LODGE ROAD",0.00,,Y,A,-,N,,,,,,,,,,Y,2,0,2,2,A,-,03,22350,,N,C,C,A,A,H,-,A,D,0,,,,,Y,,A,07,1,1,0,0,0,0,0,0,0,"- ","- ",36.923259735107422,-119.80296325683594,MADERA,UNINCORPORATED,-119.80301666259766,36.923221588134766
91785355,2022,2022-05-31,9450,2022-05-30,1310,017827,,1,1,9,2000,0,1,3,,1,013,SR-152,"COUNTY ROAD 4",0.00,,Y,A,-,Y,MAD,,152,,,1.072,H,,R,N,2,0,4,2,A,-,01,23152,A,F,D,C,A,A,H,-,A,A,0,,,,,Y,,A,01,2,0,2,0,0,0,0,0,0,"- ","- ",37.083518981933594,-120.47341156005859,MADERA,UNINCORPORATED,-120.47341156005859,37.083530426025391
8136573,2016,2016-10-07,2002,2016-09-10,0146,4024,MSC,6,5,4,2002,0,0,0,,0,004,"SCHNOOR AV S","ALMOND AV W",20.00,S,N,A,-,N,,,,,,,,,,Y,2,0,1,1,A,-,03,22350,,N,F,I,A,A,H,-,D,A,0,,,,,Y,Y,A,01,1,0,0,0,0,0,0,0,0,"- ","- ",,,MADERA,MADERA,-120.08311,36.945570000000004
90643136,2018,2018-01-18,9456,2018-01-07,0028,021024,,7,3,9,2000,0,3,5,,2,050,"COUNTY ROAD 600","INDIAN ROCK RD",1703.00,N,N,A,-,N,,,,,,,,,,Y,2,0,2,1,A,-,01,23152,A,N,E,I,A,A,H,-,D,D,0,,,,,Y,Y,D,22,2,0,0,0,0,0,0,0,0,"- ","- ",37.353111267089844,-119.73198699951172,MADERA,UNINCORPORATED,-119.74027252197266,37.3509521484375
90743342,2018,2018-06-07,9450,2018-05-31,2125,020253,,4,2,9,2000,0,1,3,,2,012,"STATE ROUTE 99 S/B","COUNTY ROAD 15",3168.00,N,N,A,-,Y,,,99,,,,,,S,Y,2,0,1,2,A,-,01,23152,A,N,C,C,A,A,H,-,D,D,0,,,,,Y,Y,A,07,1,0,0,0,0,0,0,0,0,"- ","- ",37.144321441650391,-120.28060913085938,MADERA,UNINCORPORATED,-120.28061676025391,37.144309997558594
91442163,2020,2021-04-02,9456,2020-12-17,0839,020635,,4,1,9,2000,0,2,4,,1,053,"COUNTY ROAD 200","53488 ROAD 200",7920.00,W,N,C,-,N,,,,,,,,,,Y,1,1,1,1,A,-,08,22107,,N,E,I,A,B,H,-,A,D,0,,,,,Y,,A,07,1,0,0,0,0,0,0,0,0,"- ","- ",37.194149017333984,-119.59680938720703,MADERA,UNINCORPORATED,,
92291833,2023,2024-01-19,9450,2023-08-25,2145,021378,,5,2,9,2000,0,3,5,,2,020,"AVENUE 17","CRESCENT DRIVE",130.00,E,N,A,-,N,,,,,,,,,,Y,1,2,0,5,A,-,01,23152,A,N,G,1,E,A,H,-,C,D,0,Y,,,,Y,Y,A,01,0,0,0,1,0,0,0,0,0,"- ","- ",36.996299743652344,-120.08162689208984,MADERA,UNINCORPORATED,-120.08167266845703,36.996383666992188
6804024,2015,2015-03-04,9450,2015-01-19,2304,017868,,1,3,9,2000,0,3,5,,2,020,"COUNTY ROAD 27","AVENUE 17",2112.00,N,N,A,-,N,,,,,,,,,,Y,2,0,1,1,A,-,01,23152,A,N,E,I,A,A,H,-,D,D,0,,,,,Y,Y,D,22,1,0,0,0,0,0,0,0,0,"- ","- ",36.995190000000001,-120.05622,MADERA,UNINCORPORATED,-120.05619238,37.002068020000003
6854375,2014,2015-04-21,9450,2014-11-11,2500,17475,,2,4,9,2000,0,3,5,,2,030,"AV 6","COUNTY ROAD 18 3/4",5808.00,W,N,A,-,N,,,,,,,,,,N,1,1,0,2,A,-,11,21956,A,F,G,B,E,A,H,-,D,D,0,Y,,,,Y,Y,N,60,0,0,0,1,0,0,0,0,0,"- ","- ",36.836660000000002,-120.23077000000001,MADERA,UNINCORPORATED,-120.23119844,36.836556739999999
7010862,2015,2015-08-17,2002,2015-06-28,0224,4262,MADER,7,5,4,2002,0,0,0,,0,001,"GOLDEN STATE BL S","AVE 13",1526.00,N,N,A,-,N,,,,,,,,,,Y,2,0,1,1,A,-,08,22107,,N,E,J,A,A,H,-,D,D,0,,,,,Y,Y,A,01,1,0,0,0,0,0,0,0,0,"- ","- ",,,MADERA,MADERA,-120.04018478,36.941754840000002