CASE_ID,ACCIDENT_YEAR,PROC_DATE,JURIS,COLLISION_DATE,COLLISION_TIME,OFFICER_ID,REPORTING_DISTRICT,DAY_OF_WEEK,CHP_SHIFT,POPULATION,CNTY_CITY_LOC,SPECIAL_COND,BEAT_TYPE,CHP_BEAT_TYPE,CITY_DIVISION_LAPD,CHP_BEAT_CLASS,BEAT_NUMBER,PRIMARY_RD,SECONDARY_RD,DISTANCE,DIRECTION,INTERSECTION,WEATHER_1,WEATHER_2,STATE_HWY_IND,CALTRANS_COUNTY,CALTRANS_DISTRICT,STATE_ROUTE,ROUTE_SUFFIX,POSTMILE_PREFIX,POSTMILE,LOCATION_TYPE,RAMP_INTERSECTION,SIDE_OF_HWY,TOW_AWAY,COLLISION_SEVERITY,NUMBER_KILLED,NUMBER_INJURED,PARTY_COUNT,PRIMARY_COLL_FACTOR,PCF_CODE_OF_VIOL,PCF_VIOL_CATEGORY,PCF_VIOLATION,PCF_VIOL_SUBSECTION,HIT_AND_RUN,TYPE_OF_COLLISION,MVIW,PED_ACTION,ROAD_SURFACE,ROAD_COND_1,ROAD_COND_2,LIGHTING,CONTROL_DEVICE,CHP_ROAD_TYPE,PEDESTRIAN_ACCIDENT,BICYCLE_ACCIDENT,MOTORCYCLE_ACCIDENT,TRUCK_ACCIDENT,NOT_PRIVATE_PROPERTY,ALCOHOL_INVOLVED,STWD_VEHTYPE_AT_FAULT,CHP_VEHTYPE_AT_FAULT,COUNT_SEVERE_INJ,COUNT_VISIBLE_INJ,COUNT_COMPLAINT_PAIN,COUNT_PED_KILLED,COUNT_PED_INJURED,COUNT_BICYCLIST_KILLED,COUNT_BICYCLIST_INJURED,COUNT_MC_KILLED,COUNT_MC_INJURED,PRIMARY_RAMP,SECONDARY_RAMP,LATITUDE,LONGITUDE,COUNTY,CITY,POINT_X,POINT_Y
8328373,2017,2017-04-06,2002,2017-03-12,2102,4398,MSC,7,5,4,2002,0,0,0,,0,001,"A ST S","6TH ST E",0.00,,Y,A,-,N,,,,,,,,,,Y,2,0,4,3,A,-,12,22450,,F,D,C,A,A,H,-,C,A,0,,,,,Y,,A,01,1,1,2,0,0,0,0,0,0,"- ","- ",,,MADERA,MADERA,-120.05432994,36.963820009999999
90193163,2016,2016-06-17,9456,2016-05-20,2152,019070,,5,2,9,2000,0,1,3,,1,051,"STATE ROUTE 41","COUNTY ROAD 200",1584.00,N,N,A,-,Y,,,41,,,,,,,Y,1,1,4,2,A,-,01,23152,A,N,C,C,A,A,H,-,D,D,0,,,,,Y,Y,A,01,2,2,0,0,0,0,0,0,0,"- ","- ",37.12818,-119.73577,MADERA,UNINCORPORATED,-119.73584633999999,37.128203370000001
6508669,2014,2014-08-05,2002,2014-05-13,2108,4224,,2,5,4,2002,0,0,0,,0,C03,"AVENUE 13","GRANADA DR",107.00,W,N,A,-,N,,,,,,,,,,Y,2,0,1,1,A,-,01,23152,A,F,E,I,A,A,H,-,D,D,0,,,,,Y,Y,-,,1,0,0,0,0,0,0,0,0,"- ","- ",,,MADERA,MADERA,-120.09170294,36.938384509999999
90080520,2015,2015-12-22,9456,2015-12-11,2342,015735,,5,3,9,2000,0,3,5,,2,050,"COUNTY ROAD 426","COUNTY ROAD 425B",366.00,W,N,A,-,N,,,,,,,,,,Y,2,0,2,1,A,-,01,23152,F,N,E,I,A,A,H,-,D,D,0,,,,,Y,Y,A,01,2,0,0,0,0,0,0,0,0,"- ","- ",37.328859999999999,-119.64960000000001,MADERA,UNINCORPORATED,-119.64982384,37.329018249999997
91531573,2021,2021-11-01,9456,2021-07-24,1300,018923,,6,1,9,2000,0,3,5,,2,050,"COUNTY ROAD 222","CIATANA CREEK ROAD",500.00,S,N,A,-,N,,,,,,,,,,N,2,0,2,2,A,-,03,22350,,N,F,A,A,A,H,-,A,D,0,,,Y,,Y,,-,"- ",1,0,1,0,0,0,0,0,2,"- ","- ",37.184688568115234,-119.50763702392578,MADERA,UNINCORPORATED,-119.50752258300781,37.184654235839844
94624449,2025,2025-03-24,9456,2025-03-22,1335,020635,,6,1,9,2000,0,3,5,,2,050,"COUNTY ROAD 222","PETTITT ROAD",1250.00,E,N,B,-,N,,,,,,,,,,Y,2,0,1,1,A,-,08,22107,,N,E,I,A,A,H,-,A,D,0,,,Y,,Y,,C,02,1,0,0,0,0,0,0,0,1,"- ","- ",37.350429534912109,-119.60060882568359,MADERA,UNINCORPORATED,-119.60060119628906,37.350475311279297
6833789,2015,2015-03-12,2002,2015-02-14,2059,4262,MADER,6,5,4,2002,0,0,0,,0,003,"HOWARD RD","AMERINE AV",6.00,E,N,A,-,N,,,,,,,,,,N,2,0,2,3,A,-,10,21950,A,N,G,B,B,A,H,-,C,D,0,Y,,,,Y,,A,01,1,1,0,0,2,0,0,0,0,"- ","- ",,,MADERA,MADERA,-120.08096947999999,36.952710330000002
7005585,2015,2017-01-14,9450,2015-07-01,1520,015256,,3,2,9,2000,0,1,3,,1,013,"RT 152","COUNTY ROAD 17 1/2",0.00,,Y,B,-,Y,MAD,6,152,-,-,14.553,I,5,W,N,2,0,2,2,A,-,09,21802,A,N,D,C,A,A,H,-,A,D,5,,,,,Y,,D,22,1,1,0,0,0,0,0,0,0,"- ","- ",37.083970000000001,-120.22944,MADERA,UNINCORPORATED,-120.22949675,37.083969039999999
91002998,2019,2019-06-26,9450,2019-05-24,1547,019159,,5,2,9,2000,0,1,3,,2,011,"STATE ROUTE 99 S/B","AVENUE 20 1/2",2112.00,N,N,B,-,Y,,,99,,,,,,S,Y,2,0,2,2,A,-,03,22350,,N,C,C,A,A,H,-,A,A,0,,,,Y,Y,,D,22,1,1,0,0,0,0,0,0,0,"- ","- ",37.047351837158203,-120.16355895996094,MADERA,UNINCORPORATED,-120.16352844238281,37.047386169433594
91663507,2021,2021-12-28,9450,2021-08-10,1718,021188,,2,2,4,2002,0,1,3,,2,011,"SR-99 S/B (GOLDEN STATE HIGHWAY)","CLEVELAND AVENUE",140.00,N,N,A,-,Y,,,99,,,,,,S,Y,1,1,0,2,A,-,01,23152,F,N,C,C,A,A,D,-,A,D,0,,,,Y,Y,,A,07,0,0,0,0,0,0,0,0,0,"- ","- ",36.975128173828125,-120.07714080810547,MADERA,MADERA,-120.07713317871094,36.975139617919922
91849173,2022,2022-08-25,9450,2022-03-14,1230,017032,,1,1,9,2000,0,1,3,,1,043,"SR-41 SOUTHBOUND","COUNTY ROAD 406",2640.00,N,N,A,-,Y,MAD,,41,,,16.103,H,,L,Y,1,1,0,2,A,-,01,23152,G,N,E,8,A,A,H,-,A,D,0,,,,,Y,Y,D,22,0,0,0,0,0,0,0,0,0,"- ","- ",37.100688934326172,-119.74684143066406,MADERA,UNINCORPORATED,-119.74680328369141,37.100677490234375
8592183,2018,2018-04-19,2002,2018-03-17,2022,4462,MADER,6,5,4,2002,0,0,0,,0,004,"HICKORY AV","CHESTNUT AV",122.00,S,N,A,-,N,,,,,,,,,,N,2,0,1,2,A,-,11,21954,A,N,G,B,D,A,H,-,C,D,0,Y,,,,Y,Y,N,60,1,0,0,0,1,0,0,0,0,"- ","- ",,,MADERA,MADERA,-120.05004119873047,36.938735961914062
90742727,2018,2018-06-06,9456,2018-06-01,0302,019705,,5,3,9,2000,0,1,3,,1,051,SR-41,"COYOTE HOLLOW LN",150.00,N,N,A,-,Y,,,41,,,,,,,Y,2,0,1,1,A,-,01,23152,G,F,E,I,A,A,H,-,D,D,0,,,,,Y,Y,A,07,1,0,0,0,0,0,0,0,0,"- ","- ",37.240959167480469,-119.70762634277344,MADERA,UNINCORPORATED,-119.70755004882812,37.240959167480469
92267535,2023,2023-12-20,9450,2023-12-13,1345,021130,,3,1,9,2000,0,3,5,,2,010,SR-152,"COUNTY ROAD 16",0.00,,Y,A,-,Y,MAD,,152," "," ",13.041,H,,R,Y,2,0,1,2,A,-,09,21802,A,N,D,C,A,A,H,-,A,A,0,,,,Y,Y,,A,01,1,0,0,0,0,0,0,0,0,"- ","- ",37.083930969238281,-120.25684356689453,MADERA,UNINCORPORATED,-120.2568359375,37.083759307861328
90884575,2018,2018-12-17,9450,2018-09-20,1756,018823,,4,2,9,2000,0,3,5,,2,040,"AVENUE 9","COUNTY ROAD 40",1056.00,E,N,A,-,N,,,,,,,,,,Y,1,3,1,2,A,-,01,23152,A,N,A,C,A,A,H,-,A,D,0,,,,,Y,Y,A,01,1,0,0,0,0,0,0,0,0,"- ","- ",36.880001068115234,-119.81739807128906,MADERA,UNINCORPORATED,-119.81782531738281,36.880115509033203
91017405,2019,2019-06-25,9450,2019-05-27,1350,018676,,1,1,9,2000,0,1,3,,1,013,"STATE ROUTE 152 WESTBOUND","COUNTY ROAD 13",0.00,,Y,A,-,Y,,,152,,,,,,W,Y,1,1,5,2,A,-,09,21801,A,N,D,C,A,A,H,-,A,D,0,,,,,Y,,A,01,0,5,0,0,0,0,0,0,0,"- ","- ",37.083461761474609,-120.31078338623047,MADERA,UNINCORPORATED,-120.31077575683594,37.083587646484375
91117042,2019,2019-11-11,9456,2019-11-01,1450,020944,,5,2,9,2000,0,1,3,,1,051,SR-41,"MECCA LN",1200.00,N,N,A,-,Y,,,41,,,,,,,Y,2,0,3,4,A,-,17,23114,A,N,E,J,A,A,H,-,A,D,0,,,Y,,Y,,E,22,1,1,1,0,0,0,0,0,3,"- ","- ",37.192100524902344,-119.72290802001953,MADERA,UNINCORPORATED,-119.72289276123047,37.19207763671875
90032541,2015,2015-10-29,9456,2015-10-08,0335,018970,,4,3,9,2000,0,3,5,,2,050,"COUNTY ROAD 632","COUNTRY CLUB DR",4.00,W,N,A,-,N,,,,,,,,,,Y,2,0,2,1,A,-,08,22107,,N,E,I,A,A,H,-,D,D,0,,,,,Y,Y,D,22,1,0,1,0,0,0,0,0,0,"- ","- ",37.374879999999997,-119.61135,MADERA,UNINCORPORATED,-119.61118334,37.37484267
90817411,2018,2018-09-20,9450,2018-07-29,0252,019159,,7,3,9,2000,0,1,3,,2,031,"STATE ROUTE 99 SOUTHBOUND","AVENUE 11",5808.00,S,N,A,-,Y,,,99,,,,,,S,Y,1,3,3,2,A,-,01,23152,A,N,A,C,A,A,H,-,D,D,0,,,,,Y,Y,A,01,3,0,0,0,0,0,0,0,0,"- ","- ",36.897651672363281,-119.99395751953125,MADERA,UNINCORPORATED,-119.99398040771484,36.897632598876953
91324030,2020,2021-02-02,9456,2020-10-04,1952,020944,,7,2,9,2000,0,1,3,,1,051,SR-41,"MECCA LANE",2640.00,S,N,A,-,Y,,,41,,,,,,,Y,2,0,1,2,A,-,08,22107,,N,E,I,A,A,H,-,C,D,0,,,,,Y,,A,08,1,0,0,0,0,0,0,0,0,"- ","- ",37.182861328125,-119.72872161865234,MADERA,UNINCORPORATED,-119.72866821289062,37.182853698730469
91444517,2021,2021-04-06,9450,2021-03-31,0510,020253,,3,3,9,2000,0,1,3,,1,013,"STATE ROUTE 152 E/B","COUNTY ROAD 16",180.00,W,N,A,-,Y,,,152,,,,,,E,Y,2,0,3,3,A,-,03,22350,,N,A,C,A,A,H,-,C,D,0,,,,,Y,,A,01,1,2,0,0,0,0,0,0,0,"- ","- ",37.083770751953125,-120.25747680664062,MADERA,UNINCORPORATED,-120.25747680664062,37.083751678466797
6875641,2015,2015-04-13,2002,2015-03-14,1910,3567,CITY,6,5,4,2002,0,0,0,,0,003,"GATEWAY DR","CLEVELAND AV",0.00,,Y,A,-,N,,,,,,,,,,Y,2,0,1,2,A,-,09,21801,A,F,A,C,A,A,H,-,B,A,0,,,,,Y,Y,-,,1,0,0,0,0,0,0,0,0,"- ","- ",,,MADERA,MADERA,-120.07466986,36.974860079999999
90879175,2018,2018-12-10,9450,2018-09-07,1040,018075,,5,1,9,2000,0,1,3,,1,041,"STATE ROUTE 145 SOUTHBOUND","STATE ROUTE 41",8448.00,S,N,A,-,Y,,,145,,,,,,S,Y,1,2,3,2,A,-,01,23152,F,N,A,C,A,A,H,-,A,D,0,,,,,Y,,A,01,3,0,0,0,0,0,0,0,0,"- ","- ",37.010448455810547,-119.82299041748047,MADERA,UNINCORPORATED,-119.82299041748047,37.010414123535156
91286343,2020,2020-08-14,9450,2020-08-05,2215,018075,,3,3,9,2000,0,1,3,,2,011,"STATE ROUTE 99 (S/B)","AVENUE 17 O/C",2640.00,N,N,A,-,Y,,,99,,,,,,,Y,2,0,1,2,A,-,01,23152,A,N,B,C,A,A,H,-,D,D,0,,,,,Y,Y,A,07,1,0,0,0,0,0,0,0,0,"- ","- ",37.001941680908203,-120.10755157470703,MADERA,UNINCORPORATED,-120.10755920410156,37.001934051513672
92176358,2023,2023-09-21,9456,2023-09-13,1430,018970,,3,2,9,2000,0,1,3,,1,052,SR-41,"COUNTY ROAD 426",0.00,,Y,A,-,Y,MAD,,41," "," ",35.765,H,,R,Y,2,0,1,1,A,-,03,22350,,N,F,A,A,A,H,-,A,A,0,,,Y,,Y,,C,02,1,0,0,0,0,0,0,0,1,"- ","- ",37.333030700683594,-119.65088653564453,MADERA,UNINCORPORATED,-119.65086364746094,37.332977294921875
6426138,2014,2014-06-27,9450,2014-03-03,0822,18075,,1,1,9,2000,0,3,5,,2,040,"COUNTY ROAD 145","COUNTY ROAD 206",1584.00,N,N,A,-,N,,,,,,,,,,Y,2,0,1,1,A,-,08,22107,,N,E,J,A,A,H,-,A,D,0,,,,,Y,,A,01,1,0,0,0,0,0,0,0,0,"- ","- ",37.012970000000003,-119.73130999999999,MADERA,UNINCORPORATED,-119.73115269,37.013072459999997
90535098,2017,2017-08-28,9450,2017-08-23,2123,012114,,3,2,9,2000,0,3,5,,2,030,"COUNTY ROAD 29","AVENUE 14?",640.00,S,N,A,-,N,,,,,,,,,,Y,2,0,1,1,A,-,08,22107,,N,E,I,A,A,H,-,D,D,0,,,,,Y,,A,01,1,0,0,0,0,0,0,0,0,"- ","- ",36.958150000000003,-120.01962,MADERA,UNINCORPORATED,-120.01953899999999,36.958148889999997
92172973,2022,2023-09-18,9450,2022-08-14,0140,021202,,7,3,4,2002,0,1,3,,2,011,"STATE ROUTE 99, S/B","ELLIS STREET",475.00,N,N,A,-,Y,MAD,,99,,,13.173,H,,L,Y,1,1,0,2,A,-,08,22107,,F,C,C,A,A,H,-,C,D,0,,,,,Y,Y,A,01,0,0,0,0,0,0,0,0,0,"- ","- ",36.986129760742188,-120.08872985839844,MADERA,MADERA,-120.08871459960938,36.98614501953125
92356237,2024,2024-04-04,9450,2024-03-31,1238,019105,,7,1,9,2000,0,1,3,,2,011,"SR-99 (N/B)","AVENUE 16",150.00,S,N,A,-,Y,MAD,,99," "," ",12.723,H,,R,N,2,0,1,1,A,-,08,22107,,N,E,I,A,A,H,-,A,D,0,,,,,Y,,-,"- ",1,0,0,0,0,0,0,0,0,"- ","- ",36.980911254882812,-120.08355712890625,MADERA,UNINCORPORATED,-120.08347320556641,36.980953216552734
91832202,2022,2022-08-03,9450,2022-07-23,1725,021188,,6,2,9,2000,0,1,3,,1,042,SR-41,"AVENUE 15",6336.00,N,N,A,-,Y,MAD,,41,,,7.630,H,,R,Y,2,0,4,2,A,-,08,22107,,N,D,C,A,A,H,-,A,D,0,,,,,Y,,A,07,2,2,0,0,0,0,0,0,0,"- ","- ",36.987148284912109,-119.79395294189453,MADERA,UNINCORPORATED,-119.79398345947266,36.987148284912109
92440634,2024,2024-07-16,9456,2024-07-07,2145,021944,,7,2,9,2000,0,2,4,,1,053,"COUNTY ROAD 200","HOUSE RANCH RD",1584.00,S,N,A,-,N,,,,,,,,,,Y,2,0,2,1,A,-,01,23152,A,N,E,I,A,A,H,-,D,D,0,,,,,Y,Y,D,22,1,1,0,0,0,0,0,0,0,"- ","- ",37.162601470947266,-119.64203643798828,MADERA,UNINCORPORATED,-119.64189147949219,37.162925720214844
9687838,2024,2024-05-07,2002,2024-03-21,"34  ",4666,MADER,4,5,4,2002,0,0,0,,0,003,"KENNEDY ST W","SCHNOOR AVE N",470.00,E,N,A,-,N,,,,,,,,,,N,2,0,1,2,A,-,10,21950,C,F,G,B,D,A,H,-,C,A,0,Y,,,,Y,,A,01,1,0,0,0,1,0,0,0,0,"- ","- ",,,MADERA,MADERA,-120.08769989013672,36.981838226318359
90877260,2018,2018-12-06,9450,2018-11-28,1446,018612,,3,2,9,2000,0,3,5,,2,010,"COUNTY ROAD 23","AVENUE 18",0.00,,Y,C,-,N,,,,,,,,,,Y,2,0,3,3,A,-,09,21801,A,N,A,C,A,B,H,-,A,D,0,,,,,Y,,A,01,2,1,0,0,0,0,0,0,0,"- ","- ",37.010990142822266,-120.12867736816406,MADERA,UNINCORPORATED,-120.12870788574219,37.010959625244141
91468900,2021,2021-05-10,9450,2021-04-24,1050,018612,,6,1,9,2000,0,3,5,,2,020,"ELLIS STREET","COUNTY ROAD 28",350.00,W,N,A,-,N,,,,,,,,,,Y,2,0,2,2,A,-,01,23152,F,F,A,C,A,A,H,-,A,D,0,,,,,Y,,A,01,1,0,1,0,0,0,0,0,0,"- ","- ",36.986740112304688,-120.03916931152344,MADERA,UNINCORPORATED,-120.03898620605469,36.986728668212891
91628795,2021,2021-11-18,9450,2021-11-05,2135,021202,,5,2,9,2000,0,1,3,,1,041,"STATE ROUTE 145","STOREY ROAD",2112.00,E,N,A,-,Y,,,145,,,,,,,N,2,0,1,2,A,-,11,21956,,N,G,B,E,A,H,-,D,D,0,Y,,,,Y,,N,60,1,0,0,0,1,0,0,0,0,"- ","- ",36.977928161621094,-120.03540802001953,MADERA,UNINCORPORATED,-120.035400390625,36.977916717529297
91843278,2022,2022-08-18,9450,2022-08-08,1814,018075,,1,2,9,2000,0,3,5,,2,040,"AVENUE 12","STATE ROUTE 41",7392.00,E,N,A,-,N,,,,,,,,,,N,2,0,1,1,A,-,01,23152,A,M,E,J,A,A,H,-,A,D,0,,,,,Y,Y,A,01,1,0,0,0,0,0,0,0,0,"- ","- ",36.923358917236328,-119.77500915527344,MADERA,UNINCORPORATED,-119.77134704589844,36.924739837646484
91002054,2019,2019-06-03,9450,2019-04-26,1640,018923,,5,2,9,2000,0,1,3,,1,042,"S/B ONRAMP TO SR-41 FROM CHILDRENS BLVD","CHILDREN'S BLVD",528.00,N,N,A,-,Y,,,,,,,,,,Y,2,0,2,1,A,-,01,23152,A,N,F,A,A,A,H,-,A,D,0,,,,,Y,Y,D,22,2,0,0,0,0,0,0,0,0,"- ","- ",36.894199371337891,-119.79386138916016,MADERA,UNINCORPORATED,,
91134127,2019,2019-12-03,9450,2019-11-25,0120,017868,,1,3,9,2000,0,1,3,,2,012,"SR-99 S/B","AVENUE 24",300.00,N,N,A,-,Y,,,99,,,,,,S,Y,2,0,1,1,A,-,01,23152,A,N,F,A,A,A,H,-,C,D,0,,,,,Y,Y,A,01,1,0,0,0,0,0,0,0,0,"- ","- ",37.099300384521484,-120.21739959716797,MADERA,UNINCORPORATED,-120.21724700927734,37.099422454833984
7130732,2015,2015-12-14,2002,2015-11-30,1440,3842,,1,5,4,2002,0,0,0,,0,001,"TOZER ST","AVE 15",155.00,N,N,A,-,N,,,,,,,,,,Y,2,0,4,2,A,-,01,23152,A,N,A,C,A,A,H,-,A,D,0,,,,,Y,,A,01,2,0,2,0,0,0,0,0,0,"- ","- ",,,MADERA,MADERA,-120.03778696000001,36.967537329999999
8648564,2019,2019-01-25,2002,2019-01-07,1821,4262,,1,5,4,2002,0,0,0,,0,002,"OWENS ST","WILSON AV",166.00,S,N,A,-,N,,,,,,,,,,N,1,1,0,2,A,-,11,21954,A,N,G,B,D,A,H,-,D,A,0,Y,,,,Y,,N,60,0,0,0,1,0,0,0,0,0,"- ","- ",,,MADERA,MADERA,-120.07010650634766,36.97308349609375
90284088,2016,2017-04-10,9456,2016-09-02,2229,019105,,5,3,9,2000,0,1,3,,1,051,SR-41,"VICTORIA LN",6336.00,S,N,A,-,Y,,,41,,,,,,,Y,1,1,0,1,A,-,08,22107,,N,E,I,A,A,H,-,D,D,0,,,,,Y,,A,01,0,0,0,0,0,0,0,0,0,"- ","- ",37.313369999999999,-119.65545,MADERA,UNINCORPORATED,-119.65557018,37.313333849999999
90635583,2017,2018-01-08,9456,2017-12-18,1025,020787,,1,1,9,2000,0,1,3,,1,051,SR-41,"VICTORIA LN",2640.00,S,N,A,-,Y,,,41,,,,,,,Y,2,0,1,2,A,-,05,21460,A,F,E,I,A,A,H,-,A,D,0,,,,,Y,,A,01,1,0,0,0,0,0,0,0,0,"- ","- ",37.318010000000001,-119.65984,MADERA,UNINCORPORATED,-119.65992172999999,37.317916099999998
6290106,2014,2014-03-13,9450,2014-01-20,1630,14917,,1,2,9,2000,0,1,3,,2,012,"RT 99","AVENUE 24",3168.00,S,N,A,-,Y,MAD,6,99,-,-,23.160,H,-,S,Y,1,1,1,3,A,-,07,21658,A,F,H,C,A,A,H,-,A,D,1,,,,Y,Y,,A,08,1,0,0,0,0,0,0,0,0,"- ","- ",37.09216,-120.21389000000001,MADERA,UNINCORPORATED,-120.21359545999999,37.089742659999999
6290536,2014,2014-05-21,9456,2014-04-11,1028,18298,,5,1,9,2000,0,1,3,,1,051,"RT 41","VICTORIA LN",2112.00,S,N,A,-,Y,MAD,6,41,-,-,34.520,H,-,S,Y,1,1,0,1,A,-,08,22107,,N,E,I,A,A,H,-,A,D,0,,,,,Y,,A,07,0,0,0,0,0,0,0,0,0,"- ","- ",37.319479999999999,-119.66354,MADERA,UNINCORPORATED,-119.66381761,37.320083250000003
6291414,2014,2014-10-30,9450,2014-08-17,1240,16486,,7,1,9,2000,0,1,3,,1,041,"RT 145","RT 41",6600.00,W,N,A,-,Y,MAD,6,145,-,-,24.220,H,-,S,Y,1,1,7,2,A,-,05,21650,,N,A,C,A,A,H,-,A,D,0,,,,,Y,,A,01,0,7,0,0,0,0,0,0,0,"- ","- ",37.01041,-119.81753,MADERA,UNINCORPORATED,-119.81621951,37.010433159999998
6291438,2014,2016-01-05,9456,2014-08-28,1355,018088,,4,1,9,2000,0,2,4,,1,053,"COUNTY ROAD 200","BUTTERFIELD STAGE RD",528.00,E,N,A,-,N,,,,,,,,,,Y,1,1,1,1,A,-,03,22350,,N,E,I,A,A,H,-,A,D,0,,,,,Y,Y,A,01,0,1,0,0,0,0,0,0,0,"- ","- ",37.144640000000003,-119.67546,MADERA,UNINCORPORATED,-119.67486799,37.145273600000003
6291584,2014,2015-12-17,2002,2014-10-11,2220,3277,,6,5,4,2002,0,0,0,,0,001,"RT 145","H ST",133.00,S,N,A,-,Y,MAD,6,145,-,-,9.160,I,5,S,Y,1,1,0,2,A,-,12,21453,A,N,D,C,A,A,H,-,C,A,0,,,Y,,Y,Y,C,02,0,0,0,0,0,0,0,1,0,"- ","- ",,,MADERA,MADERA,-120.05609142,36.954422209999997
6292584,2015,2015-09-02,9450,2015-05-06,2016,16950,,3,2,9,2000,0,3,5,,2,020,"AVENUE 21","COUNTY ROAD 31",1056.00,E,N,A,-,N,,,,,,,,,,Y,1,1,0,1,A,-,01,23152,A,N,E,I,A,A,H,-,D,D,0,,,,,Y,Y,A,07,0,0,0,0,0,0,0,0,0,"- ","- ",37.054459999999999,-119.98893,MADERA,UNINCORPORATED,-119.98533999999999,37.055790000000002
6370237,2014,2014-06-11,9456,2014-01-04,0306,19105,,6,3,9,2000,0,3,5,,2,050,"COUNTY ROAD 400","YOSEMITE SPRINGS PKWY",528.00,N,N,A,-,N,,,,,,,,,,Y,2,0,1,1,A,-,01,23152,A,N,F,I,A,A,H,-,C,D,0,,,,,Y,Y,A,01,1,0,0,0,0,0,0,0,0,"- ","- ",,,MADERA,UNINCORPORATED,-119.7765,37.20617
6400255,2014,2014-06-19,9456,2014-02-26,2040,019070,,3,2,9,2000,0,3,5,,2,050,"ROAD 223","NORTHRIDGE RD",0.00,S,N,C,-,N,,,,,,,,,,Y,2,0,2,1,A,-,08,22107,,N,E,I,A,B,H,-,D,D,0,,,,,Y,,A,01,1,1,0,0,0,0,0,0,0,"- ","- ",37.249180000000003,-119.56471000000001,MADERA,UNINCORPORATED,-119.56474989,37.249130059999999
6443602,2014,2014-07-01,9450,2014-03-30,0035,18676,,7,3,9,2000,0,3,5,,2,040,"AVE 15","SANTA FE DR",3168.00,E,N,C,-,N,,,,,,,,,,Y,2,0,1,1,A,-,08,22107,,N,E,I,A,B,H,-,D,D,0,,,,,Y,,A,01,1,0,0,0,0,0,0,0,0,"- ","- ",36.967010000000002,-120.00196,MADERA,UNINCORPORATED,-120.00142507,36.966932589999999
6443606,2014,2014-07-01,9450,2014-03-24,1815,016486,,1,2,9,2000,0,3,5,,2,040,"COBB RANCH BL","CHILDRENS BL",4224.00,S,N,A,-,N,,,,,,,,,,N,2,0,2,2,C,-,18,,,N,-,G,A,A,G,-,A,D,0,,Y,,,Y,,-,"- ",2,0,0,0,0,0,2,0,0,"- ","- ",36.887070000000001,-119.79218,MADERA,UNINCORPORATED,-119.79222357,36.887067969999997
6572860,2014,2014-09-02,9450,2014-07-12,2323,014917,,6,3,9,2000,0,3,5,,2,030,"GOLDEN STATE DR","AVE 7",5280.00,S,N,A,-,N,,,,,,,,,,Y,2,0,2,1,A,-,01,23152,A,N,E,J,A,A,H,-,D,A,0,,,,,Y,Y,A,01,1,1,0,0,0,0,0,0,0,"- ","- ",36.843809999999998,-119.93491,MADERA,UNINCORPORATED,-119.94217999999999,36.842149999999997
6606238,2014,2015-12-30,9456,2014-07-10,1645,19070,,4,2,9,2000,0,2,4,,1,053,"COUNTY ROAD 200","HARTLEY RD",567.00,W,N,A,-,N,,,,,,,,,,Y,1,2,0,2,A,-,05,21460,A,N,A,C,A,A,H,-,A,D,0,,,,,Y,Y,A,01,0,0,0,0,0,0,0,0,0,"- ","- ",37.209769999999999,-119.55471,MADERA,UNINCORPORATED,-119.55467999,37.209759750000003
6629006,2014,2014-09-30,9450,2014-08-25,2330,016938,,1,3,9,2000,0,3,5,,2,010,"COUNTY ROAD 16","AVENUE 17",4752.00,S,N,A,-,N,,,,,,,,,,Y,2,0,1,1,A,-,08,22107,,N,E,J,A,A,H,-,C,D,0,,,,,Y,Y,A,01,1,0,0,0,0,0,0,0,0,"- ","- ",36.981769999999997,-120.55880000000001,MADERA,UNINCORPORATED,-120.25604998999999,36.983323689999999
6651949,2014,2016-05-09,9450,2014-09-19,1716,018075,,5,2,9,2000,0,1,3,,2,031,"RT 99","AVE 11",2640.00,S,N,A,-,Y,MAD,6,99,-,-,5.650,H,-,N,Y,2,0,1,3,A,-,07,21658,A,F,C,A,A,A,H,-,A,D,1,,,,Y,Y,,A,01,1,0,0,0,0,0,0,0,0,"- ","- ",36.903700000000001,-119.99988,MADERA,UNINCORPORATED,-120.00023659,36.903967369999997
6679365,2014,2014-12-19,2002,2014-10-20,0202,3277,,1,5,4,2002,0,0,0,,0,001,"E CENTRAL AV","B ST",137.00,W,N,A,-,N,,,,,,,,,,Y,2,0,2,2,A,-,01,23153,A,N,E,I,A,A,H,-,C,A,0,,,,,Y,Y,A,01,2,0,0,0,0,0,0,0,0,"- ","- ",,,MADERA,MADERA,-120.06024821,36.967382440000002
6720543,2014,2015-01-09,9450,2014-11-08,1215,016938,,6,1,9,2000,0,3,5,,2,020,"AVENUE 17","MELBA DR",44.00,W,N,A,-,N,,,,,,,,,,N,2,0,1,2,A,-,09,21802,A,N,D,G,A,A,H,-,A,A,0,,Y,,,Y,,L,04,1,0,0,0,0,0,1,0,0,"- ","- ",36.996540000000003,-120.0866,MADERA,UNINCORPORATED,-120.08695059,36.99644077
6763482,2014,2016-03-21,9450,2014-11-14,0640,012319,,5,1,9,2000,0,3,5,,2,020,"AVENUE 18 1/2","RT 99",1348.00,E,N,E,-,N,,,,,,,,,,Y,2,0,1,2,A,-,08,22107,,N,D,C,A,A,H,-,A,D,0,,,,Y,Y,,G,25,1,0,0,0,0,0,0,0,0,"- ","- ",37.018259999999998,-120.12282,MADERA,UNINCORPORATED,-120.12864,37.018259999999998