CASE_ID,ACCIDENT_YEAR,PROC_DATE,JURIS,COLLISION_DATE,COLLISION_TIME,OFFICER_ID,REPORTING_DISTRICT,DAY_OF_WEEK,CHP_SHIFT,POPULATION,CNTY_CITY_LOC,SPECIAL_COND,BEAT_TYPE,CHP_BEAT_TYPE,CITY_DIVISION_LAPD,CHP_BEAT_CLASS,BEAT_NUMBER,PRIMARY_RD,SECONDARY_RD,DISTANCE,DIRECTION,INTERSECTION,WEATHER_1,WEATHER_2,STATE_HWY_IND,CALTRANS_COUNTY,CALTRANS_DISTRICT,STATE_ROUTE,ROUTE_SUFFIX,POSTMILE_PREFIX,POSTMILE,LOCATION_TYPE,RAMP_INTERSECTION,SIDE_OF_HWY,TOW_AWAY,COLLISION_SEVERITY,NUMBER_KILLED,NUMBER_INJURED,PARTY_COUNT,PRIMARY_COLL_FACTOR,PCF_CODE_OF_VIOL,PCF_VIOL_CATEGORY,PCF_VIOLATION,PCF_VIOL_SUBSECTION,HIT_AND_RUN,TYPE_OF_COLLISION,MVIW,PED_ACTION,ROAD_SURFACE,ROAD_COND_1,ROAD_COND_2,LIGHTING,CONTROL_DEVICE,CHP_ROAD_TYPE,PEDESTRIAN_ACCIDENT,BICYCLE_ACCIDENT,MOTORCYCLE_ACCIDENT,TRUCK_ACCIDENT,NOT_PRIVATE_PROPERTY,ALCOHOL_INVOLVED,STWD_VEHTYPE_AT_FAULT,CHP_VEHTYPE_AT_FAULT,COUNT_SEVERE_INJ,COUNT_VISIBLE_INJ,COUNT_COMPLAINT_PAIN,COUNT_PED_KILLED,COUNT_PED_INJURED,COUNT_BICYCLIST_KILLED,COUNT_BICYCLIST_INJURED,COUNT_MC_KILLED,COUNT_MC_INJURED,PRIMARY_RAMP,SECONDARY_RAMP,LATITUDE,LONGITUDE,COUNTY,CITY,POINT_X,POINT_Y
6826983,2015,2015-03-10,9456,2015-02-18,1430,18052,,3,2,9,2000,0,3,5,,2,050,"DOUGLAS RANGER STA RD","COUNTY ROAD 225",5280.00,N,N,A,-,N,,,,,,,,,,N,2,0,1,1,A,-,01,23152,A,N,E,I,A,A,H,-,A,D,0,,,Y,,Y,Y,C,02,1,0,0,0,0,0,0,0,1,"- ","- ",37.243169999999999,-119.48994999999999,MADERA,UNINCORPORATED,-119.48994999999999,37.243169999999999
6850351,2015,2015-04-21,9456,2015-02-26,1233,15735,,4,1,9,2000,0,3,5,,2,050,"COUNTY ROAD 415","THUNDERBIRD WY",82.00,W,N,A,-,N,,,,,,,,,,Y,2,0,1,1,C,-,18,,,N,F,A,A,A,H,-,A,D,0,,,,Y,Y,,-,"- ",1,0,0,0,0,0,0,0,0,"- ","- ",37.228270000000002,-119.75543999999999,MADERA,UNINCORPORATED,-119.75458145,37.228248280000003
6854353,2014,2016-01-13,2001,2014-09-24,0507,047,B,3,5,3,2001,0,0,0,,0,,"ROBERTSON BL","RT 99",0.00,,Y,A,-,Y,MAD,6,99,-,-,26.728,R,4,S,Y,1,1,0,2,A,-,"- ",,,N,G,B,E,A,H,-,D,D,0,Y,,,,Y,,N,60,0,0,0,1,0,0,0,0,0,"- ","- ",,,MADERA,CHOWCHILLA,-120.25454010999999,37.128299040000002
6854369,2014,2015-04-21,9456,2014-09-27,1703,18999,,6,2,9,2000,0,3,5,,2,050,"COUNTY ROAD 426","SIERRA LAKES DR",62.00,W,N,C,-,N,,,,,,,,,,Y,1,1,0,1,A,-,03,22350,,N,E,I,A,B,H,-,A,D,0,,,,,Y,,D,22,0,0,0,0,0,0,0,0,0,"- ","- ",37.313510000000001,-119.61358,MADERA,UNINCORPORATED,-119.61348155,37.313440059999998
6860970,2015,2015-04-03,2002,2015-03-13,1003,4262,CITY,5,5,4,2002,0,0,0,,0,003,"4TH ST","G ST",0.00,,Y,A,-,N,,,,,,,,,,Y,2,0,2,2,A,-,12,21453,A,N,D,C,A,A,H,-,A,A,0,,,,,Y,,D,22,1,0,1,0,0,0,0,0,0,"- ","- ",,,MADERA,MADERA,-120.06351992,36.962380000000003
6880081,2015,2015-05-13,9450,2015-03-25,0735,019818,,3,1,9,2000,0,3,5,,2,020,"AVE 18 1/2","EL VADO DR",257.00,W,N,A,-,N,,,,,,,,,,Y,2,0,4,2,A,-,03,22350,,N,C,C,A,A,H,-,A,D,0,,,,,Y,,A,07,1,2,1,0,0,0,0,0,0,"- ","- ",37.018160000000002,-120.08076,MADERA,UNINCORPORATED,-120.08054987,37.0182
6893221,2015,2016-10-20,9450,2015-03-28,1240,016938,,6,1,9,2000,0,1,3,,1,013,"RT 152","COUNTY ROAD 13",1343.00,W,N,-,-,Y,MAD,6,152,-,-,9.810,H,-,E,Y,2,0,7,2,A,-,03,22350,,N,C,C,A,A,H,-,A,D,5,,,,,Y,,A,01,1,4,2,0,0,0,0,0,0,"- ","- ",,,MADERA,UNINCORPORATED,-120.31536551000001,37.083452989999998
6905630,2015,2015-05-15,9450,2015-04-11,0410,18554,,6,3,9,2000,0,3,5,,2,040,"COUNTY ROAD 406","MILLSTREAM LN",1056.00,W,N,A,-,N,,,,,,,,,,Y,1,1,0,1,A,-,08,22107,,N,F,A,A,A,H,-,D,D,0,,,,,Y,,A,01,0,0,0,0,0,0,0,0,0,"- ","- ",37.078699999999998,-119.8176,MADERA,UNINCORPORATED,-119.83516586,37.078051189999996
6905656,2015,2015-05-15,9450,2015-04-04,2250,17899,,6,3,9,2000,0,2,4,,2,045,"AVENUE 12","COUNTY ROAD 36",3168.00,W,N,A,-,N,,,,,,,,,,Y,1,1,1,2,A,-,01,23152,A,N,A,C,A,A,H,-,D,D,0,,,,,Y,Y,D,22,1,0,0,0,0,0,0,0,0,"- ","- ",36.922969999999999,-119.90573999999999,MADERA,UNINCORPORATED,-119.90514125,36.923020039999997
6954416,2015,2016-11-05,9456,2015-05-31,2005,015905,,7,2,9,2000,0,1,3,,1,052,"RT 41","GOLDEN OAK LOOP",655.00,N,N,A,-,Y,MAD,6,41,-,-,36.020,H,-,N,Y,2,0,1,2,A,-,01,23152,A,N,D,C,A,A,H,-,A,D,0,,,Y,,Y,Y,C,02,1,0,0,0,0,0,0,0,1,"- ","- ",37.334679999999999,-119.64634,MADERA,UNINCORPORATED,-119.64659924,37.334481279999999
6984519,2015,2015-07-18,9450,2015-06-17,1630,12319,,3,2,9,2000,0,3,5,,2,040,"AVENUE 15","SANTA FE DR",54.00,E,N,A,-,N,,,,,,,,,,Y,2,0,8,2,A,-,03,22350,,N,C,C,A,A,H,-,A,D,0,,,,,Y,,A,08,1,3,4,0,0,0,0,0,0,"- ","- ",36.967179999999999,-120.01242000000001,MADERA,UNINCORPORATED,-120.01207549,36.967082619999999
7004713,2015,2016-02-16,9450,2015-07-16,0905,015256,,4,1,9,2000,0,1,3,,2,031,"RT 99","W 6TH ST",174.00,N,N,A,-,Y,MAD,6,99,-,-,10.850,H,-,S,Y,1,1,0,2,A,-,08,22107,,N,B,C,A,A,H,-,A,A,1,,,,Y,Y,,A,01,0,0,0,0,0,0,0,0,0,FR,"- ",36.959009999999999,-120.06225999999999,MADERA,UNINCORPORATED,-120.06308251999999,36.959658009999998
7028125,2015,2015-10-17,2002,2015-09-15,0538,3751,CITY,2,5,4,2002,0,0,0,,0,003,"CLEVELAND AV W","RT 99",328.00,W,N,A,-,N,,,,,,,,,,N,2,0,1,2,A,-,10,21954,B,N,G,B,D,B,H,-,C,D,0,Y,,,Y,Y,Y,F,26,1,0,0,0,1,0,0,0,0,"- ","- ",,,MADERA,MADERA,-120.07757316999999,36.974531730000002
7169605,2016,2016-01-28,2002,2016-01-10,1214,3567,,7,5,4,2002,0,0,0,,0,003,"SCHNOOR AV N","CLEVELAND AV W",625.00,S,N,A,-,N,,,,,,,,,,Y,2,0,2,2,A,-,09,21804,A,N,D,C,A,A,H,-,A,D,0,,,,,Y,,A,01,1,0,1,0,0,0,0,0,0,"- ","- ",,,MADERA,MADERA,-120.08454999999999,36.972834169999999
7181875,2016,2016-02-18,2002,2016-01-24,1629,3567,,7,5,4,2002,0,0,0,,0,,"BERRY DR S","HOWARD RD",72.00,N,N,A,-,N,,,,,,,,,,N,2,0,1,1,D,-,00,,,N,H,J,A,A,H,-,A,D,0,,Y,,,Y,,-,"- ",1,0,0,0,0,0,1,0,0,"- ","- ",,,MADERA,MADERA,-120.09445407,36.953227640000001
8148122,2016,2016-10-19,2002,2016-09-25,1250,4363,,7,5,4,2002,0,0,0,,0,002,"COUNTRY CLUB DR","SHARON BL",53.00,E,N,A,-,N,,,,,,,,,,N,2,0,1,2,A,-,09,21800,A,N,D,G,A,A,H,-,A,D,0,,Y,,,Y,,L,04,1,0,0,0,0,0,1,0,0,"- ","- ",,,MADERA,MADERA,-120.07422,36.975879999999997
8335383,2017,2017-04-11,2002,2017-03-17,1257,4242,,5,5,4,2002,0,0,0,,0,004,"YOSEMITE AV W","O ST N",66.00,E,N,A,-,N,,,,,,,,,,N,2,0,1,2,A,-,11,21950,B,N,G,B,E,A,H,-,A,D,0,Y,,,,Y,,N,60,1,0,0,0,1,0,0,0,0,"- ","- ",,,MADERA,MADERA,-120.06986404,36.955063520000003
8373557,2017,2017-06-12,2001,2017-04-28,1433,053,B,5,5,3,2001,0,0,0,,0,,"TRINITY AV","TRINITY AV 305",0.00,,N,A,-,N,,,,,,,,,,N,2,0,1,2,D,-,00,,,N,G,B,D,A,H,-,A,D,0,Y,,,,Y,,-,"- ",1,0,0,0,1,0,0,0,0,"- ","- ",,,MADERA,CHOWCHILLA,-120.26011939,37.121245809999998
8404931,2018,2018-07-18,2002,2018-05-24,0759,4224,,4,5,4,2002,0,0,0,,0,004,"PINE ST","OAK ST",0.00,,Y,A,-,N,,,,,,,,,,Y,1,1,1,2,A,-,01,23152,A,N,D,C,A,A,H,-,A,D,0,,,Y,,Y,,D,22,0,0,1,0,0,0,0,1,0,"- ","- ",,,MADERA,MADERA,-120.07395935058594,36.951469421386719
8439711,2017,2017-09-25,2002,2017-08-12,2221,4473,,6,5,4,2002,0,0,0,,0,001,"D ST N","2ND ST E",226.00,S,N,A,-,N,,,,,,,,,,Y,2,0,1,2,A,-,01,23152,A,N,C,E,A,A,H,-,C,D,0,,,,,Y,Y,D,22,1,0,0,0,0,0,0,0,0,"- ","- ",,,MADERA,MADERA,-120.06178060000001,36.965796339999997
8474750,2017,2017-11-14,2002,2017-09-29,0338,3872,,5,5,4,2002,0,0,0,,0,003,"SCHNOOR AV","CLEVELAND AV",429.00,S,N,A,-,N,,,,,,,,,,Y,2,0,2,1,A,-,08,22107,,N,E,I,A,A,H,-,C,A,0,,,,,Y,,A,01,1,1,0,0,0,0,0,0,0,"- ","- ",,,MADERA,MADERA,-120.08454999999999,36.973372249999997
8494729,2017,2017-11-29,2002,2017-10-23,2326,4242,,1,5,4,2002,0,0,0,,0,003,"GATEWAY DR N","ROBERTS AV",29.00,N,N,A,-,N,,,,,,,,,,Y,2,0,2,1,A,-,01,23153,A,N,E,I,A,A,H,-,C,D,0,,,,,Y,Y,A,01,1,1,0,0,0,0,0,0,0,"- ","- ",,,MADERA,MADERA,-120.06624468,36.966710370000001
8588332,2018,2018-03-30,2002,2018-03-02,1755,4466,,5,5,4,2002,0,0,0,,0,003,"SCHNOOR AV","FOXGLOVE WY",559.00,N,N,C,-,N,,,,,,,,,,Y,2,0,1,1,A,-,01,23152,A,N,E,I,A,B,H,-,C,D,0,,,,,Y,Y,A,01,1,0,0,0,0,0,0,0,0,"- ","- ",,,MADERA,MADERA,-120.08717346191406,36.979705810546875
8598059,2018,2018-08-06,2002,2018-03-23,2311,4365,,5,5,4,2002,0,0,0,,0,004,"RT 145","GARY LN E",315.00,S,N,A,-,Y,MAD,6,145,-,-,8.260,H,-,N,Y,2,0,2,2,A,-,01,23153,A,N,A,C,A,A,H,-,C,D,0,,,,,Y,Y,A,01,2,0,0,0,0,0,0,0,0,"- ","- ",,,MADERA,MADERA,-120.05602264404297,36.941085815429688
8606152,2018,2018-05-24,2002,2018-04-24,1127,4224,,2,5,4,2002,0,0,0,,0,003,"SUNSET AV","MAINBERRY DR",0.00,,Y,A,-,N,,,,,,,,,,N,2,0,1,2,A,-,09,21800,A,N,D,G,A,A,H,-,A,D,0,,Y,,,Y,,A,01,1,0,0,0,0,0,1,0,0,"- ","- ",,,MADERA,MADERA,-120.08870697021484,36.960109710693359
8623536,2018,2018-05-30,2002,2018-04-29,1030,4498,,7,5,4,2002,0,0,0,,0,004,"RAYMOND THOMAS ST","GEORGIA AV",40.00,S,N,A,-,N,,,,,,,,,,Y,2,0,1,2,A,-,01,23152,A,M,B,E,A,A,H,-,A,D,0,,,,,Y,Y,A,01,1,0,0,0,0,0,0,0,0,"- ","- ",,,MADERA,MADERA,-120.04763031005859,36.931491851806641
8632983,2018,2018-06-19,2002,2018-05-11,1732,4462,MADER,5,5,4,2002,0,0,0,,0,002,"AVE 17","WALDEN DR",0.00,,Y,-,-,N,,,,,,,,,,Y,2,0,2,2,A,-,01,23152,A,N,D,C,A,A,H,-,A,D,0,,,,,Y,Y,D,22,1,0,1,0,0,0,0,0,0,"- ","- ",,,MADERA,MADERA,-120.09150695800781,36.996479034423828
8648180,2018,2020-05-26,2002,2018-08-28,2137,2990,CITY,2,5,4,2002,0,0,0,,0,001,"SUNRISE AV","WALLACE AV",12.00,W,N,A,-,N,,,,,,,,,,N,1,1,0,2,A,-,11,21954,A,N,G,B,D,A,H,-,C,D,0,Y,,,,Y,Y,N,60,0,0,0,1,0,0,0,0,0,"- ","- ",,,MADERA,MADERA,-120.04554748535156,36.959922790527344
8765755,2018,2019-02-08,2002,2018-12-08,1838,4498,MSC,6,5,4,2002,0,0,0,,0,002,"D ST N","RIVERSIDE DR E",10.00,W,N,A,-,N,,,,,,,,,,N,2,0,1,2,A,-,11,21950,B,N,G,B,B,A,-,-,B,A,0,Y,,,,Y,,N,60,1,0,0,0,1,0,0,0,0,"- ","- ",,,MADERA,MADERA,-120.06320190429688,36.968559265136719
8796548,2018,2019-04-30,2001,2018-12-03,0731,069,A,1,5,3,2001,0,0,0,,0,,"ROBERTSON BL","ROBERTSON BL 1500 BLOCK",0.00,,-,A,-,N,,,,,,,,,,N,2,0,1,2,D,-,00,,,N,G,B,B,A,H,-,A,A,0,Y,,,,Y,,-,"- ",1,0,0,0,1,0,0,0,0,"- ","- ",,,MADERA,CHOWCHILLA,,
8899590,2019,2019-07-26,2002,2019-06-14,2059,3567,MSC,5,5,4,2002,0,0,0,,0,004,"W OLIVE AV","MONTEREY ST",10.00,E,N,A,-,N,,,,,,,,,,N,2,0,1,2,A,-,10,21950,C,F,G,B,B,A,H,-,C,D,0,Y,,,,Y,,A,01,1,0,0,0,1,0,0,0,0,"- ","- ",,,MADERA,MADERA,-120.06058502197266,36.952812194824219
8911565,2020,2020-09-16,2002,2020-08-22,0646,4499,MSC,6,5,4,2002,0,0,0,,0,001,"TOZER ST","KNOX ST S",0.00,,Y,A,-,N,,,,,,,,,,Y,1,1,0,2,A,-,05,21650,,F,A,C,A,A,H,-,A,D,0,,,,,Y,,D,22,0,0,0,0,0,0,0,0,0,"- ","- ",,,MADERA,MADERA,-120.03752,36.941160000000004
8938474,2019,2019-09-26,2002,2019-08-29,2021,4479,MADER,4,5,4,2002,0,0,0,,0,004,"PECAN AV","RAYMOND THOMAS ST",129.00,W,N,A,-,N,,,,,,,,,,N,2,0,2,2,A,-,01,23152,A,F,A,C,A,A,H,-,C,D,0,,,,,Y,Y,A,01,1,0,1,0,0,0,0,0,0,"- ","- ",,,MADERA,MADERA,-120.04864501953125,36.938247680664062
8939709,2023,2024-01-17,2002,2023-12-25,"140 ",4750,MSC,1,5,4,2002,0,0,0,,0,004,"STADIUM RD","GARY LN E",0.00,,Y,A,-,N,,,,,,,,,,Y,1,1,0,1,A,-,03,22350,,F,E,J,A,A,H,-,C,A,0,,,,,Y,,A,01,0,0,0,0,0,0,0,0,0,"- ","- ",,,MADERA,MADERA,,
90027995,2015,2015-10-19,9450,2015-09-30,1155,014712,,3,1,9,2000,0,3,5,,2,040,SR-41,"AVENUE 14",3168.00,S,N,A,-,Y,,,41,,,,,,,Y,2,0,1,1,C,-,18,,,N,H,H,A,A,H,-,A,D,0,,,Y,,Y,,-,"- ",1,0,0,0,0,0,0,0,1,"- ","- ",36.945509999999999,-119.79404,MADERA,UNINCORPORATED,-119.79395809,36.945509649999998
90102694,2016,2016-01-26,9450,2016-01-18,0445,017899,,1,3,4,2002,0,1,3,,2,031,"SR-99 SOUTHBOUND","MADERA AVENUE",500.00,S,N,C,-,Y,,,99,,,,,,S,Y,2,0,1,2,A,-,01,23152,A,N,F,A,A,B,H,-,D,D,0,,,,,Y,Y,A,01,1,0,0,0,0,0,0,0,0,"- ","- ",36.95196,-120.05395,MADERA,MADERA,-120.05396020000001,36.95194171
90142807,2016,2016-03-24,9450,2016-03-17,0305,017899,,4,3,9,2000,0,3,5,,2,020,"RAYMOND ROAD","SANTA FE RR",219.00,S,N,A,-,Y,,,,,,,,,,Y,2,0,1,1,A,-,01,23152,A,N,E,I,A,A,H,-,D,D,0,,,Y,,Y,Y,C,02,1,0,0,0,0,0,0,0,1,"- ","- ",36.984290000000001,-120.02979000000001,MADERA,UNINCORPORATED,,
90163509,2016,2016-04-22,9450,2016-04-14,0940,016486,,4,1,9,2000,0,1,3,,2,031,"SR-99 SOUTHBOUND TO AVENUE 7","AVENUE 7",300.00,S,N,A,-,Y,,,99,,,,R,,S,N,2,0,1,1,A,-,08,22107,,N,F,A,A,A,H,-,A,D,0,,,Y,,Y,,C,02,1,0,0,0,0,0,0,0,1,"- ","- ",36.852420000000002,-119.94873,MADERA,UNINCORPORATED,-119.94873,36.852420000000002
90186610,2016,2016-05-25,9450,2016-05-02,1001,016341,,1,1,9,2000,0,1,3,,1,043,SR-41,"COUNTY ROAD 406",2112.00,S,N,A,-,Y,,,41,,,,,,,Y,2,0,5,4,A,-,03,22350,,N,E,I,A,A,D,-,A,A,0,,,,Y,Y,,G,27,2,2,1,0,0,0,0,0,0,"- ","- ",37.087389999999999,-119.75547,MADERA,UNINCORPORATED,-119.75550119,37.087408889999999
90190748,2016,2016-05-31,9456,2016-05-05,2107,015905,,4,2,9,2000,0,1,3,,1,051,SR-41,"COYOTE HOLLOW LANE",528.00,N,N,B,-,Y,,,,,,,,,,Y,2,0,1,2,A,-,09,21801,A,N,D,C,A,B,H,-,D,D,0,,,,,Y,Y,M,47,1,0,0,0,0,0,0,0,0,"- ","- ",37.220999999999997,-119.702,MADERA,UNINCORPORATED,-119.70723701,37.242337210000002
90205755,2016,2016-06-21,9450,2016-05-14,1717,018676,,6,2,9,2000,0,3,5,,2,040,"AVENUE 9","COUNTY ROAD 40",2368.00,W,N,A,-,N,,,,,,,,,,Y,1,1,2,2,A,-,03,22350,,N,D,C,A,A,H,-,A,D,0,,,,,Y,,A,01,1,1,0,0,0,0,0,0,0,"- ","- ",36.52814,-119.49773999999999,MADERA,UNINCORPORATED,-119.82951485,36.880198149999998
90212584,2016,2016-06-30,9450,2016-06-13,2055,018612,,1,2,9,2000,0,3,5,,2,020,"COUNTY ROAD 28 1/2","AVENUE 17",2640.00,N,N,A,-,N,,,,,,,,,,Y,2,0,1,1,A,-,01,23152,A,N,E,I,A,A,H,-,B,D,0,,,,,Y,Y,A,01,1,0,0,0,0,0,0,0,0,"- ","- ",37.004010000000001,-120.02863000000001,MADERA,UNINCORPORATED,-120.02866883999999,37.003337309999999
90236445,2016,2016-08-03,9456,2016-07-03,1449,019105,,7,2,9,2000,0,1,3,,1,052,SR-41,"COUNTY ROAD 630",20.00,N,N,A,-,Y,,,,,,,,,,Y,1,1,0,2,A,-,03,22350,,N,C,C,A,A,H,-,A,D,0,,,Y,,Y,,C,02,0,0,0,0,0,0,0,1,0,"- ","- ",37.44417,-119.63419,MADERA,UNINCORPORATED,-119.63926152000001,37.429534869999998
90245228,2016,2016-08-15,9450,2016-08-15,0020,017475,,1,3,4,2002,0,2,S,,2,901,"ELM STREET","SANTA FE COURT",94.00,N,N,A,-,N,,,,,,,,,,Y,2,0,1,2,A,-,01,23152,A,F,C,E,A,A,H,-,C,D,0,,,,,Y,,A,01,1,0,0,0,0,0,0,0,0,"- ","- ",36.970399999999998,-120.04380999999999,MADERA,MADERA,-120.04380988,36.970331889999997
90245645,2016,2016-08-16,9456,2016-08-02,1720,018970,,2,2,9,2000,0,3,5,,2,050,"COUNTY ROAD 415",SR-41,1584.00,W,N,A,-,N,,,,,,,,,,Y,2,0,1,2,A,-,03,22350,,N,D,C,A,A,H,-,A,D,0,,,Y,,Y,,C,02,1,0,0,0,0,0,0,0,1,"- ","- ",37.2622,-119.70796,MADERA,UNINCORPORATED,-119.70794499,37.262222530000003
90245800,2016,2016-08-16,9456,2016-08-09,0912,018088,,2,1,9,2000,0,1,3,,1,051,SR-41,"SKYLINE RIDGE RD",50.00,N,N,A,-,Y,,,41,,,,,,,Y,2,0,1,1,A,-,08,22107,,N,F,I,A,A,H,-,A,D,0,,,Y,,Y,,C,02,1,0,0,0,0,0,0,0,1,"- ","- ",37.234000000000002,-119.70679,MADERA,UNINCORPORATED,-119.70643384,37.23396572
90269687,2016,2016-09-19,9450,2016-08-28,0248,019604,,7,3,9,2000,0,1,3,,2,012,"SR-99 S/B","COUNTY ROAD 15",150.00,N,N,A,-,Y,,,99,,,,,,S,Y,2,0,2,1,A,-,01,23152,A,N,E,I,A,A,H,-,C,D,0,,,,,Y,Y,A,01,1,1,0,0,0,0,0,0,0,"- ","- ",37.14141,-120.27413,MADERA,UNINCORPORATED,-120.27410389000001,37.141471350000003
90274950,2016,2016-09-26,9450,2016-08-29,1813,017475,,1,2,9,2000,0,1,3,,2,012,"SR-99 S/B","ROBERTSON BLVD O/C",367.00,S,N,A,-,Y,,,,,,,,,,Y,2,0,1,2,A,-,07,21658,A,N,B,C,A,A,H,-,A,D,0,,,Y,Y,Y,,G,25,1,0,0,0,0,0,0,0,1,"- ","- ",37.126109999999997,-120.25152,MADERA,UNINCORPORATED,,
90306061,2016,2016-10-28,9450,2016-09-01,2213,018554,,4,3,9,2000,0,1,3,,1,013,"STATE ROUTE 152 EASTBOUND","COUNTY ROAD 9",1200.00,E,N,A,-,Y,,,152,,,,,,E,Y,1,1,0,1,A,-,01,23152,F,N,F,A,A,A,H,-,D,D,0,,,,,Y,,A,07,0,0,0,0,0,0,0,0,0,"- ","- ",37.083530000000003,-120.37746,MADERA,UNINCORPORATED,-120.37745952,37.083327660000002
90311510,2016,2017-01-24,9456,2016-09-24,1730,013980,,6,2,9,2000,0,1,3,,1,052,"S/R 41","COUNTY ROAD 630",2640.00,S,N,A,-,Y,,,,,,,,,,Y,1,1,15,1,A,-,03,22350,,N,E,I,A,A,H,-,A,D,0,,,,,Y,,I,10,2,6,7,0,0,0,0,0,0,"- ","- ",37.423780000000001,-119.63736,MADERA,UNINCORPORATED,,
90315688,2016,2016-11-23,9456,2016-10-28,1215,020380,,5,1,9,2000,0,3,5,,2,050,"COUNTY ROAD 417","CHUKCHANSI ROAD",528.00,W,N,B,-,N,,,,,,,,,,Y,2,0,2,3,A,-,03,22350,,N,D,C,A,B,H,-,A,D,0,,,,,Y,,A,01,1,0,1,0,0,0,0,0,0,"- ","- ",37.216940000000001,-119.70175999999999,MADERA,UNINCORPORATED,-119.70172942000001,37.216949800000002
90318410,2016,2016-11-14,9456,2016-10-15,2331,019159,,6,3,9,2000,0,3,5,,2,050,"COUNTY ROAD 224","MOUNTAIN SPRING RD",20.00,S,N,B,-,N,,,,,,,,,,N,2,0,1,1,A,-,08,22107,,N,F,A,A,A,H,-,D,D,0,,,Y,,Y,,C,02,1,0,0,0,0,0,0,0,1,"- ","- ",37.22701,-119.52771,MADERA,UNINCORPORATED,-119.52769339,37.227008169999998
90334571,2016,2016-12-01,9450,2016-10-20,1500,016938,,4,2,9,2000,0,3,5,,2,030,"AVENUE 6","COUNTY ROAD 18 3/4",3696.00,W,N,A,-,N,,,,,,,,,,Y,1,1,0,1,A,-,08,22107,,N,E,I,A,A,H,-,A,D,0,,,,,Y,,A,01,0,0,0,0,0,0,0,0,0,"- ","- ",36.836500000000001,-120.22467,MADERA,UNINCORPORATED,-120.22398444,36.836547899999999
90353660,2016,2016-12-27,9450,2016-12-14,0945,018551,,3,1,9,2000,0,1,3,,1,043,SR-41,"COUNTY ROAD 209",3168.00,N,N,A,-,Y,,,41,,,,,,,Y,2,0,6,3,A,-,08,22107,,N,D,C,A,A,H,-,A,D,0,,,,,Y,,A,01,1,2,3,0,0,0,0,0,0,"- ","- ",37.02901,-119.78824,MADERA,UNINCORPORATED,-119.78829484000001,37.029047990000002
90363147,2017,2017-01-06,9456,2017-01-03,1520,018970,,2,2,9,2000,0,3,5,,2,050,"COUNTY ROAD 432",PAHA,212.00,W,N,C,-,N,,,,,,,,,,Y,2,0,1,1,A,-,08,22107,,N,E,I,A,B,H,-,A,D,0,,,,,Y,,A,07,1,0,0,0,0,0,0,0,0,"- ","- ",37.321280000000002,-119.56247,MADERA,UNINCORPORATED,-119.56242678,37.321298120000002
90368393,2017,2017-01-16,9456,2017-01-06,1603,021555,,5,2,9,2000,0,3,5,,2,050,"MILL CANYON ROAD","COUNTY ROAD 630",620.00,N,N,A,-,N,,,,,,,,,,Y,2,0,1,1,C,-,18,,,N,E,I,A,B,H,-,A,D,0,,,,,Y,,-,"- ",1,0,0,0,0,0,0,0,0,"- ","- ",37.445860000000003,-119.63445,MADERA,UNINCORPORATED,-119.63442206000001,37.445871529999998
90378873,2016,2017-01-27,9450,2016-11-23,1730,012114,,3,2,9,2000,0,3,5,,2,010,"COUNTY ROAD 16","AVENUE 18?",0.00,,Y,A,-,N,,,,,,,,,,Y,1,1,6,2,A,-,09,21802,A,N,D,C,A,A,H,-,D,A,0,,,,,Y,,A,01,0,6,0,0,0,0,0,0,0,"- ","- ",37.018259999999998,-120.25688,MADERA,UNINCORPORATED,-120.25688,37.018259999999998
90385256,2017,2017-02-03,9456,2017-01-28,2240,020635,,6,3,9,2000,0,1,3,,1,051,SR-41,"28528 SR-41",148.00,N,N,A,-,Y,,,,,,,,,,Y,2,0,2,1,A,-,01,23152,A,N,E,I,A,A,H,-,D,D,0,,,,,Y,Y,A,01,2,0,0,0,0,0,0,0,0,"- ","- ",37.093400000000003,-119.434,MADERA,UNINCORPORATED,,
90396406,2017,2017-02-20,9450,2017-02-15,0438,018612,,3,3,9,2000,0,3,5,,2,030,"COUNTY ROAD 23","AVENUE 15",400.00,S,N,A,-,N,,,,,,,,,,Y,2,0,1,1,A,-,08,22107,,N,E,I,A,A,H,-,D,D,0,,,,,Y,,A,07,1,0,0,0,0,0,0,0,0,"- ","- ",36.964739999999999,-120.12853,MADERA,UNINCORPORATED,-120.12848687,36.96554184
90396464,2017,2017-02-20,9450,2017-02-17,1455,019070,,5,2,9,2000,0,3,5,,2,010,"SR-99 N/B TO AVENUE 24","AVENUE 24",596.00,S,N,C,G,Y,,,99,,,,R,,N,Y,2,0,1,1,C,-,18,,,N,E,J,A,B,C,-,A,D,0,,,,Y,Y,,-,"- ",1,0,0,0,0,0,0,0,0,"- ","- ",37.096310000000003,-120.21478,MADERA,UNINCORPORATED,-120.21478,37.096310000000003
90427097,2017,2017-04-04,9450,2017-04-01,1640,017032,,6,2,9,2000,0,3,5,,2,030,"AVENUE 7","COUNTY ROAD 24",0.00,,Y,A,-,N,,,,,,,,,,Y,2,0,1,2,A,-,09,21802,A,N,D,C,A,A,H,-,A,A,0,,,,,Y,,A,01,1,0,0,0,0,0,0,0,0,"- ","- ",36.851329999999997,-120.11015,MADERA,UNINCORPORATED,-120.11018998999999,36.85127
90436225,2017,2017-04-18,9450,2017-03-29,1410,016486,,3,2,9,2000,0,1,3,,1,043,SR-41,"COUNTY ROAD 406",1320.00,N,N,A,-,Y,,,41,,,,,,,Y,2,0,1,1,A,-,08,22107,,N,F,A,A,A,H,-,A,D,0,,,,,Y,,A,01,1,0,0,0,0,0,0,0,0,"- ","- ",37.096359999999997,-119.75033000000001,MADERA,UNINCORPORATED,-119.75034672,37.096380250000003