CASE_ID,ACCIDENT_YEAR,PROC_DATE,JURIS,COLLISION_DATE,COLLISION_TIME,OFFICER_ID,REPORTING_DISTRICT,DAY_OF_WEEK,CHP_SHIFT,POPULATION,CNTY_CITY_LOC,SPECIAL_COND,BEAT_TYPE,CHP_BEAT_TYPE,CITY_DIVISION_LAPD,CHP_BEAT_CLASS,BEAT_NUMBER,PRIMARY_RD,SECONDARY_RD,DISTANCE,DIRECTION,INTERSECTION,WEATHER_1,WEATHER_2,STATE_HWY_IND,CALTRANS_COUNTY,CALTRANS_DISTRICT,STATE_ROUTE,ROUTE_SUFFIX,POSTMILE_PREFIX,POSTMILE,LOCATION_TYPE,RAMP_INTERSECTION,SIDE_OF_HWY,TOW_AWAY,COLLISION_SEVERITY,NUMBER_KILLED,NUMBER_INJURED,PARTY_COUNT,PRIMARY_COLL_FACTOR,PCF_CODE_OF_VIOL,PCF_VIOL_CATEGORY,PCF_VIOLATION,PCF_VIOL_SUBSECTION,HIT_AND_RUN,TYPE_OF_COLLISION,MVIW,PED_ACTION,ROAD_SURFACE,ROAD_COND_1,ROAD_COND_2,LIGHTING,CONTROL_DEVICE,CHP_ROAD_TYPE,PEDESTRIAN_ACCIDENT,BICYCLE_ACCIDENT,MOTORCYCLE_ACCIDENT,TRUCK_ACCIDENT,NOT_PRIVATE_PROPERTY,ALCOHOL_INVOLVED,STWD_VEHTYPE_AT_FAULT,CHP_VEHTYPE_AT_FAULT,COUNT_SEVERE_INJ,COUNT_VISIBLE_INJ,COUNT_COMPLAINT_PAIN,COUNT_PED_KILLED,COUNT_PED_INJURED,COUNT_BICYCLIST_KILLED,COUNT_BICYCLIST_INJURED,COUNT_MC_KILLED,COUNT_MC_INJURED,PRIMARY_RAMP,SECONDARY_RAMP,LATITUDE,LONGITUDE,COUNTY,CITY,POINT_X,POINT_Y
90436226,2017,2017-04-18,9450,2017-04-08,0225,018999,,6,3,9,2000,0,3,5,,2,010,"AVENUE 18 1/2","COUNTY ROAD 15",2112.00,E,N,B,-,N,,,,,,,,,,Y,2,0,2,1,A,-,01,23152,A,N,E,I,A,A,H,-,D,D,0,,,,,Y,Y,A,01,1,1,0,0,0,0,0,0,0,"- ","- ",37.018180000000001,-120.26939,MADERA,UNINCORPORATED,-120.26709859,37.01826681
90494472,2017,2017-07-05,9450,2017-05-29,2500,018676,,1,4,9,2000,0,3,5,,2,040,"AVENUE 9","COUNTY ROAD 38",1584.00,E,N,A,-,N,,,,,,,,,,N,1,1,0,2,A,-,11,21956,A,F,G,B,E,A,H,-,D,D,0,Y,,,,Y,,N,60,0,0,0,1,0,0,0,0,0,"- ","- ",36.880470000000003,-119.85047,MADERA,UNINCORPORATED,-119.8517775,36.88043029
90508979,2017,2017-07-26,9450,2017-06-19,2138,017868,,1,2,9,2000,0,3,5,,2,020,"COUNTY ROAD 26","CLUB DRIVE",4224.00,N,N,A,-,N,,,,,,,,,,Y,1,1,2,3,A,-,01,23152,A,N,B,D,A,A,H,-,D,D,0,,,,,Y,Y,A,01,1,0,1,0,0,0,0,0,0,"- ","- ",37.037140000000001,-120.07444,MADERA,UNINCORPORATED,-120.07444742,37.036295989999999
90530116,2017,2017-08-24,9450,2017-08-13,1650,016486,,7,2,9,2000,0,3,5,,2,010,"AVENUE 21","COUNTY ROAD 7",2112.00,W,N,A,-,N,,,,,,,,,,Y,2,0,1,1,A,-,08,22107,,N,E,I,A,A,H,-,A,D,0,,,,,Y,,A,01,1,0,0,0,0,0,0,0,0,"- ","- ",37.054479999999998,-120.42733,MADERA,UNINCORPORATED,-120.16466,36.851230000000001
90551670,2017,2017-09-20,9450,2017-09-09,1156,018612,,6,1,9,2000,0,3,5,,2,040,"COUNTY ROAD 30 1/2","AVENUE 11",0.00,,Y,A,-,N,,,,,,,,,,Y,2,0,5,2,A,-,09,21801,A,N,D,C,A,A,H,-,A,D,0,,,,,Y,,A,01,1,0,4,0,0,0,0,0,0,"- ","- ",36.90934,-119.99226,MADERA,UNINCORPORATED,-119.99232988,36.909290040000002
90557598,2017,2017-09-28,9450,2017-09-10,2230,012114,,7,3,9,2000,0,3,5,,2,020,"ROAD 603 (DAULTON ROAD)","COUNTY ROAD 29",6864.00,E,N,A,-,N,,,,,,,,,,Y,2,0,1,1,A,-,01,23152,A,N,F,A,A,A,H,-,D,D,0,,,Y,,Y,Y,C,02,1,0,0,0,0,0,0,0,1,"- ","- ",37.119230000000002,-119.99554000000001,MADERA,UNINCORPORATED,-119.99680197000001,37.119287159999999
90557899,2017,2017-09-28,9450,2017-09-19,0830,018612,,2,1,9,2000,0,3,5,,2,020,"COUNTY ROAD 22","AVENUE 24",0.00,,Y,A,-,N,,,,,,,,,,Y,2,0,3,2,A,-,12,22450,A,N,D,C,A,A,H,-,A,A,0,,,,,Y,,A,07,3,0,0,0,0,0,0,0,0,"- ","- ",37.09825,-120.14706,MADERA,UNINCORPORATED,-120.14706997,37.098130040000001
90561782,2017,2017-10-03,9456,2017-09-22,1404,017677,,5,2,9,2000,0,1,3,,2,056,"RT 49","COUNTY ROAD 601",2446.00,N,N,A,-,Y,,,49,,,,,,,Y,2,0,2,1,A,-,08,22107,,N,E,I,A,A,H,-,A,D,0,,,,,Y,,A,01,1,0,1,0,0,0,0,0,0,"- ","- ",37.409570000000002,-119.73313,MADERA,UNINCORPORATED,-119.7331946,37.40958809
90568838,2017,2017-10-12,9450,2017-10-07,1222,018612,,6,1,9,2000,0,3,5,,2,020,"COUNTY ROAD 26","AVENUE 17",0.00,,Y,A,-,N,,,,,,,,,,Y,2,0,8,3,A,-,12,21453,A,N,D,C,A,A,H,-,A,A,0,,,,,Y,,A,01,2,6,0,0,0,0,0,0,0,"- ","- ",36.996290000000002,-120.0742,MADERA,UNINCORPORATED,-120.07424985999999,36.99635009
90576245,2017,2017-10-23,9450,2017-10-14,1934,019105,,6,2,9,2000,0,3,5,,2,020,"COUNTY ROAD 26","HALEY WAY",0.00,,Y,A,-,N,,,,,,,,,,Y,2,0,4,2,A,-,01,23152,F,N,A,C,A,A,H,-,D,D,0,,,,,Y,,A,07,1,3,0,0,0,0,0,0,0,"- ","- ",37.001199999999997,-120.07420999999999,MADERA,UNINCORPORATED,-120.07427992,37.001210090000001
90578612,2017,2017-10-25,9450,2017-10-18,0615,017032,,3,1,9,2000,0,3,5,,2,030,"AVENUE 7 1/2","COUNTY ROAD 6",1584.00,E,N,A,-,N,,,,,,,,,,Y,2,0,2,3,A,-,05,21650,,N,A,C,A,A,H,-,D,D,0,,,,Y,Y,,A,07,1,0,1,0,0,0,0,0,0,"- ","- ",36.8583,-120.43074,MADERA,UNINCORPORATED,-120.43047742,36.858336919999999
90584258,2017,2017-10-31,9450,2017-10-24,0242,019604,,2,3,9,2000,0,1,3,,1,042,"STATE ROUTE 41 (N/B)","AVENUE 15",3696.00,N,N,A,-,Y,,,41,,,,,,,Y,2,0,1,1,A,-,03,22350,,N,E,I,A,A,H,-,D,D,0,,,,,Y,,D,22,1,0,0,0,0,0,0,0,0,"- ","- ",36.975819999999999,-119.79405,MADERA,UNINCORPORATED,-119.79394052000001,36.975820079999998
90592792,2017,2017-11-13,9450,2017-10-26,2235,016341,,4,3,9,2000,0,1,3,,2,012,"SR-99 N/B","CALIFA OVERPASS",1800.00,S,N,A,-,Y,,,99,,,,,,N,Y,2,0,1,1,A,-,08,22107,,N,F,A,A,A,H,-,C,D,0,,,,,Y,,A,01,1,0,0,0,0,0,0,0,0,"- ","- ",37.084470000000003,-120.21021,MADERA,UNINCORPORATED,-120.20992432,37.08494554
90628883,2017,2017-12-28,9456,2017-12-07,1455,021024,,4,2,9,2000,0,1,3,,1,051,SR-41,"MORAVA RD",1250.00,N,N,A,-,N,,,41,,,,,,,Y,1,1,2,2,A,-,09,21801,A,N,A,C,A,A,H,-,A,D,0,,,,,Y,,A,01,1,1,0,0,0,0,0,0,0,"- ","- ",37.264099999999999,-119.68145,MADERA,UNINCORPORATED,-119.68144296,37.264025940000003
90634164,2017,2018-01-05,9450,2017-09-18,2500,017899,,1,4,9,2000,0,1,3,,2,011,"SR-99 S/B","AVENUE 18 1/2",1056.00,S,N,A,-,Y,,,99,,,,,,S,Y,1,1,0,1,A,-,01,23152,A,N,E,I,A,A,H,-,D,D,0,,,,,Y,Y,D,22,0,0,0,0,0,0,0,0,0,"- ","- ",37.014000000000003,-120.1228,MADERA,UNINCORPORATED,-120.12275511999999,37.014057540000003
90646125,2018,2018-01-24,9450,2018-01-11,1255,017032,,4,1,9,2000,0,3,5,,2,010,"AVENUE 18 1/2","SR-99 N/B ON RAMP",0.00,,Y,B,-,N,,,,,,,,,,Y,2,0,3,2,A,-,09,21801,A,N,A,C,A,A,H,-,A,D,0,,,,Y,Y,,G,25,1,0,2,0,0,0,0,0,0,"- ","- ",37.018280029296875,-120.12795257568359,MADERA,UNINCORPORATED,-120.12799099999999,37.018276
90647765,2017,2018-01-25,9450,2017-11-11,1946,019604,,6,2,9,2000,0,1,3,,1,041,"STATE ROUTE SR-145 (WESTBOUND)","COUNTY ROAD 208",264.00,E,N,A,-,Y,,,145,,,,,,,Y,1,3,2,3,A,-,01,23152,F,N,B,C,A,A,H,-,D,D,0,,,,,Y,,A,01,1,0,1,0,0,0,0,0,0,"- ","- ",37.01032,-119.82861,MADERA,UNINCORPORATED,-119.8286102,37.010399649999997
90649239,2018,2018-01-26,9450,2018-01-15,2047,018612,,1,2,9,2000,0,1,3,,1,042,"SR-41 NORTHBOUND TO CHILDREN'S BLVD.","CHILDREN'S BLVD",1584.00,N,N,E,-,Y,,,41,,,,R,,N,Y,2,0,1,1,A,-,01,23152,F,N,E,I,A,A,H,-,C,D,0,,,,,Y,,A,01,1,0,0,0,0,0,0,0,0,"- ","- ",36.898151397705078,-119.79292297363281,MADERA,UNINCORPORATED,-119.79292297363281,36.898151397705078
90650262,2017,2018-01-29,9450,2017-11-11,1710,020253,,6,2,9,2000,0,1,3,,1,042,"STATE ROUTE 41","AVENUE 15",0.00,,Y,A,-,Y,,,41,,,,,,,Y,1,1,0,2,A,-,09,21802,A,N,D,C,A,A,H,-,B,A,0,,,Y,,Y,,C,02,0,0,0,0,0,0,0,1,0,"- ","- ",36.966920000000002,-119.79402,MADERA,UNINCORPORATED,-119.79395271999999,36.966920139999999
90657832,2018,2018-02-08,9456,2018-01-31,0125,020944,,3,3,9,2000,0,3,5,,2,050,"COUNTY ROAD 274","FAWN POINT LN",679.00,E,N,A,-,N,,,,,,,,,,Y,2,0,1,1,A,-,03,22350,,N,E,I,A,A,H,-,D,D,0,,,,,Y,,A,01,1,0,0,0,0,0,0,0,0,"- ","- ",37.309051513671875,-119.53511047363281,MADERA,UNINCORPORATED,-119.53521728515625,37.309017181396484
90670048,2018,2018-02-26,9450,2018-02-13,0805,016938,,2,1,9,2000,0,3,5,,2,030,"COUNTY ROAD 26 1/2","AVENUE 12",995.00,N,N,A,-,N,,,,,,,,,,Y,2,0,1,1,A,-,08,22107,,N,F,A,A,A,H,-,A,D,0,,,,,Y,,A,01,1,0,0,0,0,0,0,0,0,"- ","- ",36.925731658935547,-120.06507873535156,MADERA,UNINCORPORATED,-120.06507873535156,36.926570892333984
90680403,2018,2018-03-12,9450,2018-03-09,1850,018612,,5,2,4,2002,0,3,5,,2,020,"AVENUE 20 1/2","COUNTY ROAD 26",0.00,,Y,A,-,N,,,,,,,,,,Y,2,0,2,2,A,-,01,23152,A,N,D,C,A,A,H,-,D,A,0,,,,,Y,Y,A,01,1,1,0,0,0,0,0,0,0,"- ","- ",37.047218322753906,-120.07438659667969,MADERA,MADERA,-120.07450103759766,37.047199249267578
90698918,2018,2018-04-04,9450,2018-03-21,1700,017032,,3,2,9,2000,0,3,5,,2,040,"AVENUE 9 EASTBOUND","COUNTY ROAD 38",0.00,,Y,B,-,N,,,,,,,,,,Y,2,0,4,2,A,-,09,21801,A,N,A,C,A,A,H,-,A,A,0,,,,,Y,,A,01,1,1,2,0,0,0,0,0,0,"- ","- ",36.880439758300781,-119.85724639892578,MADERA,UNINCORPORATED,-119.85719299316406,36.880428314208984
90701807,2018,2018-04-09,9450,2018-03-31,0523,018075,,6,3,9,2000,0,2,4,,2,045,"AVENUE 12","COUNTY ROAD 37 3/4",472.00,W,N,A,-,N,,,,,,,,,,Y,2,0,2,2,A,-,08,22107,,N,A,C,A,A,H,-,D,D,0,,,,,Y,,A,01,1,1,0,0,0,0,0,0,0,"- ","- ",36.923000335693359,-119.86485290527344,MADERA,UNINCORPORATED,-119.86411285400391,36.923053741455078
90710376,2018,2018-04-23,9456,2018-04-14,1125,019295,,6,1,9,2000,0,3,5,,2,050,"ROAD 223","COUNTY ROAD 221",2640.00,N,N,A,-,N,,,,,,,,,,N,2,0,1,1,A,-,03,22350,,N,H,A,A,A,H,-,A,D,0,,,Y,,Y,,C,02,1,0,0,0,0,0,0,0,1,"- ","- ",37.236759185791016,-119.55565643310547,MADERA,UNINCORPORATED,-119.55567169189453,37.236747741699219
90726108,2018,2018-05-14,9450,2018-04-25,1658,019648,,3,2,9,2000,0,3,5,,2,020,"AVENUE 17 1/2","CRESCENT DRIVE",304.00,E,N,A,-,N,,,,,,,,,,N,2,0,1,1,D,-,00,,,N,H,A,A,A,H,-,A,D,0,,,Y,,Y,,-,"- ",1,0,0,0,0,0,0,0,1,"- ","- ",37.003681182861328,-120.08251190185547,MADERA,UNINCORPORATED,-120.08245086669922,37.003700256347656
90736564,2018,2018-05-29,9456,2018-05-11,2209,021135,,5,3,9,2000,0,1,3,,2,056,SR-49,"HARMONY LN",1190.00,S,N,A,-,Y,,,49,,,,,,,Y,2,0,1,1,A,-,01,23152,A,N,E,I,A,A,H,-,D,D,0,,,,,Y,Y,D,22,1,0,0,0,0,0,0,0,0,"- ","- ",37.340518951416016,-119.69378662109375,MADERA,UNINCORPORATED,-119.69378662109375,37.340511322021484
90755256,2018,2018-06-25,9450,2018-06-16,0311,018612,,6,3,9,2000,0,3,5,,2,010,"SR-233 (ROBERTSON BLVD.) S/B","AVENUE 23 1/2",255.00,N,N,A,-,Y,,,233,,,,,,S,Y,2,0,1,1,A,-,01,23152,A,N,E,I,A,A,H,-,D,D,0,,,,,Y,Y,D,22,1,0,0,0,0,0,0,0,0,"- ","- ",37.093521118164062,-120.28878021240234,MADERA,UNINCORPORATED,-120.28881072998047,37.093544006347656
90766283,2018,2018-07-10,9450,2018-07-01,0205,020882,,7,3,9,2000,0,1,3,,2,031,"STATE ROUTE 99 N/B","AVENUE 9",200.00,N,N,A,-,Y,,,99,,,,,,N,Y,2,0,2,1,A,-,08,22107,,F,F,A,A,A,H,-,D,D,0,,,,,Y,Y,A,01,1,1,0,0,0,0,0,0,0,"- ","- ",36.880989074707031,-119.97702026367188,MADERA,UNINCORPORATED,-119.97720336914062,36.880828857421875
90769336,2018,2018-07-16,9456,2018-07-05,0824,018463,,4,1,9,2000,0,2,4,,1,054,"COUNTY ROAD 222","COUNTY ROAD 274",0.00,,Y,A,-,N,,,,,,,,,,Y,2,0,3,2,A,-,09,21802,A,N,D,C,A,A,H,-,A,D,0,,,,,Y,,A,01,2,0,1,0,0,0,0,0,0,"- ","- ",37.339038848876953,-119.58560180664062,MADERA,UNINCORPORATED,-119.58551025390625,37.339000701904297
90812396,2018,2018-09-13,9450,2018-09-05,0515,018676,,3,3,9,2000,0,3,5,,2,040,"COUNTY ROAD 35","AVENUE 13 1/4",78.00,S,N,A,-,N,,,,,,,,,,Y,2,0,1,1,A,-,08,22107,,N,E,I,A,A,H,-,D,D,0,,,,,Y,,D,22,1,0,0,0,0,0,0,0,0,"- ","- ",36.940208435058594,-119.91213226318359,MADERA,UNINCORPORATED,-119.91218566894531,36.940814971923828
90821269,2018,2018-09-25,9450,2018-09-13,1950,018612,,4,2,9,2000,0,3,5,,2,020,"AVENUE 18 1/2","COUNTY ROAD 24",4224.00,W,N,A,-,N,,,,,,,,,,N,2,0,1,2,A,-,01,23152,A,N,B,G,A,A,H,-,D,D,0,,,Y,,Y,Y,O,05,1,0,0,0,0,0,0,0,1,"- ","- ",37.01824951171875,-120.12474060058594,MADERA,UNINCORPORATED,-120.12499237060547,37.018230438232422
90825908,2018,2018-10-01,9450,2018-09-24,0600,017032,,1,1,9,2000,0,3,5,,2,010,"AVENUE 25","COUNTY ROAD 13",2640.00,W,N,A,-,N,,,,,,,,,,Y,2,0,1,1,A,-,03,22350,,N,E,I,A,A,H,-,D,A,0,,,,,Y,,A,01,1,0,0,0,0,0,0,0,0,"- ","- ",37.113479614257812,-120.31958770751953,MADERA,UNINCORPORATED,-120.31973266601562,37.113468170166016
90829583,2018,2018-10-05,9450,2018-09-29,0455,016946,,6,3,4,2002,0,1,3,,2,031,"SR-99 NORTHBOUND",SR-145,1088.00,N,N,A,-,Y,,,99,,,,,,N,Y,2,0,1,1,A,-,01,23152,A,N,E,I,A,A,H,-,C,D,0,,,,,Y,Y,A,01,1,0,0,0,0,0,0,0,0,"- ","- ",36.956439971923828,-120.05899810791016,MADERA,MADERA,-120.05919647216797,36.956233978271484
90851272,2018,2018-11-01,9456,2018-10-25,0525,020993,,4,3,9,2000,0,3,5,,2,050,"COUNTY ROAD 225","WILLOW CREEK DR",220.00,E,N,A,-,N,,,,,,,,,,N,2,0,1,1,C,-,18,,,N,H,H,A,A,H,-,C,D,0,,,Y,,Y,,-,"- ",1,0,0,0,0,0,0,0,1,"- ","- ",37.2293701171875,-119.50742340087891,MADERA,UNINCORPORATED,-119.50743103027344,37.229335784912109
90853750,2018,2018-11-06,9456,2018-10-27,2237,021135,,6,3,9,2000,0,3,5,,2,050,"ROAD 223","ROAD  420",1056.00,E,N,A,-,N,,,,,,,,,,Y,2,0,1,1,A,-,08,22107,,N,F,A,A,A,H,-,D,D,0,,,Y,,Y,,C,02,1,0,0,0,0,0,0,0,1,"- ","- ",37.286750793457031,-119.57997131347656,MADERA,UNINCORPORATED,-119.57997894287109,37.286762237548828
90854450,2018,2018-12-27,9450,2018-10-28,0345,019385,,7,3,9,2000,0,3,5,,2,030,"AVENUE 7","COUNTY ROAD 32",910.00,W,N,A,-,N,,,,,,,,,,Y,2,0,2,2,A,-,01,23152,A,N,B,C,A,A,H,-,D,D,0,,,,,Y,Y,A,01,1,1,0,0,0,0,0,0,0,"- ","- ",36.851181030273438,-119.96810913085938,MADERA,UNINCORPORATED,-119.96792602539062,36.851245880126953
90861246,2018,2018-11-15,9456,2018-06-30,1556,020944,,6,2,9,2000,0,1,3,,1,051,SR-41,"YOSEMITE SPRINGS PKWY",7920.00,N,N,A,-,Y,,,41,,,,,,,Y,1,1,1,2,A,-,01,23152,F,N,A,C,A,A,H,-,A,D,0,,,,,Y,,A,01,1,0,0,0,0,0,0,0,0,"- ","- ",37.175998687744141,-119.72870635986328,MADERA,UNINCORPORATED,-119.72870635986328,37.176002502441406
90864275,2018,2018-11-20,9456,2018-11-12,1100,019295,,1,1,9,2000,0,1,3,,1,052,SR-41,"CEDAR VALLEY DR",4752.00,N,N,A,-,Y,,,41,,,,,,,Y,2,0,2,1,A,-,08,22107,,N,F,A,A,A,H,-,A,D,0,,,,Y,Y,,F,26,2,0,0,0,0,0,0,0,0,"- ","- ",37.401470184326172,-119.631103515625,MADERA,UNINCORPORATED,-119.63106536865234,37.401466369628906
90865004,2018,2018-11-21,9450,2018-11-12,0123,015905,,1,3,9,2000,0,1,3,,2,012,"SR-99 N/B","CALIFA OVERCROSSING",528.00,S,N,A,-,Y,,,99,,,,,,N,Y,2,0,1,1,A,-,08,22107,,N,E,I,A,A,H,-,C,D,0,,,,,Y,,A,01,1,0,0,0,0,0,0,0,0,"- ","- ",37.087429046630859,-120.21244049072266,MADERA,UNINCORPORATED,-120.21246337890625,37.087417602539062
90879310,2018,2019-01-25,9450,2018-10-12,0619,020253,,5,1,9,2000,0,1,3,,1,041,"STATE ROUTE 145 NORTHBOUND","COUNTY ROAD 36",4752.00,S,N,A,-,Y,,,145,,,,,,N,Y,1,1,2,4,A,-,05,21650,,N,B,C,A,A,H,-,D,D,0,,,,,Y,,D,22,1,0,1,0,0,0,0,0,0,"- ","- ",37.010288238525391,-119.90998840332031,MADERA,UNINCORPORATED,-119.90998840332031,37.010246276855469
90879593,2018,2018-12-10,9450,2018-11-28,1718,019105,,3,2,9,2000,0,1,3,,1,042,"SR-41 N/B","AVENUE 12",118.00,N,N,A,-,Y,,,41,,,,,,N,Y,2,0,2,2,A,-,01,23152,A,N,C,C,A,B,H,-,D,A,0,,,,,Y,Y,D,22,1,0,1,0,0,0,0,0,0,"- ","- ",36.922611236572266,-119.79386138916016,MADERA,UNINCORPORATED,-119.79399108886719,36.922607421875
90889001,2018,2018-12-24,9450,2018-12-15,0755,016938,,6,1,9,2000,0,1,3,,2,031,"SR 99 NORTHBOUND","AVENUE 9",1800.00,N,N,A,-,Y,,,,,,,,,,Y,2,0,1,2,A,-,03,22350,,N,C,C,A,A,D,-,A,A,0,,,,Y,Y,,D,22,1,0,0,0,0,0,0,0,0,"- ","- ",36.535259246826172,-119.59271240234375,MADERA,UNINCORPORATED,-119.97998809814453,36.884365081787109
90929976,2019,2019-02-20,9450,2019-01-29,1447,018075,,2,2,9,2000,0,3,5,,2,040,"CHILDREN'S BOULEVARD","CROCKET WAY",920.00,W,N,A,-,N,,,,,,,,,,Y,1,1,1,2,A,-,08,22107,,N,D,C,A,A,H,-,A,D,0,,,,,Y,,A,01,0,1,0,0,0,0,0,0,0,"- ","- ",36.881328582763672,-119.80805206298828,MADERA,UNINCORPORATED,-119.80792999267578,36.881446838378906
90962857,2019,2019-04-08,9450,2019-03-26,0743,016946,,2,1,9,2000,0,3,5,,2,020,"AVENUE 24","COUNTY ROAD 19 1/2",10.00,E,N,B,-,N,,,,,,,,,,Y,2,0,2,2,A,-,03,22350,,N,C,C,A,A,H,-,A,D,0,,,,,Y,,A,01,1,0,1,0,0,0,0,0,0,"- ","- ",37.098228454589844,-120.19280242919922,MADERA,UNINCORPORATED,-120.19306945800781,37.098209381103516
90972404,2019,2019-04-22,9456,2019-04-14,0651,018463,,7,1,9,2000,0,3,5,,2,050,"COUNTY ROAD 222","COUNTY ROAD 226",220.00,S,N,A,-,N,,,,,,,,,,Y,2,0,2,1,A,-,01,23152,A,N,E,I,A,A,H,-,A,D,0,,,,,Y,Y,D,22,1,1,0,0,0,0,0,0,0,"- ","- ",37.245090484619141,-119.51847076416016,MADERA,UNINCORPORATED,-119.51860809326172,37.245113372802734
90979317,2019,2019-04-30,9450,2019-04-19,0540,016938,,5,3,9,2000,0,3,5,,2,030,"COUNTY ROAD 29","AVENUE 14 1/2",1500.00,S,N,A,-,N,,,,,,,,,,N,2,0,1,2,A,-,03,22350,,F,C,G,A,A,H,-,B,D,0,,Y,,,Y,,-,99,1,0,0,0,0,0,1,0,0,"- ","- ",36.958839416503906,-120.01954650878906,MADERA,UNINCORPORATED,-120.01950836181641,36.955741882324219
91005922,2019,2019-06-07,9450,2019-05-05,2103,018612,,7,2,9,2000,0,1,3,,2,012,"STATE ROUTE 99 NORTHBOUND","AVENUE 21 1/2",9504.00,N,N,A,-,Y,,,99,,,,,,N,Y,1,1,0,1,A,-,01,23152,A,N,E,I,A,A,H,-,C,D,0,,,,,Y,Y,D,22,0,0,0,0,0,0,0,0,0,"- ","- ",37.084381103515625,-120.20884704589844,MADERA,UNINCORPORATED,-120.20890808105469,37.084300994873047
91019309,2019,2019-09-30,9456,2019-02-18,0940,014985,,1,1,9,2000,0,1,3,,2,056,SR-49,"VISTA DEL RIO DR",528.00,N,N,A,-,Y,,,49,,,,,,,Y,1,1,0,2,A,-,03,22350,,N,D,C,A,C,H,-,A,D,0,,,,,Y,,D,22,0,0,0,0,0,0,0,0,0,"- ","- ",37.341449737548828,-119.70561218261719,MADERA,UNINCORPORATED,-119.70559692382812,37.341358184814453
91022225,2019,2019-07-01,9450,2019-06-24,1705,018676,,1,2,9,2000,0,3,5,,2,020,"AVENUE 18","FAIRFIELD DRIVE",0.00,,Y,A,-,N,,,,,,,,,,N,2,0,2,2,A,-,12,22450,A,N,D,C,A,A,H,-,A,A,0,,,Y,,Y,,C,03,1,1,0,0,0,0,0,0,2,"- ","- ",37.011039733886719,-120.08924102783203,MADERA,UNINCORPORATED,-120.08927154541016,37.010940551757812
91028845,2019,2019-07-11,9450,2019-06-22,1500,018923,,6,2,9,2000,0,3,5,,2,040,"COUNTY ROAD 400","COUNTY ROAD 406",2640.00,S,N,A,-,N,,,,,,,,,,N,2,0,1,1,A,-,08,22107,,N,F,A,A,A,H,-,A,D,0,,,Y,,Y,Y,C,02,1,0,0,0,0,0,0,0,1,"- ","- ",37.078628540039062,-119.89640808105469,MADERA,UNINCORPORATED,-119.89508056640625,37.078742980957031
91028901,2019,2019-07-11,9450,2019-07-04,2110,019210,,4,2,9,2000,0,1,3,,1,041,SR-145,"COUNTY ROAD 36",3600.00,W,N,A,-,Y,,,145,,,,,,,Y,2,0,2,1,C,-,18,,,N,E,H,A,A,H,-,D,D,0,,,Y,,Y,,-,"- ",1,0,1,0,0,0,0,0,2,"- ","- ",37.010238647460938,-119.90612030029297,MADERA,UNINCORPORATED,-119.90612030029297,37.010261535644531
91029009,2019,2019-07-11,9450,2019-07-04,1600,019210,,4,2,9,2000,0,3,5,,2,040,"AVENUE 15","COUNTY ROAD 35",15893.00,W,N,A,-,N,,,,,,,,,,Y,2,0,3,2,A,-,05,21650,,N,A,C,A,A,H,-,A,D,0,,,,,Y,,D,22,2,0,1,0,0,0,0,0,0,"- ","- ",36.966670989990234,-119.96814727783203,MADERA,UNINCORPORATED,-119.96628570556641,36.966663360595703
91029534,2019,2019-07-12,9450,2019-07-02,1950,018612,,2,2,9,2000,0,3,5,,2,020,"COUNTY ROAD 600","RIVER ROAD",735.00,N,N,A,-,N,,,,,,,,,,Y,2,0,3,1,A,-,03,22350,,N,E,I,A,A,H,-,A,D,0,,,,,Y,,A,01,2,1,0,0,0,0,0,0,0,"- ","- ",37.074268341064453,-119.96891021728516,MADERA,UNINCORPORATED,-119.96898651123047,37.074306488037109
91050452,2019,2019-08-12,9450,2019-07-29,2155,019105,,1,2,9,2000,0,3,5,,2,030,"AVENUE 7","COUNTY ROAD 19",136.00,E,N,A,-,N,,,,,,,,,,Y,2,0,2,3,A,-,05,21460,A,N,A,C,A,A,H,-,D,D,0,,,,,Y,,A,07,2,0,0,0,0,0,0,0,0,"- ","- ",36.851139068603516,-120.20039367675781,MADERA,UNINCORPORATED,-120.20038604736328,36.851119995117188
91050471,2019,2019-08-12,9450,2019-08-02,1650,020871,,5,2,9,2000,0,1,3,,2,031,"SR-99 N/B TO AVENUE 9","AVENUE 9",0.00,,Y,A,-,Y,,,99,,,,R,,N,Y,2,0,1,2,A,-,09,21802,A,N,D,C,A,A,H,-,A,A,0,,,,,Y,,A,01,1,0,0,0,0,0,0,0,0,"- ","- ",36.880229949951172,-119.97624969482422,MADERA,UNINCORPORATED,-119.97624969482422,36.880229949951172
91054442,2019,2019-08-19,9456,2019-08-11,0640,019295,,7,1,9,2000,0,3,5,,2,050,"COUNTY ROAD 222","DORSTAN DRIVE",55.00,W,N,A,-,N,,,,,,,,,,Y,2,0,2,1,A,-,08,22107,,N,E,I,A,A,H,-,A,D,0,,,,,Y,Y,D,22,2,0,0,0,0,0,0,0,0,"- ","- ",37.363590240478516,-119.61708831787109,MADERA,UNINCORPORATED,-119.61719512939453,37.363456726074219