CASE_ID,ACCIDENT_YEAR,PROC_DATE,JURIS,COLLISION_DATE,COLLISION_TIME,OFFICER_ID,REPORTING_DISTRICT,DAY_OF_WEEK,CHP_SHIFT,POPULATION,CNTY_CITY_LOC,SPECIAL_COND,BEAT_TYPE,CHP_BEAT_TYPE,CITY_DIVISION_LAPD,CHP_BEAT_CLASS,BEAT_NUMBER,PRIMARY_RD,SECONDARY_RD,DISTANCE,DIRECTION,INTERSECTION,WEATHER_1,WEATHER_2,STATE_HWY_IND,CALTRANS_COUNTY,CALTRANS_DISTRICT,STATE_ROUTE,ROUTE_SUFFIX,POSTMILE_PREFIX,POSTMILE,LOCATION_TYPE,RAMP_INTERSECTION,SIDE_OF_HWY,TOW_AWAY,COLLISION_SEVERITY,NUMBER_KILLED,NUMBER_INJURED,PARTY_COUNT,PRIMARY_COLL_FACTOR,PCF_CODE_OF_VIOL,PCF_VIOL_CATEGORY,PCF_VIOLATION,PCF_VIOL_SUBSECTION,HIT_AND_RUN,TYPE_OF_COLLISION,MVIW,PED_ACTION,ROAD_SURFACE,ROAD_COND_1,ROAD_COND_2,LIGHTING,CONTROL_DEVICE,CHP_ROAD_TYPE,PEDESTRIAN_ACCIDENT,BICYCLE_ACCIDENT,MOTORCYCLE_ACCIDENT,TRUCK_ACCIDENT,NOT_PRIVATE_PROPERTY,ALCOHOL_INVOLVED,STWD_VEHTYPE_AT_FAULT,CHP_VEHTYPE_AT_FAULT,COUNT_SEVERE_INJ,COUNT_VISIBLE_INJ,COUNT_COMPLAINT_PAIN,COUNT_PED_KILLED,COUNT_PED_INJURED,COUNT_BICYCLIST_KILLED,COUNT_BICYCLIST_INJURED,COUNT_MC_KILLED,COUNT_MC_INJURED,PRIMARY_RAMP,SECONDARY_RAMP,LATITUDE,LONGITUDE,COUNTY,CITY,POINT_X,POINT_Y
91069553,2019,2019-09-06,9450,2019-08-29,2030,018823,,4,2,9,2000,0,3,5,,2,030,"CHOLLA AVENUE","COUNTY ROAD 28 1/2",51.00,E,N,A,-,N,,,,,,,,,,Y,2,0,1,2,A,-,01,23152,A,N,A,E,A,A,H,-,C,D,0,,,,,Y,Y,A,01,1,0,0,0,0,0,0,0,0,"- ","- ",36.94110107421875,-120.02809906005859,MADERA,UNINCORPORATED,-120.02824401855469,36.9410400390625
91072846,2019,2019-09-11,9456,2019-08-31,1531,021135,,6,2,9,2000,0,1,3,,1,051,SR-41,"COUNTY ROAD 425B",3432.00,N,N,A,-,Y,,,41,,,,,,,Y,2,0,1,1,C,-,18,,,N,E,H,A,A,H,-,A,D,0,,,Y,,Y,,-,"- ",1,0,0,0,0,0,0,0,1,"- ","- ",37.309089660644531,-119.65570831298828,MADERA,UNINCORPORATED,-119.65570831298828,37.309093475341797
91073417,2019,2019-09-12,9450,2019-09-04,1558,018823,,3,2,9,2000,0,1,3,,1,013,"SR-152 W/B","COUNTY ROAD 16",0.00,,Y,A,-,Y,,,152,,,,,,W,Y,2,0,2,2,A,-,09,21802,A,N,D,C,A,A,H,-,A,A,0,,,,,Y,,D,22,1,0,1,0,0,0,0,0,0,"- ","- ",37.084300994873047,-120.25679779052734,MADERA,UNINCORPORATED,-120.25679016113281,37.083896636962891
91086563,2019,2019-10-02,9450,2019-09-22,0110,020882,,7,3,9,2000,0,1,3,,1,041,"STATE ROUTE 145","COUNTY ROAD 36",3696.00,W,N,A,-,Y,,,145,,,,,,,Y,2,0,2,2,A,-,06,21751,,F,B,C,A,A,H,-,D,D,0,,,Y,,Y,Y,A,01,1,1,0,0,0,0,0,0,1,"- ","- ",37.010250091552734,-119.90093231201172,MADERA,UNINCORPORATED,-119.90093231201172,37.010280609130859
91094902,2019,2019-10-10,9450,2019-08-26,1031,016425,,1,1,9,2000,0,3,5,,2,010,"AVENUE 18 1/2","STATE ROUTE 99 S/B TO AVENUE 18 1/2",0.00,,Y,A,-,Y,,,,,,,,,,Y,1,1,0,2,A,-,09,21802,A,N,D,C,A,A,H,-,A,A,0,,,Y,Y,Y,,C,02,0,0,0,0,0,0,0,1,0,"- ","- ",37.018230438232422,-120.13117980957031,MADERA,UNINCORPORATED,,
91097417,2019,2019-10-23,9450,2019-10-04,1930,018551,,5,2,9,2000,0,3,5,,2,030,"FIREBAUGH BOULEVARD","CHOWCHILLA CANAL",4750.00,N,N,A,-,N,,,,,,,,,,Y,2,0,2,2,A,-,08,22107,,N,A,C,A,A,H,-,D,D,0,,,,,Y,,A,01,1,1,0,0,0,0,0,0,0,"- ","- ",36.881900787353516,-120.30599975585938,MADERA,UNINCORPORATED,-120.30599975585938,36.881900787353516
91098031,2019,2019-10-15,9450,2019-10-04,0628,018075,,5,1,9,2000,0,3,5,,2,040,"COUNTY ROAD 145","COUNTY ROAD 206",2047.00,N,N,A,-,N,,,,,,,,,,Y,2,0,1,1,A,-,08,22107,,N,E,J,A,A,H,-,D,D,0,,,,,Y,,A,01,1,0,0,0,0,0,0,0,0,"- ","- ",37.014190673828125,-119.73018646240234,MADERA,UNINCORPORATED,-119.73026275634766,37.014118194580078
91099441,2019,2019-10-17,9450,2019-10-01,1129,016764,,2,1,9,2000,0,3,5,,2,020,"COUNTY ROAD 22","AVENUE 24",0.00,,Y,A,-,N,,,,,,,,,,Y,2,0,5,2,A,-,12,22450,A,N,D,C,A,A,H,-,A,A,0,,,,,Y,,M,47,2,3,0,0,0,0,0,0,0,"- ","- ",37.098079681396484,-120.14730072021484,MADERA,UNINCORPORATED,-120.14707183837891,37.098129272460938
91122664,2019,2019-11-18,9456,2019-11-12,0930,017445,,2,1,9,2000,0,3,5,,2,050,"COUNTY ROAD 222","SIERRA LINDA DR",525.00,N,N,A,-,N,,,,,,,,,,N,2,0,1,1,A,-,08,22107,,N,F,I,A,A,H,-,A,D,0,,,Y,,Y,,C,02,1,0,0,0,0,0,0,0,1,"- ","- ",37.267829895019531,-119.53446197509766,MADERA,UNINCORPORATED,-119.53448486328125,37.267841339111328
91139036,2019,2020-01-24,9456,2019-09-10,2500,017445,,2,4,9,2000,0,3,5,,2,050,"COUNTY ROAD 222","COUNTY ROAD 426",2965.00,W,N,A,-,N,,,,,,,,,,Y,1,2,0,1,A,-,08,22107,,N,E,I,A,A,H,-,D,D,0,,,,,Y,Y,A,01,0,0,0,0,0,0,0,0,0,"- ","- ",37.319778442382812,-119.57713317871094,MADERA,UNINCORPORATED,-119.57711029052734,37.319812774658203
91141549,2019,2020-01-24,9456,2019-10-18,1600,020635,,5,2,9,2000,0,1,3,,1,051,SR-41,"COYOTE HOLLOW LN",526.00,N,N,A,-,Y,,,41,,,,,,,Y,1,1,0,3,A,-,08,22107,,N,E,I,A,A,H,-,A,D,0,,,,,Y,Y,A,01,0,0,0,0,0,0,0,0,0,"- ","- ",37.242359161376953,-119.70731353759766,MADERA,UNINCORPORATED,-119.70721435546875,37.242317199707031
91147086,2019,2019-12-19,9450,2019-12-13,1730,018551,,5,2,9,2000,0,1,3,,1,037,SR-145,"AVENUE 12",475.00,N,N,B,-,Y,,,145,,,,,,,Y,2,0,1,2,A,-,03,22350,,N,C,C,A,A,H,-,D,D,0,,,,Y,Y,,A,01,1,0,0,0,0,0,0,0,0,"- ","- ",36.925521850585938,-120.05612182617188,MADERA,UNINCORPORATED,-120.05606079101562,36.925521850585938
91156478,2019,2019-12-31,9450,2019-12-21,0030,020592,,6,3,9,2000,0,1,3,,1,043,"STATE ROUTE 41","JEWEL VISTA COURT",4224.00,S,N,A,-,Y,,,41,,,,,,,Y,2,0,1,1,A,-,01,23152,A,N,E,I,A,A,H,-,D,D,0,,,Y,,Y,Y,C,02,1,0,0,0,0,0,0,0,1,"- ","- ",37.072868347167969,-119.76246643066406,MADERA,UNINCORPORATED,-119.76248168945312,37.0728759765625
91187535,2020,2020-02-17,9450,2020-02-07,2044,020759,,5,2,9,2000,0,1,3,,1,043,"SR-41 SOUTHBOUND","COUNTY ROAD 209",2429.00,N,N,A,-,Y,,,41,,,,,,S,Y,2,0,3,2,A,-,08,22107,,N,B,C,A,A,H,-,D,D,0,,,,,Y,,A,07,1,1,1,0,0,0,0,0,0,"- ","- ",37.026348114013672,-119.79022979736328,MADERA,UNINCORPORATED,-119.79018402099609,37.026317596435547
91192463,2019,2020-02-24,9450,2019-12-07,2500,016764,,6,4,9,2000,0,3,5,,2,030,"COUNTY ROAD 29","AVENUE 15",1215.00,S,N,B,-,N,,,,,,,,,,Y,1,1,0,1,A,-,08,22107,,N,E,I,A,A,H,-,D,D,0,,,,,Y,,A,01,0,0,0,0,0,0,0,0,0,"- ","- ",36.963901519775391,-120.01966094970703,MADERA,UNINCORPORATED,-120.01956939697266,36.963794708251953
91195016,2020,2020-02-27,9456,2020-02-19,1422,017677,,3,2,9,2000,0,2,4,,1,054,"COUNTY ROAD 274","MARINA VIEW DR.",2112.00,N,N,A,-,N,,,,,,,,,,Y,2,0,1,1,A,-,08,22107,,N,E,I,A,A,H,-,A,D,0,,,,,Y,,A,07,1,0,0,0,0,0,0,0,0,"- ","- ",37.297981262207031,-119.52571868896484,MADERA,UNINCORPORATED,,
91223401,2020,2020-04-09,9456,2020-02-09,0155,021285,,7,3,9,2000,0,1,3,,1,051,SR-41,"MORAVA RD",68.00,S,N,A,-,Y,,,41,,,,,,,Y,1,2,0,1,A,-,01,23152,G,N,E,I,A,A,H,-,C,D,0,,,,,Y,Y,A,01,0,0,0,0,0,0,0,0,0,"- ","- ",37.263839721679688,-119.68634033203125,MADERA,UNINCORPORATED,-119.68634033203125,37.263809204101562
91230109,2020,2020-05-08,9450,2020-04-18,1505,020406,,6,2,9,2000,0,1,3,,2,011,"S/B SR-99","AVENUE 21",528.00,S,N,A,-,Y,,,99,,,,,,,Y,2,0,2,2,A,-,01,23152,A,N,C,C,A,A,H,-,A,D,0,,,,Y,Y,Y,A,07,1,1,0,0,0,0,0,0,0,"- ","- ",37.053199768066406,-120.17060089111328,MADERA,UNINCORPORATED,-120.17057800292969,37.053226470947266
91236284,2020,2020-05-11,9456,2020-05-09,2018,020787,,6,2,9,2000,0,1,3,,1,052,SR-41,"MIAMI MOUNTAIN MOTOCYCLE TRAIL",528.00,S,N,A,-,Y,,,41,,,,,,,N,2,0,2,1,A,-,03,22350,,N,F,A,A,A,H,-,D,D,0,,,Y,,Y,,C,02,1,0,1,0,0,0,0,0,2,"- ","- ",37.443500518798828,-119.65318298339844,MADERA,UNINCORPORATED,-119.65317535400391,37.443504333496094
91252152,2020,2020-06-15,9450,2020-06-07,0518,019385,,7,3,9,2000,0,1,3,,1,043,"STATE ROUTE 41 SOUTHBOUND","COUNTY ROAD 209",2640.00,N,N,A,-,Y,,,41,,,,,,S,Y,2,0,3,1,A,-,08,22107,,N,F,A,A,A,H,-,B,D,0,,,,,Y,,A,01,1,1,1,0,0,0,0,0,0,"- ","- ",37.026359558105469,-119.79023742675781,MADERA,UNINCORPORATED,-119.79018402099609,37.026321411132812
91265249,2020,2020-07-08,9450,2020-07-05,1550,021202,,7,2,9,2000,0,1,3,,1,043,"STATE ROUTE 41","COUNTY ROAD 208",2270.00,S,N,A,-,Y,,,41,,,,,,,Y,2,0,2,2,A,-,09,21801,A,N,D,C,A,A,H,-,A,D,0,,,,,Y,,A,01,1,0,1,0,0,0,0,0,0,"- ","- ",37.033821105957031,-119.78497314453125,MADERA,UNINCORPORATED,-119.78498077392578,37.033824920654297
91265833,2020,2020-07-09,9456,2020-07-02,1150,017445,,4,1,9,2000,0,3,5,,2,050,"COUNTY ROAD 222","DORSTAN DR",297.00,E,N,A,-,N,,,,,,,,,,Y,2,0,1,1,A,-,08,22107,,N,E,I,A,A,H,-,A,D,0,,,,,Y,,A,01,1,0,0,0,0,0,0,0,0,"- ","- ",37.363178253173828,-119.61566925048828,MADERA,UNINCORPORATED,-119.616131,37.362990000000003
9126702,2020,2022-07-05,2002,2020-07-11,2121,3660,2002,6,5,4,2002,0,0,0,,0,002,"LAKE ST N","KENNEDY ST E",84.00,N,N,A,-,N,,,,,,,,,,Y,1,1,0,2,A,-,01,23152,A,F,C,C,A,A,H,-,C,D,0,,,Y,,Y,Y,A,07,0,0,0,0,0,0,0,1,0,"- ","- ",,,MADERA,MADERA,-120.05612182617188,36.981948852539062
91291936,2020,2020-08-25,9450,2020-08-13,1534,019105,,4,2,9,2000,0,3,5,,2,020,"AVENUE 21","DEL MAR ROAD",59.00,E,N,B,-,N,,,,,,,,,,Y,2,0,2,1,C,-,18,,,N,E,I,A,A,H,-,A,D,0,,,,,Y,,-,"- ",1,0,1,0,0,0,0,0,0,"- ","- ",37.053981781005859,-119.99574279785156,MADERA,UNINCORPORATED,-119.99559020996094,37.054069519042969
91297269,2020,2020-09-01,9450,2020-07-22,0028,020759,,3,3,9,2000,0,2,4,,2,045,"AVENUE 12","COUNTY ROAD 32",1056.00,W,N,A,-,N,,,,,,,,,,Y,1,1,0,1,A,-,01,23152,A,N,E,I,A,A,H,-,D,D,0,,,,,Y,Y,D,22,0,0,0,0,0,0,0,0,0,"- ","- ",36.923198699951172,-119.97000122070312,MADERA,UNINCORPORATED,-119.9686279296875,36.923221588134766
91297414,2020,2020-09-02,9450,2020-08-24,1025,016938,,1,1,9,2000,0,3,5,,2,040,"AVENUE 14","COUNTY ROAD 35",0.00,,Y,A,-,N,,,,,,,,,,Y,2,0,2,2,A,-,12,22450,A,N,D,C,A,A,H,-,A,A,0,,,,,Y,,D,22,2,0,0,0,0,0,0,0,0,"- ","- ",36.952041625976562,-119.91210174560547,MADERA,UNINCORPORATED,-119.91207122802734,36.952060699462891
91297895,2020,2020-09-02,9456,2020-07-14,1755,017677,,2,2,9,2000,0,3,5,,2,050,"COUNTY ROAD 221","COUNTY ROAD 226",417.00,S,N,A,-,N,,,,,,,,,,Y,1,1,0,1,A,-,01,23152,A,N,E,I,A,A,H,-,A,A,0,,,,,Y,Y,A,01,0,0,0,0,0,0,0,0,0,"- ","- ",37.242439270019531,-119.54326629638672,MADERA,UNINCORPORATED,-119.543121,37.242981
91298657,2020,2020-09-03,9450,2020-08-27,1458,018612,,4,2,9,2000,0,1,3,,2,012,"SR-99 SOUTHBOUND TO CHOWCHILLA BLVD","AVENUE 27",14.00,N,N,A,-,Y,,,99,,,,R,,S,Y,2,0,2,2,A,-,03,22350,,N,D,C,A,A,H,-,A,D,0,,,Y,,Y,,C,02,1,0,1,0,0,0,0,0,1,"- ","- ",37.141891479492188,-120.27780151367188,MADERA,UNINCORPORATED,-120.27780151367188,37.141891479492188
91300736,2020,2020-09-08,9456,2020-08-28,1958,020944,,5,2,9,2000,0,3,5,,2,050,"YOSEMITE SPRINGS PKWY","BEAVER CREEK RD",30.00,W,N,A,-,N,,,,,,,,,,Y,2,0,2,1,A,-,01,23152,A,N,E,I,A,A,H,-,D,D,0,,,,,Y,Y,A,01,1,0,1,0,0,0,0,0,0,"- ","- ",37.160648345947266,-119.74707794189453,MADERA,UNINCORPORATED,-119.74497985839844,37.158771514892578
91304105,2020,2020-09-14,9450,2020-09-06,2215,019105,,7,3,9,2000,0,1,3,,2,012,"S/B SR-99","AVENUE 24",2112.00,S,N,A,-,Y,,,99,,,,,,,Y,2,0,1,2,A,-,01,23152,F,N,E,I,A,A,H,-,D,D,0,,,,,Y,,A,01,1,0,0,0,0,0,0,0,0,"- ","- ",37.091930389404297,-120.21401977539062,MADERA,UNINCORPORATED,-120.21410369873047,37.091911315917969
91337324,2020,2021-01-18,9456,2020-10-22,1433,020944,,4,2,9,2000,0,3,5,,2,050,"COUNTY ROAD 221","PAHUMA WAY",0.00,,Y,A,-,N,,,,,,,,,,Y,2,0,2,2,A,-,05,21460,A,N,A,C,A,A,H,-,A,D,0,,,,,Y,,A,01,2,0,0,0,0,0,0,0,0,"- ","- ",37.223220825195312,-119.55030822753906,MADERA,UNINCORPORATED,-119.550369,37.223187000000003
91353608,2020,2020-11-25,9450,2020-11-15,2155,018075,,7,2,9,2000,0,3,5,,2,010,"COUNTY ROAD 19 1/2","AVENUE 17",10.00,S,N,A,-,N,,,,,,,,,,Y,2,0,1,1,A,-,03,22350,,N,E,J,A,A,H,-,D,A,0,,,,,Y,,A,01,1,0,0,0,0,0,0,0,0,"- ","- ",36.996368408203125,-120.19326782226562,MADERA,UNINCORPORATED,-120.19325256347656,36.996421813964844
91357047,2020,2021-05-03,9456,2020-11-01,0117,021285,,7,3,9,2000,0,2,4,,1,053,"COUNTY ROAD 200","BONNIE B ROAD",435.00,W,N,A,-,N,,,,,,,,,,Y,1,1,0,3,A,-,01,23152,A,N,G,C,E,A,H,-,D,D,0,Y,,,,Y,Y,A,07,0,0,0,1,0,0,0,0,0,"- ","- ",37.211250305175781,-119.52742767333984,MADERA,UNINCORPORATED,-119.52737999999999,37.211284999999997
91418164,2020,2021-03-01,9450,2020-10-22,0600,018551,,4,1,9,2000,0,1,3,,1,013,"STATE ROUTE 152","COUNTY ROAD 4",0.00,,Y,A,-,Y,,,152,,,,,,,Y,1,1,3,2,A,-,09,21802,A,N,D,C,A,A,H,-,D,A,0,,,,,Y,,A,01,2,0,1,0,0,0,0,0,0,"- ","- ",37.083641052246094,-120.47347259521484,MADERA,UNINCORPORATED,-120.47347259521484,37.083663940429688
91422413,2021,2021-03-08,9450,2021-02-27,1452,021188,,6,2,9,2000,0,1,3,,2,011,"SR-99 S/B (GOLDEN STATE HIGHWAY)","AVENUE 17",2640.00,N,N,A,-,Y,,,99,,,,,,S,Y,2,0,8,4,A,-,03,22350,,N,C,C,A,A,D,H,A,D,0,,,,,Y,,D,22,2,2,4,0,0,0,0,0,0,"- ","- ",37.003730773925781,-120.10993194580078,MADERA,UNINCORPORATED,-120.11002349853516,37.003612518310547
91426394,2020,2021-03-12,9450,2020-11-19,1643,020882,,4,2,9,2000,0,1,3,,1,013,"STATE ROUTE 152","COUNTY ROAD 13",0.00,,Y,A,B,Y,,,152,,,,,,,Y,1,1,0,2,A,-,01,23152,F,N,D,C,A,A,H,-,A,A,0,,,,Y,Y,,A,01,0,0,0,0,0,0,0,0,0,"- ","- ",37.083591461181641,-120.31080627441406,MADERA,UNINCORPORATED,-120.31080627441406,37.083587646484375
91460437,2020,2021-04-28,9450,2020-12-13,2350,016950,,7,3,9,2000,0,3,5,,2,020,"FAIRMEAD BOULEVARD","AVENUE 23",89.00,S,N,E,-,N,,,,,,,,,,N,1,1,0,2,A,-,01,23152,F,F,G,B,E,B,H,-,D,D,0,Y,,,,Y,,A,01,0,0,0,1,0,0,0,0,0,"- ","- ",37.083568572998047,-120.20635986328125,MADERA,UNINCORPORATED,-120.20621490478516,37.08343505859375
91466194,2021,2021-05-05,9450,2021-04-24,1509,018075,,6,2,9,2000,0,3,5,,2,040,"COUNTY ROAD 400","LILLEY MOUNTAIN DRIVE",3212.00,S,N,A,-,N,,,,,,,,,,Y,2,0,2,1,A,-,08,22107,,N,E,J,A,A,H,-,A,D,0,,,Y,,Y,,C,02,2,0,0,0,0,0,0,0,2,"- ","- ",37.172748565673828,-119.8341064453125,MADERA,UNINCORPORATED,-119.83406829833984,37.172824859619141
91471815,2021,2021-05-12,9450,2021-05-02,1913,017827,,7,2,9,2000,0,3,5,,2,010,"AVENUE 23 1/2","COUNTY ROAD 16",0.00,,Y,A,-,N,,,,,,,,,,Y,2,0,2,2,A,-,01,23153,F,N,D,C,A,A,H,-,A,A,0,,,,,Y,,A,07,2,0,0,0,0,0,0,0,0,"- ","- ",37.091041564941406,-120.25675201416016,MADERA,UNINCORPORATED,-120.25679016113281,37.091007232666016
91473831,2021,2021-05-14,9456,2021-05-05,2020,021290,,3,2,9,2000,0,2,4,,1,054,"COUNTY ROAD 274","OLD CENTRAL CAMP RD",224.00,S,N,A,-,N,,,,,,,,,,N,2,0,1,2,A,-,05,21650,,N,B,G,A,A,H,-,D,D,0,,Y,,,Y,,L,04,1,0,0,0,0,0,1,0,0,"- ","- ",37.258861541748047,-119.50782775878906,MADERA,UNINCORPORATED,-119.50771331787109,37.258808135986328
91478093,2021,2021-05-20,9450,2021-04-23,2340,020406,,5,3,9,2000,0,1,3,,1,043,SR-41,"COUNTY ROAD 208",3696.00,N,N,A,-,Y,,,41,,,,,,,Y,2,0,5,3,A,-,01,23152,A,N,B,C,A,A,H,-,D,D,0,,,,,Y,Y,A,01,3,1,1,0,0,0,0,0,0,"- ","- ",37.048900604248047,-119.77559661865234,MADERA,UNINCORPORATED,-119.77577209472656,37.048988342285156
91478137,2021,2021-05-27,9456,2021-05-11,1220,018970,,2,1,9,2000,0,1,3,,1,052,SR-41,"COUNTY ROAD 200",2640.00,N,N,A,-,Y,,,41,,,,,,,Y,2,0,3,2,A,-,09,21804,A,N,D,2,A,A,H,-,A,D,0,,,,Y,Y,,A,01,1,2,0,0,0,0,0,0,0,"- ","- ",37.131179809570312,-119.73487854003906,MADERA,UNINCORPORATED,-119.73496246337891,37.131202697753906
91485669,2021,2021-05-31,9450,2021-05-19,1910,018612,,3,2,9,2000,0,3,5,,2,020,"HICKORY ST.","AVENUE 22 1/2",0.00,,Y,A,-,N,,,,,,,,,,N,2,0,1,2,A,-,12,22450,A,N,D,C,A,A,H,-,A,A,0,,,Y,,Y,,C,03,1,0,0,0,0,0,0,0,1,"- ","- ",37.076389312744141,-120.19158935546875,MADERA,UNINCORPORATED,-120.19161987304688,37.076374053955078
91489755,2021,2021-06-04,9450,2021-05-23,1615,017827,,7,2,9,2000,0,1,3,,2,011,"SR-99 (S/B)","CLEVELAND AVENUE",500.00,N,N,A,-,Y,,,,,,,,,,Y,2,0,3,7,A,-,03,22350,,N,C,C,A,A,D,-,A,D,0,,,,,Y,,D,22,2,1,0,0,0,0,0,0,0,"- ","- ",36.975978851318359,-120.0782470703125,MADERA,UNINCORPORATED,,
91508110,2021,2021-06-28,9456,2021-06-20,0430,021130,,7,3,9,2000,0,1,3,,1,052,"STATE HIGHWAY 41","TEDDY BEAR LN",755.00,S,N,A,-,Y,,,41,,,,,,,Y,2,0,1,1,A,-,01,23152,A,N,E,I,A,A,H,-,D,D,0,,,,,Y,Y,A,07,1,0,0,0,0,0,0,0,0,"- ","- ",37.335071563720703,-119.64597320556641,MADERA,UNINCORPORATED,-119.64606475830078,37.335117340087891
91512364,2021,2021-07-02,9450,2021-06-22,0815,018612,,2,1,9,2000,0,3,5,,2,030,"COUNTY ROAD 28 1/2","AVENUE 15",0.00,,Y,A,-,N,,,,,,,,,,Y,2,0,1,2,A,-,01,23152,A,N,D,C,A,A,H,-,A,D,0,,,,,Y,Y,D,22,1,0,0,0,0,0,0,0,0,"- ","- ",36.967128753662109,-120.02866363525391,MADERA,UNINCORPORATED,-120.02861785888672,36.967140197753906
91521948,2021,2021-07-16,9450,2021-07-09,0515,021202,,5,3,9,2000,0,3,5,,2,040,"AVENUE 15","COUNTY ROAD 29",10402.00,E,N,A,-,N,,,,,,,,,,Y,2,0,2,2,A,-,08,22107,,N,A,C,A,A,H,-,B,D,0,,,,,Y,,A,01,1,1,0,0,0,0,0,0,0,"- ","- ",36.966800689697266,-119.98378753662109,MADERA,UNINCORPORATED,-119.9840087890625,36.966800689697266
91536888,2021,2021-08-04,9450,2021-07-24,1017,019105,,6,1,9,2000,0,3,5,,2,040,"COUNTY ROAD 36","AVENUE 15",262.00,N,N,A,-,N,,,,,,,,,,Y,2,0,1,1,A,-,01,23152,A,N,E,I,A,A,H,-,A,D,0,,,,,Y,Y,A,01,1,0,0,0,0,0,0,0,0,"- ","- ",36.968379974365234,-119.89380645751953,MADERA,UNINCORPORATED,-119.89381408691406,36.967338562011719
91540803,2021,2021-08-09,9450,2021-07-27,1110,017032,,2,1,9,2000,0,1,3,,1,043,"SR-41 SOUTHBOUND","COUNTY ROAD 208",0.00,,Y,A,-,Y,,,41,,,,,,S,Y,2,0,3,3,A,-,09,21802,A,N,D,2,A,A,H,-,A,A,0,,,,,Y,,A,08,1,1,1,0,0,0,0,0,0,"- ","- ",37.039379119873047,-119.78117370605469,MADERA,UNINCORPORATED,-119.78110504150391,37.039333343505859
91543337,2021,2021-08-12,9456,2021-08-04,1330,017445,,3,1,9,2000,0,3,5,,2,050,"DEER RUN TRAIL","CEDAR VALLEY DRIVE",969.00,W,N,A,-,N,,,,,,,,,,N,2,0,1,1,A,-,08,22107,,N,E,I,A,A,H,-,A,D,0,,,Y,,Y,,C,06,1,0,0,0,0,0,0,0,1,"- ","- ",37.3973388671875,-119.62819671630859,MADERA,UNINCORPORATED,-119.63037872314453,37.395748138427734
91551918,2021,2021-08-23,9450,2021-08-06,2255,020253,,5,3,9,2000,0,3,5,,2,040,"AVENUE 13 1/4","COUNTY ROAD 35",0.00,,Y,A,-,N,,,,,,,,,,Y,2,0,1,2,A,-,12,22450,A,F,D,C,A,A,H,-,D,A,0,,,,,Y,,D,22,1,0,0,0,0,0,0,0,0,"- ","- ",36.941059112548828,-119.91220092773438,MADERA,UNINCORPORATED,-119.91217803955078,36.941032409667969
91557407,2021,2021-08-27,9456,2021-08-17,1420,020944,,2,2,9,2000,0,1,3,,1,051,SR-41,"COUNTY ROAD 416",239.00,N,N,A,-,Y,,,41,,,,,,,Y,2,0,2,1,A,-,01,23152,F,N,E,I,A,A,H,-,A,D,0,,,,,Y,,A,08,2,0,0,0,0,0,0,0,0,"- ","- ",37.202808380126953,-119.72216796875,MADERA,UNINCORPORATED,-119.72216796875,37.202808380126953
91571251,2021,2021-09-15,9450,2021-09-04,2006,018612,,6,2,9,2000,0,3,5,,2,020,"COUNTY ROAD 27","MARTIN STREET",270.00,N,N,A,-,N,,,,,,,,,,N,2,0,1,2,A,-,05,21202,A,N,D,G,A,A,H,-,D,D,0,,Y,,,Y,,L,04,1,0,0,0,0,0,1,0,0,"- ","- ",36.993370056152344,-120.05616760253906,MADERA,UNINCORPORATED,-120.05615234375,36.993301391601562
91580888,2021,2021-09-27,9450,2021-04-23,0515,020759,,5,3,9,2000,0,3,5,,2,020,"AVENUE 26","SANTA FE DRIVE",0.00,,Y,A,-,N,,,,,,,,,,Y,1,1,0,2,A,-,12,22450,A,N,D,C,A,A,H,-,D,A,0,,,,,Y,,A,07,0,0,0,0,0,0,0,0,0,"- ","- ",37.127059936523438,-120.15104675292969,MADERA,UNINCORPORATED,-120.15106964111328,37.127052307128906
91599560,2021,2021-10-18,9450,2021-10-13,1345,018551,,3,1,9,2000,0,3,5,,2,040,"COUNTY ROAD 29","AVENUE 16",481.00,N,N,A,-,N,,,,,,,,,,N,2,0,1,1,A,-,08,22107,,N,E,I,A,A,H,-,A,D,0,,,,,Y,,A,01,1,0,0,0,0,0,0,0,0,"- ","- ",36.982818603515625,-120.01953125,MADERA,UNINCORPORATED,-120.01953887939453,36.982879638671875
91614943,2021,2021-11-03,9456,2021-10-23,1410,021290,,6,2,9,2000,0,1,3,,1,051,"S/B SR-41 N OF KENNEDY","KENNEDY RD",83.00,N,N,A,-,Y,,,41,,,,R,,,Y,2,0,1,4,A,-,03,22350,,N,C,C,A,A,H,-,A,D,0,,,,,Y,,A,07,1,0,0,0,0,0,0,0,0,"- ","- ",37.208690643310547,-119.71218109130859,MADERA,UNINCORPORATED,-119.71218109130859,37.208690643310547
91618200,2021,2021-11-08,9456,2021-10-29,1845,020787,,5,2,9,2000,0,3,5,,2,050,"COUNTY ROAD 222","CEDAR LN",1056.00,S,N,A,-,N,,,,,,,,,,Y,2,0,1,1,A,-,01,23152,A,N,F,A,A,A,H,-,D,D,0,,,Y,,Y,Y,C,02,1,0,0,0,0,0,0,0,1,"- ","- ",37.280330657958984,-119.53449249267578,MADERA,UNINCORPORATED,-119.53395843505859,37.269474029541016