CASE_ID,ACCIDENT_YEAR,PROC_DATE,JURIS,COLLISION_DATE,COLLISION_TIME,OFFICER_ID,REPORTING_DISTRICT,DAY_OF_WEEK,CHP_SHIFT,POPULATION,CNTY_CITY_LOC,SPECIAL_COND,BEAT_TYPE,CHP_BEAT_TYPE,CITY_DIVISION_LAPD,CHP_BEAT_CLASS,BEAT_NUMBER,PRIMARY_RD,SECONDARY_RD,DISTANCE,DIRECTION,INTERSECTION,WEATHER_1,WEATHER_2,STATE_HWY_IND,CALTRANS_COUNTY,CALTRANS_DISTRICT,STATE_ROUTE,ROUTE_SUFFIX,POSTMILE_PREFIX,POSTMILE,LOCATION_TYPE,RAMP_INTERSECTION,SIDE_OF_HWY,TOW_AWAY,COLLISION_SEVERITY,NUMBER_KILLED,NUMBER_INJURED,PARTY_COUNT,PRIMARY_COLL_FACTOR,PCF_CODE_OF_VIOL,PCF_VIOL_CATEGORY,PCF_VIOLATION,PCF_VIOL_SUBSECTION,HIT_AND_RUN,TYPE_OF_COLLISION,MVIW,PED_ACTION,ROAD_SURFACE,ROAD_COND_1,ROAD_COND_2,LIGHTING,CONTROL_DEVICE,CHP_ROAD_TYPE,PEDESTRIAN_ACCIDENT,BICYCLE_ACCIDENT,MOTORCYCLE_ACCIDENT,TRUCK_ACCIDENT,NOT_PRIVATE_PROPERTY,ALCOHOL_INVOLVED,STWD_VEHTYPE_AT_FAULT,CHP_VEHTYPE_AT_FAULT,COUNT_SEVERE_INJ,COUNT_VISIBLE_INJ,COUNT_COMPLAINT_PAIN,COUNT_PED_KILLED,COUNT_PED_INJURED,COUNT_BICYCLIST_KILLED,COUNT_BICYCLIST_INJURED,COUNT_MC_KILLED,COUNT_MC_INJURED,PRIMARY_RAMP,SECONDARY_RAMP,LATITUDE,LONGITUDE,COUNTY,CITY,POINT_X,POINT_Y
91662206,2021,2021-12-27,9450,2021-08-05,2035,021202,,4,2,9,2000,0,1,3,,1,037,"STATE ROUTE 145","AVENUE 6",0.00,,Y,A,-,Y,,,145,,,,,,,Y,1,1,2,2,A,-,12,22450,A,N,D,C,A,A,H,-,C,A,0,,,,Y,Y,,A,08,1,0,1,0,0,0,0,0,0,"- ","- ",36.836780548095703,-120.05590057373047,MADERA,UNINCORPORATED,-120.05584716796875,36.836769104003906
91663392,2021,2021-12-28,9450,2021-12-15,1049,019105,,3,1,9,2000,0,3,5,,2,030,"AVENUE 7","COUNTY ROAD 16",7392.00,E,N,A,-,N,,,,,,,,,,Y,2,0,2,2,A,-,09,21801,A,N,D,C,A,A,H,-,A,D,0,,,,,Y,,A,01,1,0,1,0,0,0,0,0,0,"- ","- ",36.851009368896484,-120.23069763183594,MADERA,UNINCORPORATED,-120.23032379150391,36.850990295410156
91677543,2022,2022-01-13,9456,2022-01-03,1100,018970,,1,1,9,2000,0,2,4,,1,054,"COUNTY ROAD 274","ROAD 331",3168.00,S,N,A,-,N,,,,,,,,,,N,2,0,1,1,A,-,03,22350,,N,F,A,A,C,H,-,A,A,0,,,,,Y,,A,07,1,0,0,0,0,0,0,0,0,"- ","- ",37.333271026611328,-119.56950378417969,MADERA,UNINCORPORATED,-119.56953430175781,37.333705902099609
91680095,2022,2022-01-18,9456,2022-01-07,1342,020635,,5,1,9,2000,0,3,5,,2,050,"COUNTY ROAD 416","COUNTY ROAD 415",25.00,S,N,B,-,N,,,,,,,,,,Y,2,0,1,1,A,-,08,22107,,N,F,A,A,A,H,-,A,D,0,,,Y,,Y,,C,02,1,0,0,0,0,0,0,0,1,"- ","- ",37.231918334960938,-119.74204254150391,MADERA,UNINCORPORATED,-119.74240875244141,37.232101440429688
91691070,2022,2022-02-01,9456,2022-01-21,1945,021135,,5,2,4,2002,0,3,5,,2,050,"COUNTY ROAD 426","HANGTREE LN",22.00,E,N,A,-,N,,,,,,,,,,N,2,0,1,1,A,-,03,22350,,N,F,A,A,A,H,-,D,D,0,,,Y,,Y,,C,02,1,0,0,0,0,0,0,0,1,"- ","- ",37.324329376220703,-119.6356201171875,MADERA,MADERA,-119.63568115234375,37.324176788330078
9169485,2020,2020-11-16,2002,2020-09-29,1700,4461,,2,5,4,2002,0,0,0,,0,001,"TOZER ST","PECAN AV",1001.00,N,N,A,-,N,,,,,,,,,,Y,2,0,1,2,A,-,05,21460,,N,A,C,A,A,H,-,A,D,0,,,,,Y,,D,22,1,0,0,0,0,0,0,0,0,"- ","- ",,,MADERA,MADERA,-120.035639,36.938822000000002
91700546,2022,2022-02-14,9450,2022-02-02,2029,018075,,3,2,9,2000,0,1,3,,1,043,"STATE ROUTE 41","COUNTY ROAD 406",2640.00,S,N,A,-,Y,MAD,,41,,,15.004,H,,R,Y,1,1,1,1,A,-,01,23152,A,N,E,J,A,A,H,-,D,D,0,,,,,Y,Y,A,01,1,0,0,0,0,0,0,0,0,"- ","- ",37.086959838867188,-119.75581359863281,MADERA,UNINCORPORATED,-119.75577545166016,37.086948394775391
91713102,2021,2022-11-08,9456,2021-11-12,0407,021130,,5,3,9,2000,0,2,S,,2,057,"COUNTY ROAD 415","HIDDEN KNOLLS ROAD",3673.00,E,N,F,-,N,,,,,,,,,,N,1,1,0,2,A,-,11,21954,A,N,G,B,E,A,H,-,D,D,0,Y,,,,Y,Y,N,60,0,0,0,1,0,0,0,0,0,"- ","- ",37.237781524658203,-119.82475280761719,MADERA,UNINCORPORATED,-119.800048828125,37.241371154785156
91736878,2022,2022-03-30,9456,2022-03-27,1610,021285,,7,2,4,2002,0,3,5,,2,050,"COUNTY ROAD 426","COUNTY ROAD 423",0.00,,Y,A,-,N,,,,,,,,,,Y,2,0,1,2,A,-,03,22350,,N,C,C,A,A,H,-,A,D,0,,,Y,,Y,,D,22,1,0,0,0,0,0,0,0,1,"- ","- ",37.308589935302734,-119.62146759033203,MADERA,MADERA,-119.62138366699219,37.308574676513672
91741148,2022,2022-04-05,9450,2022-03-23,1759,017827,,3,2,9,2000,0,1,3,,1,042,SR-145,"COUNTY ROAD 37",135.00,W,N,A,-,Y,MAD,,145,,,20.875,H,,R,N,2,0,2,2,A,-,08,22107,,N,A,C,A,A,H,-,A,D,0,,,,,Y,,D,22,1,1,0,0,0,0,0,0,0,"- ","- ",37.010299682617188,-119.87632751464844,MADERA,UNINCORPORATED,-119.87632751464844,37.010326385498047
91745944,2022,2022-04-12,9456,2022-04-03,1500,019856,,7,2,9,2000,0,3,5,,2,050,"ROAD 223","COUNTY ROAD 420",25.00,S,N,A,-,N,,,,,,,,,,Y,2,0,1,1,A,-,08,22107,,N,F,A,A,A,H,-,A,D,0,,,Y,,Y,,C,02,1,0,0,0,0,0,0,0,1,"- ","- ",37.287521362304688,-119.58183288574219,MADERA,UNINCORPORATED,,
91747286,2021,2022-04-13,9450,2021-10-29,1520,020253,,5,2,9,2000,0,3,5,,2,040,"COUNTY ROAD 39 1/2","AVENUE 7 1/2",910.00,N,N,A,-,N,,,,,,,,,,Y,1,1,0,1,A,-,01,23152,F,N,E,I,A,A,H,-,A,D,0,,,,,Y,,A,07,0,0,0,0,0,0,0,0,0,"- ","- ",36.861499786376953,-119.82952117919922,MADERA,UNINCORPORATED,-119.82950592041016,36.861545562744141
91749164,2021,2022-04-15,9450,2021-10-28,1911,018551,,4,2,9,2000,0,3,5,,2,030,"AVENUE 7 1/2","COUNTY ROAD 9",2850.00,E,N,B,-,N,,,,,,,,,,Y,1,1,2,2,A,-,01,23152,A,N,A,C,A,A,H,-,D,D,0,,,,,Y,Y,A,01,1,1,0,0,0,0,0,0,0,"- ","- ",36.858619689941406,-120.37374877929688,MADERA,UNINCORPORATED,-120.37210845947266,36.858654022216797
91751387,2022,2022-04-19,9456,2022-04-18,1303,020787,,1,1,4,2002,0,1,3,,1,051,SR-41,"MECCA LANE",6864.00,S,N,A,-,Y,MAD,,41,,,21.217,H,,R,Y,2,0,2,1,A,-,08,22107,,N,E,I,A,A,H,-,A,D,0,,,,,Y,,A,07,1,1,0,0,0,0,0,0,0,"- ","- ",37.171531677246094,-119.72824096679688,MADERA,MADERA,-119.72815704345703,37.171535491943359
91762562,2022,2022-05-02,9450,2022-04-30,1709,021300,,6,2,9,2000,0,1,3,,1,042,"STATE ROUTE 41","AVENUE 12",200.00,N,N,A,-,Y,MAD,,41,,,3.218,H,,R,Y,2,0,5,2,A,-,03,22350,,N,C,D,A,A,H,-,A,D,0,,,,,Y,,A,01,1,4,0,0,0,0,0,0,0,"- ","- ",36.923618316650391,-119.79387664794922,MADERA,UNINCORPORATED,-119.79405975341797,36.923618316650391
91763380,2022,2022-05-03,9450,2022-04-21,1320,017032,,4,1,9,2000,0,3,5,,2,030,"AVENUE 9","COUNTY ROAD 33",352.00,W,N,B,-,N,,,,,,,,,,Y,2,0,1,1,A,-,08,22107,,N,E,I,A,A,H,-,A,D,0,,,,,Y,,A,01,1,0,0,0,0,0,0,0,0,"- ","- ",36.880340576171875,-119.94824981689453,MADERA,UNINCORPORATED,-119.94819641113281,36.880268096923828
91781502,2021,2022-05-26,9456,2021-11-20,1330,020635,,6,1,9,2000,0,2,S,,2,057,"COUNTY ROAD 415","CUTTER ROAD",338.00,E,N,B,-,N,,,,,,,,,,Y,1,1,0,2,A,-,01,23152,,N,D,C,A,A,H,-,A,D,0,,,Y,,Y,Y,C,02,0,0,0,0,0,0,0,1,0,"- ","- ",37.262229919433594,-119.70787048339844,MADERA,UNINCORPORATED,-119.70818328857422,37.262256622314453
91783326,2021,2022-05-27,9456,2021-12-26,1646,020944,,7,2,4,2002,0,1,3,,1,052,"STATE ROUTE 41","CAIN DRIVE",1084.00,N,N,C,-,Y,,,,,,,,,,Y,1,1,4,1,A,-,08,22107,,N,E,I,A,B,H,-,D,D,0,,,,,Y,,D,22,3,1,0,0,0,0,0,0,0,"- ","- ",37.378738403320312,-119.62650299072266,MADERA,MADERA,-119.62636566162109,37.379032135009766
91796139,2022,2022-06-15,9456,2022-06-02,0805,020635,,4,1,9,2000,0,1,3,,2,056,SR-49,"LAURI LANE",0.00,,Y,A,-,Y,MAD,,49,,,3.950,H,,R,Y,2,0,3,3,A,-,03,22350,,N,C,C,A,A,H,-,A,D,0,,,,,Y,,A,07,2,1,0,0,0,0,0,0,0,"- ","- ",37.348579406738281,-119.71904754638672,MADERA,UNINCORPORATED,-119.71904754638672,37.348583221435547
91796556,2022,2022-06-16,9456,2022-06-03,2345,021555,,5,3,4,2002,0,3,5,,2,050,"COUNTY ROAD 600","DUPFY FIRE ROAD",3168.00,S,N,A,-,N,,,,,,,,,,N,2,0,1,1,C,-,18,,,N,H,H,A,A,H,-,D,D,0,,,Y,,Y,,-,"- ",1,0,0,0,0,0,0,0,1,"- ","- ",37.296150207519531,-119.79322814941406,MADERA,MADERA,,
91822258,2022,2022-07-21,9456,2022-05-05,1136,017677,,4,1,9,2000,0,3,5,,2,050,"COUNTY ROAD 222","COUNTY ROAD 200",583.00,N,N,A,-,N,,,,,,,,,,Y,1,1,0,1,A,-,01,23152,G,N,F,A,A,A,H,-,A,D,0,,,Y,,Y,,C,02,0,0,0,0,0,0,0,1,0,"- ","- ",37.220699310302734,-119.50766754150391,MADERA,UNINCORPORATED,-119.50771331787109,37.220569610595703
91822361,2022,2022-07-21,9456,2022-06-12,1330,020787,,7,1,9,2000,0,1,3,,1,052,SR-41,"RIVER FALLS ROAD",95.00,S,N,A,-,Y,MAD,,41,,,37.473,H,,R,Y,1,1,0,1,A,-,08,22107,,N,E,I,A,A,H,-,A,D,0,,,Y,,Y,,C,02,0,0,0,0,0,0,0,1,0,"- ","- ",37.354019165039062,-119.64408111572266,MADERA,UNINCORPORATED,-119.64402770996094,37.354026794433594
91826086,2022,2022-07-27,9450,2022-07-19,1020,016938,,2,1,9,2000,0,2,4,,2,045,"AVENUE 12","COUNTY ROAD 40",18.00,E,N,A,-,N,,,,,,,,,,Y,2,0,2,2,A,-,08,22107,,N,A,C,A,A,H,-,A,D,0,,,,,Y,,A,07,2,0,0,0,0,0,0,0,0,"- ","- ",36.923091888427734,-119.82093811035156,MADERA,UNINCORPORATED,-119.82099914550781,36.923141479492188
91836319,2022,2022-08-09,9450,2022-07-30,0836,020993,,6,1,9,2000,0,3,5,,2,030,"AVENUE 15","COUNTY ROAD 29",818.00,W,N,A,-,N,,,,,,,,,,Y,2,0,3,2,A,-,08,22107,,N,D,C,A,A,H,-,A,D,0,,,,,Y,,A,07,1,1,1,0,0,0,0,0,0,"- ","- ",36.967090606689453,-120.02243804931641,MADERA,UNINCORPORATED,-120.02238464355469,36.967140197753906
91836361,2022,2022-08-09,9450,2022-08-05,0230,021188,,5,3,9,2000,0,3,5,,2,030,"AVENUE 9","COUNTY ROAD 32",300.00,W,N,C,-,N,,,,,,,,,,Y,2,0,1,1,A,-,08,22107,,N,E,I,A,B,D,-,D,D,0,,,,,Y,,A,07,1,0,0,0,0,0,0,0,0,"- ","- ",36.880931854248047,-119.96634674072266,MADERA,UNINCORPORATED,-119.96623229980469,36.880260467529297
91844450,2022,2022-08-19,9450,2022-08-14,2140,021202,,7,2,9,2000,0,3,5,,2,030,"COUNTY ROAD 23","AVENUE 15 1/2",0.00,,Y,A,-,N,,,,,,,,,,Y,2,0,4,2,A,-,12,22450,A,N,D,C,A,A,H,-,D,A,0,,,,,Y,,A,01,1,1,2,0,0,0,0,0,0,"- ","- ",36.97467041015625,-120.12851715087891,MADERA,UNINCORPORATED,-120.12852478027344,36.974662780761719
91845657,2022,2022-08-22,9450,2022-08-13,1130,019105,,6,1,9,2000,0,3,5,,2,020,"SANTA FE DRIVE","AVENUE 26",0.00,,Y,A,-,N,,,,,,,,,,Y,2,0,2,2,A,-,09,21802,A,N,D,C,A,A,H,-,A,A,0,,,,,Y,,A,01,2,0,0,0,0,0,0,0,0,"- ","- ",37.127101898193359,-120.15109252929688,MADERA,UNINCORPORATED,-120.15106964111328,37.127052307128906
91856446,2022,2022-09-02,9450,2022-09-01,1835,020253,,4,2,9,2000,0,3,5,,2,030,"AVENUE 14","COUNTY ROAD 21 1/2",0.00,,Y,A,-,N,,,,,,,,,,Y,2,0,3,2,A,-,05,21650,,F,D,C,A,A,H,-,A,D,0,,,,,Y,,A,08,1,1,1,0,0,0,0,0,0,"- ","- ",36.952968597412109,-120.15608215332031,MADERA,UNINCORPORATED,-120.15601348876953,36.952945709228516
91859282,2022,2022-09-07,9450,2022-08-28,2020,021300,,7,2,9,2000,0,3,5,,2,010,"COUNTY ROAD 23","AVENUE 18 1/2",30.00,S,N,A,-,N,,,,,,,,,,Y,2,0,1,3,A,-,05,21650,,N,A,C,A,A,H,-,D,D,0,,,Y,,Y,,C,02,1,0,0,0,0,0,0,0,1,"- ","- ",37.018119812011719,-120.13105010986328,MADERA,UNINCORPORATED,-120.13114166259766,37.018173217773438
91864264,2022,2022-09-14,9450,2022-09-05,1630,018551,,1,2,9,2000,0,3,5,,2,030,"AVENUE 7","COUNTY ROAD 21 1/2",480.00,E,N,A,-,N,,,,,,,,,,N,2,0,6,2,A,-,01,23152,A,N,A,C,A,A,H,-,A,D,0,,,,,Y,Y,A,07,1,5,0,0,0,0,0,0,0,"- ","- ",36.851200103759766,-120.15232086181641,MADERA,UNINCORPORATED,-120.15386199951172,36.851230621337891
91870762,2022,2022-09-22,9450,2022-09-13,0715,016938,,2,1,9,2000,0,3,5,,2,030,"COUNTY ROAD 16","FRESNO RIVER",920.00,S,N,A,-,N,,,,,,,,,,N,2,0,1,1,A,-,08,22107,,N,F,A,A,A,H,-,A,D,0,,,,Y,Y,,F,24,1,0,0,0,0,0,0,0,0,"- ","- ",36.965248107910156,-120.25596618652344,MADERA,UNINCORPORATED,,
91887755,2022,2022-10-11,9456,2022-10-01,0325,021290,,6,3,9,2000,0,1,3,,2,056,SR-49,"COUNTY ROAD 600",155.90,S,N,A,-,Y,MAD,,49,,,4.464,H,,R,Y,2,0,1,1,A,-,08,22107,,N,E,I,A,A,H,-,D,D,0,,,,,Y,,A,01,1,0,0,0,0,0,0,0,0,"- ","- ",37.354110717773438,-119.72409820556641,MADERA,UNINCORPORATED,-119.72417449951172,37.354114532470703
91894343,2022,2022-10-19,9450,2022-10-10,0645,016938,,1,1,9,2000,0,1,3,,1,013,"SR-152 WESTBOUND","COUNTY ROAD 16",0.00,,Y,A,-,Y,MAD,,152,,,12.788,H,,L,Y,2,0,1,2,A,-,09,21802,A,N,D,C,A,A,H,-,A,A,0,,,,Y,Y,,G,25,1,0,0,0,0,0,0,0,0,"- ","- ",37.083869934082031,-120.26136779785156,MADERA,UNINCORPORATED,-120.26136779785156,37.083831787109375
91907482,2021,2022-11-02,9450,2021-11-03,1614,020759,,3,2,9,2000,0,2,4,,2,038,"AVENUE 7","COUNTY ROAD 31",415.00,E,N,A,-,N,,,,,,,,,,Y,1,2,1,2,A,-,08,22107,,N,E,I,A,A,H,-,A,D,0,,,,,Y,,-,33,0,1,0,0,0,0,0,0,0,"- ","- ",36.851238250732422,-119.98203277587891,MADERA,UNINCORPORATED,-119.98161315917969,36.851222991943359
91913102,2022,2022-11-08,9456,2022-11-02,0755,018923,,3,1,9,2000,0,1,3,,1,051,"HIGHWAY 41","COUNTY ROAD 200",7920.00,N,N,A,-,Y,MAD,,41,,,18.684,H,,R,Y,2,0,1,1,A,-,08,22107,,N,F,9,A,A,H,-,A,D,0,,,,,Y,,A,01,1,0,0,0,0,0,0,0,0,"- ","- ",37.135589599609375,-119.73387908935547,MADERA,UNINCORPORATED,-119.73393249511719,37.135593414306641
91913982,2022,2022-11-09,9450,2022-10-29,0655,018075,,6,1,9,2000,0,1,3,,1,041,"STATE ROUTE 145","COUNTY ROAD 29",3450.00,E,N,A,-,N,,,,,,,,,,N,2,0,1,1,A,-,08,22107,,N,F,A,A,A,H,-,B,D,0,,,,,Y,,A,07,1,0,0,0,0,0,0,0,0,"- ","- ",36.991371154785156,-120.00933074951172,MADERA,UNINCORPORATED,-120.00926208496094,36.991218566894531
91918297,2022,2022-11-15,9450,2022-11-09,1640,021378,,3,2,9,2000,0,3,5,,2,030,"AVENUE 7 1/2","RIVER DR",1056.00,W,N,B,-,N,,,,,,,,,,Y,2,0,1,1,A,-,08,22107,,N,E,I,A,A,H,-,A,D,0,,,,,Y,,A,01,1,0,0,0,0,0,0,0,0,"- ","- ",36.858249664306641,-120.44454956054688,MADERA,UNINCORPORATED,-120.44612121582031,36.858257293701172
91943714,2022,2022-12-15,9450,2022-02-07,0330,021202,,1,3,9,2000,0,3,5,,2,010,"SANTA FE DRIVE","AVENUE 24",2590.00,N,N,D,-,N,,,,,,,,,,Y,1,1,1,1,A,-,01,23152,F,N,F,A,A,A,H,-,D,D,0,,,,,Y,,A,01,0,1,0,0,0,0,0,0,0,"- ","- ",37.1043701171875,-120.13442993164062,MADERA,UNINCORPORATED,-120.130859375,37.098068237304688
91954224,2022,2022-12-28,9456,2022-12-26,0711,019113,,1,1,9,2000,0,1,3,,1,051,"STATE ROUTE 41","STATE ROUTE 49",0.00,,Y,B,-,Y,MAD,,41,,,35.462,H,,R,Y,2,0,1,1,A,-,01,23152,A,F,E,I,A,A,H,-,A,D,0,,,,,Y,Y,A,07,1,0,0,0,0,0,0,0,0,"- ","- ",37.331298828125,-119.65570068359375,MADERA,UNINCORPORATED,-119.65552520751953,37.331130981445312
91971001,2021,2023-01-18,9450,2021-12-03,0837,016950,,5,1,9,2000,0,1,3,,1,013,"STATE ROUTE 152","COUNTY ROAD 9",0.00,,Y,E,-,Y,,,152,,,,,,,Y,1,1,1,15,A,-,12,22450,A,M,D,C,A,B,H,-,A,A,0,,,,Y,Y,,G,25,0,1,0,0,0,0,0,0,0,"- ","- ",37.083309173583984,-120.38272857666016,MADERA,UNINCORPORATED,-120.38272857666016,37.083320617675781
91974492,2023,2023-01-23,9450,2023-01-15,1646,020993,,7,2,9,2000,0,3,5,,2,010,"AVENUE 19","RHINE DRIVE",600.00,W,N,B,-,N,,,,,,,,,,N,2,0,1,1,A,-,08,22107,,N,E,I,A,B,H,-,A,D,0,,,Y,,Y,,C,06,1,0,0,0,0,0,0,0,1,"- ","- ",37.025558471679688,-120.08876037597656,MADERA,UNINCORPORATED,-120.08865356445312,37.025470733642578
92026001,2023,2023-03-22,9450,2023-03-19,1129,019105,,7,1,9,2000,0,2,4,,2,038,"AVENUE 7","COUNTY ROAD 25",625.00,W,N,B,C,N,,,,,,,,,,N,2,0,4,2,A,-,08,22107,,N,A,C,A,B,H,-,A,D,0,,,,,Y,,A,01,4,0,0,0,0,0,0,0,0,"- ","- ",36.851261138916016,-120.0943603515625,MADERA,UNINCORPORATED,-120.09426879882812,36.851280212402344
92031697,2022,2023-04-05,9450,2022-04-16,1220,020993,,6,1,9,2000,0,1,3,,2,011,"SR-99 NORTHBOUND","AVENUE 17",2287.00,N,N,B,C,Y,MAD,,99,,,14.653,H,,R,Y,1,1,0,1,A,-,01,23152,F,N,F,A,A,B,H,-,A,D,0,,,,,Y,,D,22,0,0,0,0,0,0,0,0,0,"- ","- ",37.001491546630859,-120.10688781738281,MADERA,UNINCORPORATED,-120.10697174072266,37.001434326171875
92033046,2023,2023-03-30,9450,2023-03-18,1006,018075,,6,1,9,2000,0,1,3,,1,043,"STATE ROUTE 41","COUNTY ROAD 406",1347.00,N,N,A,-,Y,MAD,,41," "," ",15.846,H,,R,N,2,0,1,1,A,-,08,22107,,N,E,J,A,A,H,-,A,D,0,,,,,Y,,A,01,1,0,0,0,0,0,0,0,0,"- ","- ",37.097530364990234,-119.74913024902344,MADERA,UNINCORPORATED,-119.74910736083984,37.097515106201172
92034590,2023,2023-03-31,9450,2023-03-25,2305,020253,,6,3,9,2000,0,1,3,,1,042,"STATE ROUTE 41 S/B","AVENUE 15",715.00,S,N,A,-,Y,MAD,,41," "," ",6.080,H,,L,N,2,0,1,2,A,-,11,21954,A,N,G,B,D,A,H,-,D,D,0,Y,,,,Y,,N,60,1,0,0,0,1,0,0,0,0,"- ","- ",36.964790344238281,-119.79403686523438,MADERA,UNINCORPORATED,-119.79404449462891,36.964790344238281
92039859,2022,2023-04-07,9450,2022-04-25,2350,018612,,1,3,9,2000,0,1,3,,2,012,"STATE ROUTE 99 NORTHBOUND","STATE ROUTE 152 WESTBOUND",285.00,N,N,A,-,Y,MAD,,99,,,22.747,H,,R,Y,1,1,0,1,A,-,01,23152,F,N,E,J,A,A,H,-,C,D,0,,,,,Y,,A,01,0,0,0,0,0,0,0,0,0,"- ","- ",37.084659576416016,-120.20984649658203,MADERA,UNINCORPORATED,-120.20970153808594,37.084812164306641
92042040,2022,2023-04-11,9450,2022-05-21,2500,018075,,6,4,9,2000,0,3,5,,2,020,"COUNTY ROAD 29","ROAD 607",8976.00,S,N,A,-,N,,,,,,,,,,Y,1,1,0,1,A,-,01,23152,A,N,E,J,A,A,H,-,D,D,0,,,,,Y,Y,A,01,0,0,0,0,0,0,0,0,0,"- ","- ",37.173118591308594,-120.00395965576172,MADERA,UNINCORPORATED,-120.00391387939453,37.173038482666016
92045121,2022,2023-04-14,9450,2022-05-10,1132,017827,,2,1,9,2000,0,3,5,,2,030,"SR-99 S/B TO AVENUE 9","AVENUE 9",0.00,,Y,A,-,Y,,,,,,,,,,N,1,1,0,2,A,-,09,21802,A,F,F,A,A,A,H,-,A,A,0,,,Y,,Y,,-,99,0,0,0,0,0,0,0,1,0,"- ","- ",36.880161285400391,-119.97891998291016,MADERA,UNINCORPORATED,-119.97695922851562,36.880218505859375
92054965,2022,2023-04-27,9450,2022-09-10,2320,021378,,6,3,9,2000,0,1,3,,1,043,"STATE ROUTE 41","COUNTY ROAD 208",10032.00,N,N,A,-,Y,MAD,,41,,,13.389,H,,R,Y,1,1,0,1,A,-,01,23152,A,N,E,I,A,A,H,-,D,D,0,,,,,Y,Y,A,07,0,0,0,0,0,0,0,0,0,"- ","- ",37.065929412841797,-119.76746368408203,MADERA,UNINCORPORATED,-119.76753234863281,37.065948486328125
92058555,2023,2023-05-01,9450,2023-02-04,1709,021387,,6,2,9,2000,0,1,3,,2,011,"STATE ROUTE 99 NORTHBOUND","AVENUE 18 1/2",1584.00,S,N,B,-,Y,MAD,,99," ",R,15.978,H,,R,Y,1,2,0,1,A,-,08,22107,,N,E,I,A,A,H,-,A,D,0,,,,,Y,,A,01,0,0,0,0,0,0,0,0,0,"- ","- ",37.015220642089844,-120.12370300292969,MADERA,UNINCORPORATED,-120.123779296875,37.015140533447266
92067874,2023,2023-05-12,9456,2023-05-08,1522,021290,,1,2,9,2000,0,1,3,,2,056,"SR-49 N/B",SR-41,410.00,N,N,A,-,Y,MAD,,49," "," ",0.089,H,,R,N,2,0,1,1,A,-,01,23152,A,N,F,A,A,A,H,-,A,D,0,,,Y,,Y,Y,-,"- ",1,0,0,0,0,0,0,0,1,"- ","- ",37.331718444824219,-119.65695190429688,MADERA,UNINCORPORATED,-119.65696716308594,37.331699371337891
92086067,2022,2023-06-05,9450,2022-12-13,0653,018551,,2,1,9,2000,0,1,3,,1,013,"STATE ROUTE 152","COUNTY ROAD 16",0.00,,Y,A,-,Y,MAD,,152,,,13.045,H,,R,N,1,1,1,2,A,-,12,22450,A,N,D,C,A,A,H,-,A,A,0,,,,,Y,,A,01,0,0,1,0,0,0,0,0,0,"- ","- ",37.083919525146484,-120.25675964355469,MADERA,UNINCORPORATED,-120.25675964355469,37.083759307861328
92091393,2023,2023-06-12,9450,2023-01-25,2202,018612,,3,3,9,2000,0,1,3,,2,011,"SR-99 NORTHBOUND","AVENUE 20 1/2",2112.00,N,N,A,-,Y,MAD,,99," ",R,19.108,H,,R,N,1,1,0,2,A,-,11,21954,A,N,G,B,E,A,H,-,D,D,0,Y,,,,Y,Y,N,60,0,0,0,1,0,0,0,0,0,"- ","- ",37.0477294921875,-120.16348266601562,MADERA,UNINCORPORATED,-120.16349792480469,37.047714233398438
92095212,2023,2023-06-16,9456,2023-06-13,1610,018970,,2,2,9,2000,0,3,5,,2,050,"COUNTY ROAD 600","APACHE RANCH ROAD",3168.00,N,N,A,-,N,,,,,,,,,,Y,2,0,1,1,A,-,08,22107,,N,E,I,A,A,H,-,A,D,0,,,,,Y,,D,22,1,0,0,0,0,0,0,0,0,"- ","- ",37.337379455566406,-119.76663208007812,MADERA,UNINCORPORATED,-119.76662445068359,37.337409973144531
92098099,2023,2023-06-20,9450,2023-04-21,2115,021285,,5,2,9,2000,0,2,4,,2,045,"AVENUE 12","COUNTY ROAD 35",62.00,W,N,A,-,N,,,,,,,,,,Y,1,1,4,2,A,-,01,23152,A,N,C,C,A,A,H,-,D,D,0,,,,,Y,Y,A,01,2,0,2,0,0,0,0,0,0,"- ","- ",36.922988891601562,-119.91245269775391,MADERA,UNINCORPORATED,-119.91262054443359,36.923019409179688
92107223,2022,2023-06-30,9450,2022-09-15,0811,018075,,4,1,9,2000,0,1,3,,1,042,"STATE ROUTE 41","AVENUE 15",1570.00,N,N,A,-,Y,,,,,,,,,,Y,1,2,0,3,A,-,08,22107,,N,B,C,A,A,H,-,A,D,0,,,,,Y,,A,01,0,0,0,0,0,0,0,0,0,"- ","- ",36.971160888671875,-119.79335021972656,MADERA,UNINCORPORATED,-119.7939453125,36.971160888671875