CASE_ID,ACCIDENT_YEAR,PROC_DATE,JURIS,COLLISION_DATE,COLLISION_TIME,OFFICER_ID,REPORTING_DISTRICT,DAY_OF_WEEK,CHP_SHIFT,POPULATION,CNTY_CITY_LOC,SPECIAL_COND,BEAT_TYPE,CHP_BEAT_TYPE,CITY_DIVISION_LAPD,CHP_BEAT_CLASS,BEAT_NUMBER,PRIMARY_RD,SECONDARY_RD,DISTANCE,DIRECTION,INTERSECTION,WEATHER_1,WEATHER_2,STATE_HWY_IND,CALTRANS_COUNTY,CALTRANS_DISTRICT,STATE_ROUTE,ROUTE_SUFFIX,POSTMILE_PREFIX,POSTMILE,LOCATION_TYPE,RAMP_INTERSECTION,SIDE_OF_HWY,TOW_AWAY,COLLISION_SEVERITY,NUMBER_KILLED,NUMBER_INJURED,PARTY_COUNT,PRIMARY_COLL_FACTOR,PCF_CODE_OF_VIOL,PCF_VIOL_CATEGORY,PCF_VIOLATION,PCF_VIOL_SUBSECTION,HIT_AND_RUN,TYPE_OF_COLLISION,MVIW,PED_ACTION,ROAD_SURFACE,ROAD_COND_1,ROAD_COND_2,LIGHTING,CONTROL_DEVICE,CHP_ROAD_TYPE,PEDESTRIAN_ACCIDENT,BICYCLE_ACCIDENT,MOTORCYCLE_ACCIDENT,TRUCK_ACCIDENT,NOT_PRIVATE_PROPERTY,ALCOHOL_INVOLVED,STWD_VEHTYPE_AT_FAULT,CHP_VEHTYPE_AT_FAULT,COUNT_SEVERE_INJ,COUNT_VISIBLE_INJ,COUNT_COMPLAINT_PAIN,COUNT_PED_KILLED,COUNT_PED_INJURED,COUNT_BICYCLIST_KILLED,COUNT_BICYCLIST_INJURED,COUNT_MC_KILLED,COUNT_MC_INJURED,PRIMARY_RAMP,SECONDARY_RAMP,LATITUDE,LONGITUDE,COUNTY,CITY,POINT_X,POINT_Y
92117045,2023,2023-07-14,9456,2023-07-01,1920,020635,,6,2,9,2000,0,3,5,,2,050,"LUCKY LANE","BUCK RUN LANE",338.00,E,N,A,-,N,,,,,,,,,,Y,2,0,3,2,A,-,01,23152,A,N,A,C,A,A,H,-,A,D,0,,,,,Y,Y,D,22,1,2,0,0,0,0,0,0,0,"- ","- ",37.211391448974609,-119.70416259765625,MADERA,UNINCORPORATED,-119.70420837402344,37.211368560791016
92118984,2023,2023-07-17,9450,2023-07-08,1028,020759,,6,1,9,2000,0,1,3,,1,042,"N/B SR-41","AVENUE 12",642.00,S,N,A,-,Y,MAD,,41," "," ",3.065,H,,R,N,2,0,1,2,A,-,03,22350,,N,C,C,A,A,H,-,A,D,0,,,Y,,Y,,C,02,1,0,0,0,0,0,0,0,1,"- ","- ",36.921428680419922,-119.79386901855469,MADERA,UNINCORPORATED,-119.79399871826172,36.921424865722656
92124721,2023,2023-07-24,9450,2023-07-10,1050,020759,,1,1,9,2000,0,3,5,,2,040,"AVENUE 9","COUNTY ROAD 33",120.00,E,N,A,-,N,,,,,,,,,,Y,2,0,1,2,A,-,08,22107,,N,A,C,A,A,H,-,A,D,0,,,,,Y,,D,22,1,0,0,0,0,0,0,0,0,"- ","- ",36.880260467529297,-119.94645690917969,MADERA,UNINCORPORATED,-119.94657897949219,36.880271911621094
92139122,2023,2023-08-08,9450,2023-07-31,1955,021387,,1,2,9,2000,0,1,3,,2,014,"STATE ROUTE 233","AVENUE 23 1/2",260.00,N,N,A,-,Y,MAD,,233," "," ",0.626,H,,R,Y,2,0,1,2,A,-,03,22350,,N,B,2,A,A,H,-,A,D,0,,,,,Y,,A,01,1,0,0,0,0,0,0,0,0,"- ","- ",37.091251373291016,-120.29071044921875,MADERA,UNINCORPORATED,-120.290771484375,37.091281890869141
92146869,2022,2023-08-17,9450,2022-11-03,2500,019105,,4,4,9,2000,0,3,5,,2,040,"COUNTY ROAD 209","COUNTY ROAD 406",7392.00,S,N,A,-,N,,,,,,,,,,N,1,1,0,1,A,-,08,22107,,N,F,A,A,A,H,-,A,D,0,,,Y,,Y,,C,02,0,0,0,0,0,0,0,1,0,"- ","- ",37.070659637451172,-119.79055786132812,MADERA,UNINCORPORATED,-119.79077911376953,37.070976257324219
92156371,2023,2023-08-28,9450,2023-06-17,"41  ",021188,,6,3,9,2000,0,3,5,,2,020,"COUNTY ROAD 26","MATEO WAY",324.00,N,N,A,-,N,,,,,,,,,,N,1,1,0,2,A,-,01,23152,A,F,G,B,F,A,H,-,D,D,0,Y,,,,Y,Y,A,01,0,0,0,1,0,0,0,0,0,"- ","- ",36.998649597167969,-120.07418060302734,MADERA,UNINCORPORATED,-120.07428741455078,36.998519897460938
92163993,2023,2023-09-07,9450,2023-09-02,"100 ",021202,,6,3,9,2000,0,3,5,,2,040,"AVENUE 9","COUNTY ROAD 39",330.00,W,N,A,-,N,,,,,,,,,,Y,2,0,4,1,A,-,01,23152,A,N,E,8,A,A,H,-,D,D,0,,,,,Y,Y,A,01,2,2,0,0,0,0,0,0,0,"- ","- ",36.880359649658203,-119.84031677246094,MADERA,UNINCORPORATED,-119.84027099609375,36.880428314208984
92169485,2023,2023-09-13,9450,2023-09-06,2017,020759,,3,2,9,2000,0,1,3,,1,013,SR-152,"AVENUE 17 1/2",0.00,,Y,A,-,Y,MAD,,152," "," ",14.557,H,,R,Y,2,0,2,2,A,-,09,21802,A,N,D,C,A,A,H,-,D,A,0,,,,,Y,,M,46,2,0,0,0,0,0,0,0,0,"- ","- ",37.083969116210938,-120.22944641113281,MADERA,UNINCORPORATED,-120.22944641113281,37.083839416503906
92181826,2023,2023-09-27,9450,2023-09-18,2015,018551,,1,2,9,2000,0,3,5,,2,030,"AVENUE 6","COUNTY ROAD 16",2590.00,E,N,A,-,N,,,,,,,,,,N,2,0,3,4,A,-,08,22107,,N,C,C,F,A,H,-,D,D,0,Y,,,,Y,,D,22,1,1,1,0,2,0,0,0,0,"- ","- ",36.836601257324219,-120.24919891357422,MADERA,UNINCORPORATED,-120.25018310546875,36.836563110351562
9219746,2021,2021-03-13,2002,2021-01-19,0545,4262,,2,5,4,2002,0,0,0,,0,004,"ALMOD AV E","BARNETT WY",20.00,W,N,A,-,N,,,,,,,,,,N,2,0,1,2,A,-,11,21954,A,N,G,B,D,A,H,-,C,A,0,Y,,,,Y,Y,N,60,1,0,0,0,1,0,0,0,0,"- ","- ",,,MADERA,MADERA,-120.04776763916016,36.945487976074219
92257349,2023,2023-12-08,9450,2023-12-06,2150,020253,,3,2,9,2000,0,1,3,,2,012,"STATE ROUTE 99 N/B","STATE ROUTE 152",10.00,S,N,B,-,Y,MAD,,99," "," ",22.697,H,,R,Y,2,0,1,1,A,-,08,22107,,N,E,I,A,A,H,-,C,D,0,,,,,Y,,A,07,1,0,0,0,0,0,0,0,0,"- ","- ",37.084251403808594,-120.20912170410156,MADERA,UNINCORPORATED,-120.20899963378906,37.084362030029297
92257440,2023,2023-12-08,9450,2023-12-04,1616,020253,,1,2,9,2000,0,1,3,,1,043,"STATE ROUTE 41","COUNTY ROAD 209",1675.00,N,N,A,-,Y,MAD,,41," "," ",10.327,H,,R,Y,2,0,2,3,A,-,08,22107,,N,C,C,A,A,H,-,A,D,0,,,,,Y,,A,01,1,0,1,0,0,0,0,0,0,"- ","- ",37.025630950927734,-119.79065704345703,MADERA,UNINCORPORATED,-119.79066467285156,37.025630950927734
92277275,2023,2024-01-02,9450,2023-12-23,"515 ",021407,,6,3,9,2000,0,1,3,,1,037,"AVENUE 15","SANTA FE DRIVE",12144.00,E,N,A,-,N,,,,,,,,,,Y,2,0,2,1,A,-,08,22107,,N,E,I,A,A,H,-,D,D,0,,,,,Y,,A,01,1,0,1,0,0,0,0,0,0,"- ","- ",36.966869354248047,-119.98825836181641,MADERA,UNINCORPORATED,-119.96001434326172,36.966625213623047
92277897,2023,2024-01-03,9450,2023-12-26,1600,021387,,2,2,9,2000,0,3,5,,2,040,"AVENUE 10","COUNTY ROAD 40",528.00,E,N,A,-,N,,,,,,,,,,Y,2,0,1,1,A,-,01,23152,A,N,E,I,A,A,H,-,A,D,0,,,,,Y,Y,A,07,1,0,0,0,0,0,0,0,0,"- ","- ",36.894718170166016,-119.81900024414062,MADERA,UNINCORPORATED,-119.81932067871094,36.894649505615234
92278504,2023,2024-01-03,9450,2023-12-31,"911 ",019105,,7,1,9,2000,0,3,5,,2,020,"KROHN STREET","ELLIS STREET",0.00,,Y,B,-,N,,,,,,,,,,N,2,0,3,2,A,-,09,21802,A,N,D,C,A,A,H,-,A,A,0,,,,,Y,,A,01,1,1,1,0,0,0,0,0,0,"- ","- ",36.986919403076172,-120.08393859863281,MADERA,UNINCORPORATED,-120.08390808105469,36.986930847167969
92296132,2023,2024-01-24,9450,2023-10-15,"225 ",021188,,7,3,9,2000,0,1,3,,1,041,"STATE ROUTE 145","ISLAND DRIVE",872.00,W,N,A,-,Y,MAD,,145," "," ",13.553,H,,R,Y,1,1,0,1,A,-,01,23152,A,N,F,A,A,A,H,-,D,D,0,,,Y,,Y,Y,C,02,0,0,0,0,0,0,0,1,0,"- ","- ",36.993579864501953,-120.00411987304688,MADERA,UNINCORPORATED,-120.00405120849609,36.993488311767578
92308286,2024,2024-02-07,9450,2024-01-30,"645 ",018551,,2,1,9,2000,0,3,5,,2,030,"FIREBAUGH BOULEVARD","COUNTY ROAD 14",148.00,W,N,E,-,N,,,,,,,,,,Y,2,0,3,2,A,-,08,22107,,N,A,C,A,A,H,-,B,D,0,,,,,Y,,A,08,2,1,0,0,0,0,0,0,0,"- ","- ",36.893699645996094,-120.29167938232422,MADERA,UNINCORPORATED,,
92313586,2024,2024-02-14,9450,2024-01-31,1841,021300,,3,2,9,2000,0,1,3,,1,013,"STATE ROUTE 152","COUNTY ROAD 4",40.00,E,N,C,-,Y,MAD,,152," "," ",1.078,H,,R,Y,2,0,1,2,A,-,08,22107,,N,A,C,A,B,H,-,D,D,0,,,,,Y,,A,01,1,0,0,0,0,0,0,0,0,"- ","- ",37.083541870117188,-120.47329711914062,MADERA,UNINCORPORATED,-120.47329711914062,37.083530426025391
92313632,2024,2024-02-14,9450,2024-02-03,1120,019259,,6,1,9,2000,0,3,5,,2,030,"COUNTY ROAD 16","AVENUE 14",0.00,,Y,B,-,N,,,,,,,,,,Y,2,0,1,2,A,-,12,22450,A,N,D,C,A,A,H,-,A,A,0,,,,Y,Y,,G,25,1,0,0,0,0,0,0,0,0,"- ","- ",36.952789306640625,-120.256103515625,MADERA,UNINCORPORATED,-120.256103515625,36.952812194824219
92324391,2024,2024-02-27,9450,2024-02-23,1844,021188,,5,2,9,2000,0,1,3,,2,012,"SR-99 S/B TO SR-233 (OFF-RAMP)",SR-233,440.00,N,N,A,-,Y,,,,,,,,,,Y,2,0,1,1,A,-,03,22350,,N,E,I,A,A,H,-,C,A,0,,,,Y,Y,,F,25,1,0,0,0,0,0,0,0,0,"- ","- ",37.127620697021484,-120.25428771972656,MADERA,UNINCORPORATED,-120.25428771972656,37.127620697021484
92329145,2023,2024-04-02,9456,2023-08-06,1652,021303,,7,2,9,2000,0,3,5,,2,050,"COUNTY ROAD 222","BUCKEYE ROAD",330.00,E,N,D,-,N,,,,,,,,,,N,1,1,0,1,A,-,01,23152,A,N,E,I,A,A,H,-,A,D,0,,,,Y,Y,Y,F,78,0,0,0,0,0,0,0,0,0,"- ","- ",37.364109039306641,-119.62345886230469,MADERA,UNINCORPORATED,-119.62385559082031,37.363990783691406
92333786,2024,2024-03-08,9450,2024-03-06,1255,021378,,3,1,9,2000,0,3,5,,2,030,"AVENUE 14","COUNTY ROAD 16",0.00,,Y,B,-,N,,,,,,,,,,Y,2,0,2,2,A,-,09,21801,A,N,A,C,A,A,H,-,A,D,0,,,,,Y,,A,08,1,0,1,0,0,0,0,0,0,"- ","- ",36.952800750732422,-120.25605010986328,MADERA,UNINCORPORATED,-120.256103515625,36.952812194824219
92339267,2024,2024-03-15,9456,2024-03-08,1210,020635,,5,1,9,2000,0,1,3,,1,051,SR-41,"COUNTY ROAD 416",300.00,N,N,A,-,Y,MAD,,41," "," ",23.563,H,,R,Y,2,0,2,1,A,-,08,22107,,N,F,A,A,A,H,-,A,D,0,,,,,Y,,A,07,1,0,1,0,0,0,0,0,0,"- ","- ",37.203220367431641,-119.72162628173828,MADERA,UNINCORPORATED,-119.72165679931641,37.203243255615234
92343906,2024,2024-03-21,9450,2024-03-15,1255,021378,,5,1,9,2000,0,3,5,,2,030,"COUNTY ROAD 30 1/2","AVENUE 11",528.00,N,N,A,-,N,,,,,,,,,,Y,2,0,1,1,A,-,01,23152,A,N,E,I,A,A,H,-,A,D,0,,,,,Y,Y,A,01,1,0,0,0,0,0,0,0,0,"- ","- ",36.911079406738281,-119.99246215820312,MADERA,UNINCORPORATED,-119.9923095703125,36.910739898681641
92359131,2024,2024-04-08,9450,2024-03-17,"225 ",021508,,7,3,9,2000,0,3,5,,2,040,"AVENUE 9","COUNTY ROAD 35",25.00,E,N,A,-,N,,,,,,,,,,N,2,0,2,2,A,-,01,23152,A,N,C,C,A,A,H,-,D,D,0,,,Y,,Y,Y,A,01,2,0,0,0,0,0,0,0,1,"- ","- ",36.880340576171875,-119.91018676757812,MADERA,UNINCORPORATED,-119.91122436523438,36.88031005859375
92390304,2024,2024-05-15,9450,2024-05-13,1856,017868,,1,2,9,2000,0,1,3,,1,013,SR-152,"COUNTY ROAD 6",1000.00,E,N,A,-,Y,MAD,,152," "," ",2.888,H,,R,N,2,0,1,2,A,-,01,23152,A,F,B,G,A,A,H,-,A,D,0,,Y,,,Y,Y,A,07,1,0,0,0,0,0,1,0,0,"- ","- ",37.083400726318359,-120.4405517578125,MADERA,UNINCORPORATED,-120.4405517578125,37.083446502685547
92414388,2024,2024-06-13,9456,2024-05-29,1021,017677,,3,1,9,2000,0,3,5,,2,050,"COUNTY ROAD 620","LEANING PINE LANE",1849.00,W,N,A,-,N,,,,,,,,,,Y,2,0,1,2,A,-,03,22350,,N,D,C,A,A,H,-,A,D,0,,,Y,Y,Y,,C,02,1,0,0,0,0,0,0,0,1,"- ","- ",37.368518829345703,-119.63686370849609,MADERA,UNINCORPORATED,-119.63672637939453,37.368484497070312
9242046,2021,2021-04-09,2002,2021-02-11,2010,3567,CITY,4,5,4,2002,0,0,0,,0,,"6TH ST E","A ST S",0.00,,Y,C,-,N,,,,,,,,,,N,2,0,1,2,A,-,09,21800,A,F,D,G,A,B,H,-,C,A,0,,Y,,,Y,Y,-,,1,0,0,0,0,0,1,0,0,"- ","- ",,,MADERA,MADERA,-120.05432891845703,36.963817596435547
92425162,2023,2024-06-27,9450,2023-12-03,2500,021407,,7,4,9,2000,0,1,3,,1,037,SR-145,"AVENUE 12",1584.00,N,N,A,-,Y,MAD,,145," "," ",7.453,H,,R,N,1,1,0,2,A,-,08,22107,,F,G,B,E,A,H,-,D,D,0,Y,,,,Y,Y,-,99,0,0,0,1,0,0,0,0,0,"- ","- ",36.929580688476562,-120.05597686767578,MADERA,UNINCORPORATED,-120.05605316162109,36.929580688476562
92434132,2024,2024-10-01,9450,2024-07-07,"745 ",021378,,7,1,9,2000,0,3,5,,2,040,"N/B ROAD 35","AVENUE 9",1584.00,S,N,A,-,N,,,,,,,,,,Y,2,0,1,1,A,-,01,23152,A,N,F,A,A,A,H,-,A,D,0,,,,,Y,Y,A,07,1,0,0,0,0,0,0,0,0,"- ","- ",36.875911712646484,-119.91120910644531,MADERA,UNINCORPORATED,-119.91130828857422,36.88031005859375
9295802,2021,2021-08-25,2002,2021-07-21,0906,3660,2002,3,5,4,2002,0,0,0,,0,002,"AUSTIN AV","SHERWOOD WY",10.00,N,N,A,-,N,,,,,,,,,,N,2,0,1,2,A,-,10,21950,A,N,G,B,B,A,H,-,A,A,0,Y,,,,Y,,A,07,1,0,0,0,1,0,0,0,0,"- ","- ",,,MADERA,MADERA,-120.05966949462891,36.977256774902344
9320665,2022,2022-05-04,2002,2022-03-23,0014,3608,MSC,3,5,4,2002,0,0,0,,0,004,"OLIVE AV W","6TH ST W",105.00,W,N,A,-,N,,,,,,,,,,Y,1,1,0,1,A,-,03,22350,,N,E,I,A,A,H,-,C,A,0,,,Y,,Y,,C,02,0,0,0,0,0,0,0,1,0,"- ","- ",,,MADERA,MADERA,-120.07058715820312,36.952888488769531
9379624,2022,2022-01-31,2002,2022-01-19,2103,4620,,3,5,4,2002,0,0,0,,0,004,"MADERA AV S","SAN BRUNO AV",65.00,W,N,A,-,Y,MAD,6,145,-,-,7.640,H,-,N,Y,2,0,2,2,A,-,01,23153,A,N,A,C,A,A,H,-,D,D,0,,,,,Y,Y,A,01,1,1,0,0,0,0,0,0,0,"- ","- ",,,MADERA,MADERA,-120.05605316162109,36.932300567626953
94404509,2024,2024-09-23,9456,2024-09-13,1730,020944,,5,2,9,2000,0,2,4,,1,054,"COUNTY ROAD 274","ROAD 434",3790.00,N,N,A,-,N,,,,,,,,,,Y,2,0,1,1,A,-,08,22107,,N,E,I,A,A,H,-,A,D,0,,,,,Y,Y,-,"- ",1,0,0,0,0,0,0,0,0,"- ","- ",37.328208923339844,-119.56455230712891,MADERA,UNINCORPORATED,-119.54381561279297,37.326145172119141
94408343,2024,2024-09-25,9450,2024-09-17,1710,021378,,2,2,9,2000,0,1,3,,1,043,SR-41,"COUNTY ROAD 208",0.00,,Y,A,-,N,,,,,,,,,,Y,2,0,3,2,A,-,09,21801,A,N,A,A,A,A,H,-,A,D,0,,,,,Y,,A,01,1,0,2,0,0,0,0,0,0,"- ","- ",37.039321899414062,-119.78118896484375,MADERA,UNINCORPORATED,-119.78110504150391,37.039348602294922
94419535,2024,2024-10-04,9450,2024-07-13,1115,017827,,6,1,9,2000,0,1,3,,1,013,SR-152,"COUNTY ROAD 4",0.00,,Y,A,-,Y,MAD,,152," "," ",1.071,H,,R,N,2,0,6,2,A,-,09,21802,A,N,D,C,A,A,E,-,A,A,0,,,,,Y,,D,22,1,3,2,0,0,0,0,0,0,"- ","- ",37.083549499511719,-120.47344207763672,MADERA,UNINCORPORATED,-120.47344207763672,37.083530426025391
94433690,2024,2024-10-16,9456,2024-10-09,1020,018869,,3,1,9,2000,0,3,5,,2,050,"ROAD 600 (39600 BLOCK)","COUNTY ROAD 810",4224.00,N,N,A,-,N,,,,,,,,,,Y,2,0,1,1,C,-,18,,,N,H,H,A,A,H,-,A,D,0,,,Y,,Y,,-,"- ",1,0,0,0,0,0,0,0,1,"- ","- ",37.320701599121094,-119.78334808349609,MADERA,UNINCORPORATED,-119.78337860107422,37.320480346679688
9445291,2022,2022-06-06,2002,2022-05-12,2100,3624,,4,5,4,2002,0,0,0,,0,001,"RT 145","TOZER ST",403.00,E,N,A,-,Y,MAD,6,145,-,-,1.100,H,-,N,N,2,0,1,2,A,-,11,21954,A,N,G,B,D,A,H,-,C,D,0,Y,,,,Y,,N,60,1,0,0,0,1,0,0,0,0,"- ","- ",,,MADERA,MADERA,-120.05583953857422,36.83837890625
94455333,2024,2024-11-01,9450,2024-10-25,2355,021760,,5,3,9,2000,0,1,3,,1,042,"AVENUE 15","COUNTY ROAD 29",528.00,E,N,A,-,N,,,,,,,,,,N,2,0,2,1,A,-,01,23152,A,F,E,I,A,A,H,-,D,D,0,,,,,Y,Y,A,01,1,1,0,0,0,0,0,0,0,"- ","- ",36.967010498046875,-120.01789093017578,MADERA,UNINCORPORATED,-120.01778411865234,36.967090606689453
94457063,2024,2024-11-04,9456,2024-10-26,"920 ",020635,,6,1,9,2000,0,2,4,,1,054,"COUNTY ROAD 274",7S82,3600.00,S,N,A,-,N,,,,,,,,,,Y,2,0,2,1,A,-,08,22107,,N,E,J,A,A,H,-,A,D,0,,,,,Y,,A,07,1,1,0,0,0,0,0,0,0,"- ","- ",37.328220367431641,-119.56491851806641,MADERA,UNINCORPORATED,-119.57164764404297,37.334381103515625
94469773,2024,2024-11-14,9450,2024-11-13,1243,021378,,3,1,9,2000,0,1,3,,1,041,"W/B SR-145","COUNTY ROAD 36 1/2",528.00,E,N,B,-,N,,,,,,,,,,Y,2,0,1,1,A,-,08,22107,,N,F,A,A,A,H,-,A,D,0,,,,,Y,,A,07,1,0,0,0,0,0,0,0,0,"- ","- ",37.010299682617188,-119.88266754150391,MADERA,UNINCORPORATED,-119.88268280029297,37.010360717773438
94516386,2024,2024-12-26,9450,2024-11-08,1855,021811,,5,2,9,2000,0,1,3,,1,042,SR-41,"CHILDREN'S BOULEVARD",456.00,S,N,A,-,Y,MAD,,41," ",R,1.091,H,,R,Y,1,1,2,3,A,-,03,22350,,N,C,2,A,A,H,-,D,D,0,,,,,Y,,A,01,0,0,2,0,0,0,0,0,0,"- ","- ",36.891811370849609,-119.7926025390625,MADERA,UNINCORPORATED,-119.79258728027344,36.891811370849609
94516817,2024,2024-12-26,9450,2024-07-18,"342 ",021760,,4,3,9,2000,0,2,4,,2,035,"AVENUE 12","COUNTY ROAD 25",1056.00,E,N,A,-,N,,,,,,,,,,N,1,1,1,3,A,-,11,21954,A,N,G,B,E,A,H,-,D,D,0,Y,,,,Y,Y,N,60,1,0,0,1,1,0,0,0,0,"- ","- ",36.923801422119141,-120.08891296386719,MADERA,UNINCORPORATED,-120.08879852294922,36.923786163330078
94516840,2024,2024-12-26,9450,2024-02-11,2500,021188,,7,4,9,2000,0,1,3,,1,043,"STATE ROUTE 41","COUNTY ROAD 208",500.00,N,N,A,-,Y,MAD,,41," "," ",11.535,H,,R,N,1,1,0,2,A,-,11,21954,A,F,G,B,E,A,H,-,D,D,0,Y,,,,Y,,N,60,0,0,0,1,0,0,0,0,0,"- ","- ",37.040920257568359,-119.77999114990234,MADERA,UNINCORPORATED,-119.78005218505859,37.040943145751953
9462923,2022,2022-08-09,2001,2022-05-16,1330,062,B,1,5,3,2001,0,0,0,,0,,"ROBERTSON BL 24000","MYER DR",0.00,,-,A,-,Y,MAD,6,233,-,-,2.170,H,-,S,Y,2,0,1,1,A,-,01,23152,F,N,E,I,A,A,H,-,A,D,0,,,,,Y,Y,A,01,1,0,0,0,0,0,0,0,0,"- ","- ",,,MADERA,CHOWCHILLA,-120.27490234375,37.109935760498047
94666459,2025,2025-04-28,9450,2025-04-21,1548,018551,,1,2,9,2000,0,3,5,,2,030,"COUNTY ROAD 23","AVENUE 13",528.00,N,N,A,-,N,,,,,,,,,,N,2,0,1,2,A,-,06,21751,,N,B,C,A,A,H,-,A,D,0,,,Y,,Y,,A,01,1,0,0,0,0,0,0,0,1,"- ","- ",36.94097900390625,-120.12844085693359,MADERA,UNINCORPORATED,-120.12844085693359,36.939727783203125
94741484,2025,2025-06-27,9456,2025-06-23,1645,019899,,1,2,9,2000,0,3,5,,2,050,"COUNTY ROAD 222","229A ROAD",528.00,S,N,A,-,N,,,,,,,,,,N,2,0,1,1,A,-,08,22107,,N,F,0,A,A,H,-,A,D,0,,,Y,,Y,,C,02,1,0,0,0,0,0,0,0,1,"- ","- ",37.292831420898438,-119.53304290771484,MADERA,UNINCORPORATED,-119.52116394042969,37.255126953125
94751817,2025,2025-07-07,9450,2025-02-25,"455 ",017868,,2,3,9,2000,0,3,5,,2,010,"COUNTY ROAD 9","AVENUE 25",0.00,,Y,E,-,N,,,,,,,,,,Y,1,1,1,2,A,-,12,22450,A,N,D,C,A,A,H,-,D,A,0,,,,,Y,,A,01,0,1,0,0,0,0,0,0,0,"- ","- ",37.112651824951172,-120.38266754150391,MADERA,UNINCORPORATED,-120.38268280029297,37.112659454345703
94751834,2025,2025-07-07,9450,2025-03-17,1223,019105,,1,1,9,2000,0,3,5,,2,020,"COUNTY ROAD 28 1/2","AVENUE 17",1056.00,N,N,B,C,N,,,,,,,,,,Y,1,1,0,1,A,-,08,22107,,N,E,I,A,B,H,-,A,D,0,,,,,Y,,A,01,0,0,0,0,0,0,0,0,0,"- ","- ",36.999008178710938,-120.02864074707031,MADERA,UNINCORPORATED,-120.02864074707031,36.998989105224609
9489032,2022,2023-03-01,2002,2022-08-11,0548,3608,,4,5,4,2002,0,0,0,,0,001,"4TH ST E","C ST NORTH",0.00,,Y,A,-,N,,,,,,,,,,Y,1,2,2,2,A,-,09,21802,A,N,D,C,A,A,H,-,C,A,0,,,,,Y,Y,A,01,1,0,1,0,0,0,0,0,0,"- ","- ",,,MADERA,MADERA,-120.05929565429688,36.965141296386719
9511950,2022,2023-02-04,2002,2022-12-30,1714,4612,2002,5,5,4,2002,0,0,0,,0,002,"CLARK ST W","TAYLOR ST",49.00,W,N,B,C,N,,,,,,,,,,Y,2,0,1,3,A,-,03,22350,,N,C,E,A,B,H,-,C,D,0,,,,,Y,,-,,1,0,0,0,0,0,0,0,0,"- ","- ",,,MADERA,MADERA,-120.06808471679688,36.980033874511719
9520841,2023,2023-08-16,2002,2023-07-29,1423,4747,,6,5,4,2002,0,0,0,,0,003,"CLEVELAND AV W","SCHNOOR AV N",928.00,E,N,A,-,N,,,,,,,,,,N,1,1,0,2,A,-,01,23152,A,F,G,B,D,A,H,-,A,A,0,Y,,,,Y,Y,A,01,0,0,0,1,0,0,0,0,0,"- ","- ",,,MADERA,MADERA,-120.08137512207031,36.974540710449219
9574273,2023,2023-05-05,2002,2023-04-02,1716,3386,,7,5,4,2002,0,0,0,,0,003,"GRANADA DR N","GREENWOOD DR",40.00,N,N,A,-,N,,,,,,,,,,Y,2,0,3,3,A,-,06,21750,,N,A,C,A,A,H,-,A,D,0,,,,,Y,,A,01,1,2,0,0,0,0,0,0,0,"- ","- ",,,MADERA,MADERA,-120.09280395507812,36.962913513183594
9596598,2023,2023-08-16,2002,2023-07-09,1723,4748,,7,5,4,2002,0,0,0,,0,002,"CLARK ST","FRESNO ST",18.00,N,N,A,-,N,,,,,,,,,,Y,2,0,1,3,A,-,03,22350,,N,D,C,A,A,H,-,A,A,0,,,Y,,Y,,O,05,1,0,0,0,0,0,0,0,1,"- ","- ",,,MADERA,MADERA,-120.05493927001953,36.980400085449219
9612082,2023,2023-09-14,2002,2023-08-24,1652,4680,,4,5,4,2002,0,0,0,,0,003,"AVE 17","GOLDEN STATE BL N",0.00,,Y,A,-,N,,,,,,,,,,Y,2,0,1,2,A,-,09,21802,A,N,D,C,A,A,H,-,A,A,0,,,Y,,Y,,A,01,1,0,0,0,0,0,0,0,1,"- ","- ",,,MADERA,MADERA,-120.10618591308594,36.996505737304688
9632474,2023,2023-11-29,2001,2023-10-06,"745 ",032,12A,5,5,3,2001,0,0,0,,0,00A,"WEST ROBERTSON BL","N 4TH ST",0.00,,Y,A,-,N,,,,,,,,,,Y,2,0,1,2,D,-,00,,,N,G,B,E,A,H,-,A,D,0,Y,,,,Y,,-,"- ",1,0,0,0,1,0,0,0,0,"- ","- ",37.122821807861328,-120.26004028320312,MADERA,CHOWCHILLA,-120.26184844970703,37.121463775634766
9636097,2023,2024-01-04,2001,2023-10-31,1521,033,12B,2,5,3,2001,0,0,0,,0,00B,"MONTGOMERY LAKES WY","E ROBERTSON BL",0.00,,Y,A,-,N,,,,,,,,,,Y,2,0,4,2,A,-,08,22107,,N,D,C,A,A,H,-,A,D,0,,,,,Y,,A,01,2,1,1,0,0,0,0,0,0,"- ","- ",37.127338409423828,-120.24765014648438,MADERA,CHOWCHILLA,-120.24765777587891,37.127277374267578