CASE_ID,ACCIDENT_YEAR,PROC_DATE,JURIS,COLLISION_DATE,COLLISION_TIME,OFFICER_ID,REPORTING_DISTRICT,DAY_OF_WEEK,CHP_SHIFT,POPULATION,CNTY_CITY_LOC,SPECIAL_COND,BEAT_TYPE,CHP_BEAT_TYPE,CITY_DIVISION_LAPD,CHP_BEAT_CLASS,BEAT_NUMBER,PRIMARY_RD,SECONDARY_RD,DISTANCE,DIRECTION,INTERSECTION,WEATHER_1,WEATHER_2,STATE_HWY_IND,CALTRANS_COUNTY,CALTRANS_DISTRICT,STATE_ROUTE,ROUTE_SUFFIX,POSTMILE_PREFIX,POSTMILE,LOCATION_TYPE,RAMP_INTERSECTION,SIDE_OF_HWY,TOW_AWAY,COLLISION_SEVERITY,NUMBER_KILLED,NUMBER_INJURED,PARTY_COUNT,PRIMARY_COLL_FACTOR,PCF_CODE_OF_VIOL,PCF_VIOL_CATEGORY,PCF_VIOLATION,PCF_VIOL_SUBSECTION,HIT_AND_RUN,TYPE_OF_COLLISION,MVIW,PED_ACTION,ROAD_SURFACE,ROAD_COND_1,ROAD_COND_2,LIGHTING,CONTROL_DEVICE,CHP_ROAD_TYPE,PEDESTRIAN_ACCIDENT,BICYCLE_ACCIDENT,MOTORCYCLE_ACCIDENT,TRUCK_ACCIDENT,NOT_PRIVATE_PROPERTY,ALCOHOL_INVOLVED,STWD_VEHTYPE_AT_FAULT,CHP_VEHTYPE_AT_FAULT,COUNT_SEVERE_INJ,COUNT_VISIBLE_INJ,COUNT_COMPLAINT_PAIN,COUNT_PED_KILLED,COUNT_PED_INJURED,COUNT_BICYCLIST_KILLED,COUNT_BICYCLIST_INJURED,COUNT_MC_KILLED,COUNT_MC_INJURED,PRIMARY_RAMP,SECONDARY_RAMP,LATITUDE,LONGITUDE,COUNTY,CITY,POINT_X,POINT_Y
9640849,2024,2024-08-06,2002,2024-07-06,2114,4738,MSC,6,5,4,2002,0,0,0,,0,002,"RAYMOND RD","LAGUNA WY",20.00,S,N,A,-,N,,,,,,,,,,Y,1,1,0,2,A,-,00,21954,,N,A,B,D,A,H,-,C,D,0,Y,,,,Y,Y,N,60,0,0,0,1,0,0,0,0,0,"- ","- ",,,MADERA,MADERA,-120.04282379150391,36.976776123046875
9656413,2023,2024-05-02,2002,2023-12-21,2344,4748,,4,5,4,2002,0,0,0,,0,004,"RT 99","RT 145",14.00,E,N,A,-,Y,MAD,6,99,-,-,10.106,R,3,S,N,2,0,1,2,A,-,11,21461,5,N,G,B,D,A,H,-,C,D,0,Y,,,,Y,Y,N,60,1,0,0,0,1,0,0,0,0,"- ","- ",,,MADERA,MADERA,-120.05374908447266,36.951831817626953
9702816,2024,2024-07-24,2001,2024-05-01,1844,036,,3,5,3,2001,0,0,0,,0,00B,"S CHOWCHILLA BLVD","AVE 24 1/2",0.00,,Y,A,-,N,,,,,,,,,,N,2,0,1,2,A,-,07,21658,A,F,G,B,A,A,H,-,A,A,0,,Y,,,Y,,-,,1,0,0,0,0,0,1,0,0,"- ","- ",37.106979370117188,-120.27304840087891,MADERA,CHOWCHILLA,-120.23584747314453,37.107666015625
9711586,2024,2024-08-29,2002,2024-08-18,1632,4274,,7,5,4,2002,0,0,0,,0,003,"GRANADA DR N","PAMELA DR",528.00,N,N,A,-,N,,,,,,,,,,Y,2,0,1,1,A,-,03,22350,,N,E,I,A,A,H,-,A,D,0,,,,,Y,,A,01,1,0,0,0,0,0,0,0,0,"- ","- ",,,MADERA,MADERA,-120.09218597412109,36.970527648925781
9719223,2024,2024-09-06,2002,2024-07-26,1854,4750,MSC,5,5,4,2002,0,0,0,,0,004,"ALMOND AV","MONTEREY ST",0.00,,Y,A,-,N,,,,,,,,,,Y,2,0,3,2,A,-,01,23153,A,N,D,C,A,A,H,-,A,A,0,,,,,Y,Y,D,22,3,0,0,0,0,0,0,0,0,"- ","- ",,,MADERA,MADERA,-120.06052398681641,36.945556640625
9722077,2024,2024-09-13,2002,2024-08-14,2022,4479,MADER,3,5,4,2002,0,0,0,,0,001,"C ST S","10TH ST E",69.00,S,N,A,-,N,,,,,,,,,,N,2,0,1,2,A,-,10,21950,C,F,G,B,D,A,H,-,B,D,0,Y,,,,Y,,A,01,1,0,0,0,1,0,0,0,0,"- ","- ",,,MADERA,MADERA,-120.05207824707031,36.958187103271484
9769873,2024,2025-01-31,2002,2024-12-24,1741,4799,MPD,2,5,4,2002,0,0,0,,0,004,"MADERA AV","GARY LN",0.00,,Y,A,-,Y,MAD,6,145,-,-,8.320,I,5,N,Y,2,0,3,3,A,-,09,21804,,N,D,C,A,B,H,-,C,A,0,,,,,Y,,A,01,1,0,2,0,0,0,0,0,0,"- ","- ",,,MADERA,MADERA,-120.05602264404297,36.94189453125
9808360,2025,2025-07-14,2001,2025-04-07,2258,537,12B,1,5,3,2001,0,0,0,,0,00B,"TRINITY AV","9TH ST",0.00,,Y,A,-,N,,,,,,,,,,Y,1,1,0,2,A,-,03,22350,,F,A,B,E,A,H,-,D,D,0,Y,,,,Y,,A,01,0,0,0,1,0,0,0,0,0,"- ","- ",37.116668701171875,-120.26542663574219,MADERA,CHOWCHILLA,-120.26520538330078,37.117279052734375
6290461,2014,2014-05-07,9456,2014-04-15,1558,17711,,2,2,9,2000,0,1,3,,1,052,"RT 41","COUNTY ROAD 620",28.00,S,N,A,-,Y,MAD,6,41,-,-,39.400,H,-,N,Y,1,1,0,2,A,-,05,21460,A,N,A,C,A,A,H,-,A,D,0,,,Y,Y,Y,,C,02,0,0,0,0,0,0,0,1,0,"- ","- ",37.371310000000001,-119.62999000000001,MADERA,UNINCORPORATED,-119.62923286,37.372633489999998
6290741,2014,2014-06-19,9450,2014-04-03,0909,14917,,4,1,9,2000,0,1,3,,1,013,"RT 152","COUNTY ROAD 12",2640.00,W,N,A,-,Y,MAD,6,152,-,-,8.510,H,-,W,Y,1,2,5,2,A,-,01,23152,A,N,C,C,A,A,H,-,A,D,5,,,,,Y,Y,A,01,2,2,1,0,0,0,0,0,0,"- ","- ",37.083559999999999,-120.34023000000001,MADERA,UNINCORPORATED,-120.33887269,37.083504210000001
6290747,2014,2015-12-29,9450,2014-04-22,0646,18075,,2,1,9,2000,0,3,5,,2,040,"AVENUE 12","COUNTY ROAD 39 1/2",2966.00,E,N,B,-,N,,,,,,,,,,Y,1,1,0,1,A,-,08,22107,,N,E,I,A,A,H,-,B,D,0,,,,,Y,,D,22,0,0,0,0,0,0,0,0,0,"- ","- ",36.923250000000003,-119.81881,MADERA,UNINCORPORATED,-119.8204099,36.923142900000002
6291166,2014,2015-12-29,9450,2014-06-03,1928,17496,,2,2,9,2000,0,1,3,,1,043,"RT 41","COUNTY ROAD 208",4752.00,N,N,A,-,Y,MAD,6,41,-,-,12.310,H,-,N,Y,1,1,0,1,A,-,08,22107,,N,E,I,A,A,H,-,A,D,0,,,Y,,Y,Y,C,02,0,0,0,0,0,0,0,1,0,"- ","- ",37.051229999999997,-119.77472,MADERA,UNINCORPORATED,-119.77460289,37.051265450000002
6291169,2014,2016-01-29,9450,2014-06-01,0925,12319,,7,1,9,2000,0,2,4,,2,035,"AVENUE 12","BNSF RAILWAY TRACKS",23.00,W,N,A,-,N,,,,,,,,,,Y,1,1,1,2,A,-,12,22451,B,N,H,F,A,A,H,-,A,D,0,,,,,Y,,A,08,0,0,1,0,0,0,0,0,0,"- ","- ",36.92324,-119.97409,MADERA,UNINCORPORATED,-119.97388333000001,36.923246769999999
6291174,2014,2014-08-21,9450,2014-06-11,0200,16341,,3,3,9,2000,0,3,5,,2,030,"AVENUE 9","COUNTY ROAD 23",3773.00,W,N,A,-,N,,,,,,,,,,Y,1,1,2,4,A,-,11,21956,A,N,G,B,E,A,H,-,D,D,0,Y,,,,Y,,N,60,1,0,1,1,2,0,0,0,0,"- ","- ",36.880270000000003,-120.14176999999999,MADERA,UNINCORPORATED,-120.14141377999999,36.880249999999997
6291177,2014,2015-12-30,9450,2014-06-26,1715,19818,,4,2,9,2000,0,2,4,,2,044,"COUNTY ROAD 145","RT 41",3061.00,E,N,A,-,N,,,,,,,,,,Y,1,1,0,2,A,-,05,21650,,N,A,C,A,A,D,G,A,D,0,,,,,Y,,A,01,0,0,0,0,0,0,0,0,0,"- ","- ",37.010509999999996,-119.78138,MADERA,UNINCORPORATED,-119.78342323,37.0105
6291362,2014,2014-10-27,9456,2014-08-27,1955,15905,,3,2,9,2000,0,1,3,,1,051,"RT 41","SERPA CANYON RD",2640.00,S,N,A,-,Y,MAD,6,41,-,-,30.300,H,-,S,Y,1,1,2,2,A,-,01,23152,A,N,A,C,A,A,H,-,D,D,0,,,,,Y,Y,A,01,0,2,0,0,0,0,0,0,0,"- ","- ",37.274419999999999,-119.66683,MADERA,UNINCORPORATED,-119.66699887,37.273667260000003
6291486,2014,2014-10-30,9450,2014-08-12,2135,16486,,2,2,9,2000,0,1,3,,1,043,"RT 41","COUNTY ROAD 406",1000.00,S,N,A,-,Y,MAD,6,41,-,-,15.370,H,-,S,Y,1,1,0,1,A,-,01,23152,A,N,E,I,A,A,H,-,D,D,0,,,,,Y,Y,D,22,0,0,0,0,0,0,0,0,0,"- ","- ",37.091819999999998,-119.75394,MADERA,UNINCORPORATED,-119.75395699000001,37.091691070000003
6291575,2014,2014-11-07,2002,2014-10-08,0430,3567,CITY,3,5,4,2002,0,0,0,,0,003,"OLIVE AV","K ST",119.00,E,N,A,-,N,,,,,,,,,,N,1,1,0,2,A,-,11,21956,,F,G,B,E,A,H,-,C,D,0,Y,,,,Y,,N,60,0,0,0,1,0,0,0,0,0,"- ","- ",,,MADERA,MADERA,-120.06033294,36.952930000000002
6291582,2014,2016-01-13,9450,2014-10-10,0200,17475,,5,3,9,2000,0,1,3,,2,011,"RT 99","AVENUE 18 1/2",2112.00,S,N,A,-,Y,MAD,6,99,-,R,15.940,H,-,S,Y,1,2,0,2,A,-,07,21658,A,N,C,C,A,A,H,-,D,D,1,,,,Y,Y,,A,01,0,0,0,0,0,0,0,0,0,"- ","- ",37.013420000000004,-120.12195,MADERA,UNINCORPORATED,-120.12358347999999,37.014684070000001
6291615,2014,2016-01-07,9450,2014-09-12,0425,16341,,5,3,9,2000,0,1,3,,2,012,"RT 99","CALIFA RR",1056.00,S,N,A,-,Y,MAD,6,99,-,-,22.470,H,-,N,N,1,1,0,2,A,-,11,21956,A,N,G,B,E,A,H,-,C,D,5,Y,,,Y,Y,,N,60,0,0,0,1,0,0,0,0,0,"- ","- ",37.08558,-120.21084999999999,MADERA,UNINCORPORATED,-120.20436727000001,37.080616759999998
6291911,2014,2016-01-08,9450,2014-11-10,2230,016341,,1,3,9,2000,0,1,3,,1,043,"RT 41","COUNTY ROAD 209",3168.00,S,N,A,-,Y,MAD,6,41,-,-,10.830,H,-,N,Y,1,1,5,3,A,-,08,22107,,N,B,C,A,A,H,-,D,D,0,,,,,Y,,A,01,2,2,1,0,0,0,0,0,0,"- ","- ",37.030140000000003,-119.78757,MADERA,UNINCORPORATED,-119.78619916,37.032062060000001
6291956,2014,2015-02-13,9450,2014-04-15,1440,15256,,2,2,9,2000,0,1,3,,2,012,"RT 99","AVENUE 21 1/2",2089.00,S,N,A,-,Y,MAD,6,99,-,-,20.190,H,-,S,Y,1,1,4,1,C,-,18,,,N,F,A,A,A,H,-,A,A,5,,,,,Y,Y,-,"- ",1,0,3,0,0,0,0,0,0,"- ","- ",37.061190000000003,-120.18071999999999,MADERA,UNINCORPORATED,-120.17745634000001,37.058653839999998
6292232,2015,2017-05-09,9450,2015-04-15,1630,12319,,3,2,9,2000,0,1,3,,1,043,"RT 41","COUNTY ROAD 406",3696.00,S,N,A,-,Y,MAD,6,41,-,-,14.850,H,-,S,Y,1,1,3,3,A,-,05,21650,,N,D,C,A,A,H,-,A,D,0,,,,,Y,,D,22,0,2,1,0,0,0,0,0,0,"- ","- ",37.083820000000003,-119.75732000000001,MADERA,UNINCORPORATED,-119.75711385,37.084590929999997
6292259,2015,2017-05-09,9456,2015-04-30,1938,18463,,4,2,9,2000,0,1,3,,1,051,"RT 41","COYOTE HOLLOW LN",1.00,N,N,A,-,Y,MAD,6,41,-,-,26.570,H,-,N,Y,1,1,0,1,A,-,08,22107,,N,E,I,A,A,H,-,A,D,0,,,Y,,Y,,C,02,0,0,0,0,0,0,0,1,0,"- ","- ",37.241129999999998,-119.70779,MADERA,UNINCORPORATED,-119.70754592999999,37.241055709999998
6292299,2015,2015-07-01,9450,2015-04-18,1110,15256,,6,1,9,2000,0,1,3,,1,013,"RT 152","AVENUE 17 1/2",0.00,,Y,A,-,Y,MAD,6,152,-,-,14.553,I,5,E,Y,1,1,6,2,A,-,12,22450,A,N,D,C,A,A,H,-,A,A,5,,,,,Y,,D,22,3,0,3,0,0,0,0,0,0,"- ","- ",37.050199999999997,-120.13460000000001,MADERA,UNINCORPORATED,-120.22949581,37.083843049999999
6292494,2015,2015-08-20,9456,2015-06-06,1210,13980,,6,1,9,2000,0,2,4,,1,053,"COUNTY ROAD 200","COUNTY ROAD 222",1584.00,W,N,A,-,N,,,,,,,,,,Y,1,1,1,2,B,-,22,,,N,F,C,A,A,H,-,A,D,0,,,Y,,Y,,C,02,1,0,0,0,0,0,0,1,1,"- ","- ",37.216320000000003,-119.51213,MADERA,UNINCORPORATED,-119.5121491,37.216335340000001
6292497,2015,2015-08-21,9456,2015-06-15,1348,17591,,1,1,9,2000,0,1,3,,1,051,"RT 41","MECCA LN",1200.00,N,N,A,-,Y,MAD,6,41,-,-,22.830,H,-,N,Y,1,1,0,2,A,-,08,22107,,N,B,C,A,A,H,-,A,D,0,,,,,Y,,D,22,0,0,0,0,0,0,0,0,0,"- ","- ",37.193089999999998,-119.72194,MADERA,UNINCORPORATED,-119.72186686000001,37.193200650000001
6292498,2015,2015-08-21,9456,2015-06-18,1433,18463,,4,2,9,2000,0,1,3,,1,051,"RT 41","SERPA CANYON",4224.00,S,N,A,-,Y,MAD,6,41,-,-,31.150,H,-,S,Y,1,1,0,2,A,-,03,22350,,N,C,C,A,A,H,-,A,D,0,,,Y,,Y,,C,02,0,0,0,0,0,0,0,1,0,"- ","- ",37.271850000000001,-119.66882,MADERA,UNINCORPORATED,-119.66254461,37.281469080000001
6292720,2015,2015-10-01,2002,2015-09-17,2258,3277,,4,5,4,2002,0,0,0,,0,003,"GOLDEN STATE BL","BOLES ST",37.00,S,N,A,-,N,,,,,,,,,,Y,1,1,0,1,A,-,03,22350,,N,F,I,A,A,H,-,D,D,0,,,,,Y,,A,01,0,0,0,0,0,0,0,0,0,"- ","- ",,,MADERA,MADERA,-120.09435990999999,36.989937779999998
6381459,2014,2014-06-17,9450,2014-02-12,2010,016486,,3,2,9,2000,0,3,5,,2,040,"AVE 15","COUNTY ROAD 39 1/2",528.00,W,N,A,-,N,,,,,,,,,,N,2,0,1,2,A,-,06,21750,,F,B,C,A,A,H,-,D,D,0,,,Y,,Y,,D,22,1,0,0,0,0,0,0,0,1,"- ","- ",36.966709999999999,-119.83157,MADERA,UNINCORPORATED,-119.83246613999999,36.966759779999997
6388588,2014,2014-06-05,2002,2014-01-29,1929,00048,,3,5,4,2002,0,0,0,,0,003,"HOWARD RD","ROTAN AV",120.00,W,N,B,-,N,,,,,,,,,,N,2,0,2,2,A,-,11,21955,,N,G,B,D,A,H,-,C,D,0,Y,,,,Y,Y,N,60,1,1,0,0,1,0,0,0,0,"- ","- ",,,MADERA,MADERA,-120.07571046,36.952726689999999
6401423,2014,2014-06-11,2002,2014-01-16,1053,3567,,4,5,4,2002,0,0,0,,0,003,"CLEVELAND AV","SCHNOOR AV",0.00,,Y,A,-,N,,,,,,,,,,N,2,0,3,2,A,-,12,21453,A,N,D,C,A,A,H,-,A,A,0,,,,,Y,,-,,2,0,1,0,0,0,0,0,0,"- ","- ",,,MADERA,MADERA,-120.08454988,36.974550010000002
6439389,2014,2014-07-01,9450,2014-03-11,2030,018380,,2,2,9,2000,0,3,5,,2,040,"COUNTY ROAD 36","PAULINE AV",89.00,N,N,A,-,N,,,,,,,,,,Y,2,0,1,1,A,-,01,23152,A,N,F,A,A,A,H,-,D,D,0,,,Y,,Y,Y,C,02,1,0,0,0,0,0,0,0,1,"- ","- ",36.969720000000002,-119.89375,MADERA,UNINCORPORATED,-119.89380916,36.969764310000002
6484624,2014,2015-09-11,9450,2014-05-10,1650,15256,,6,2,9,2000,0,3,5,,2,040,"COUNTY ROAD 400","COUNTY ROAD 603",11616.00,N,N,A,-,N,,,,,,,,,,Y,2,0,3,2,A,-,05,21460,A,N,A,C,A,A,H,-,A,D,0,,,,,Y,,A,01,1,0,2,0,0,0,0,0,0,"- ","- ",37.122999999999998,-119.85859000000001,MADERA,UNINCORPORATED,-119.85967187,37.122662210000001
6499321,2014,2014-08-11,9456,2014-06-02,2040,015905,,1,2,9,2000,0,2,4,,1,053,"COUNTY ROAD 200","COUNTY ROAD 224",2112.00,E,N,A,-,N,,,,,,,,,,Y,2,0,1,1,A,-,01,23152,A,N,E,I,A,A,H,-,D,D,0,,,,,Y,Y,D,22,1,0,0,0,0,0,0,0,0,"- ","- ",37.21396,-119.51636000000001,MADERA,UNINCORPORATED,-119.51636000000001,37.21396
6509110,2014,2014-08-05,9456,2014-05-31,1350,18298,,6,1,9,2000,0,3,5,,2,050,"COUNTY ROAD 600","APACHE RANCH RD",423.00,W,N,A,-,N,,,,,,,,,,Y,2,0,2,1,A,-,08,22107,,N,F,A,A,A,H,-,A,D,0,,,Y,,Y,,C,02,1,1,0,0,0,0,0,0,2,"- ","- ",37.337069999999997,-119.66853,MADERA,UNINCORPORATED,-119.7715652,37.331738139999999
6515934,2014,2014-08-01,9456,2014-05-06,1050,18970,,2,1,9,2000,0,2,4,,1,054,"COUNTY ROAD 274","ROAD 331",3696.00,S,N,B,-,N,,,,,,,,,,Y,2,0,1,1,A,-,08,22107,,N,E,I,A,B,H,-,A,D,0,,,,,Y,,A,01,1,0,0,0,0,0,0,0,0,"- ","- ",37.333309999999997,-119.56948,MADERA,UNINCORPORATED,-119.56985495000001,37.332359330000003
6521925,2014,2014-07-17,9456,2014-04-18,1528,018298,,5,2,9,2000,0,3,5,,2,050,"COUNTY ROAD 619","WINDY GAP DR",280.00,E,N,A,-,N,,,,,,,,,,N,2,0,3,1,A,-,"- ",,,N,E,I,A,A,H,-,A,D,0,,,Y,,Y,,C,06,2,0,1,0,0,0,0,0,3,"- ","- ",37.364669999999997,-119.72886,MADERA,UNINCORPORATED,-119.72885728,37.364660209999997
6521926,2014,2016-04-09,9456,2014-04-26,0030,018999,,6,3,9,2000,0,1,3,,2,056,"RT 49","COYOTE LN",30.00,N,N,B,-,Y,MAD,6,49,-,-,0.210,H,-,S,N,2,0,1,2,A,-,11,21956,A,N,G,B,E,B,H,-,D,D,0,Y,,,,Y,Y,N,60,1,0,0,0,1,0,0,0,0,"- ","- ",37.35877,-119.72411,MADERA,UNINCORPORATED,-119.65874398,37.332677050000001
6524858,2014,2014-08-06,9450,2014-05-18,2217,018075,,7,3,9,2000,0,3,5,,2,040,"MARK RD","AVENUE 17 1/2",0.00,,Y,A,-,N,,,,,,,,,,Y,2,0,1,1,A,-,01,23152,A,N,E,J,A,A,H,-,D,A,0,,,,,Y,Y,A,01,1,0,0,0,0,0,0,0,0,"- ","- ",37.00311,-119.89011000000001,MADERA,UNINCORPORATED,-119.89002986,37.003050100000003
6553147,2014,2016-05-20,9450,2014-07-02,0106,018554,,3,3,9,2000,0,1,3,,2,031,"RT 99","AVE 12",294.00,N,N,A,-,Y,MAD,6,99,-,R,7.520,H,-,S,Y,2,0,1,1,A,-,01,23152,A,N,E,I,A,A,D,H,D,D,1,,,,,Y,Y,A,01,1,0,0,0,0,0,0,0,0,"- ","- ",36.924219999999998,-120.0223,MADERA,UNINCORPORATED,-120.02267924,36.92431388
6572488,2014,2014-08-27,9450,2014-07-16,2130,17496,,3,2,9,2000,0,2,4,,2,044,"COUNTY ROAD 145","COUNTY ROAD 211",11088.00,E,N,A,-,N,,,,,,,,,,Y,2,0,1,1,A,-,08,22107,,N,F,A,A,A,H,-,D,D,0,,,Y,,Y,,C,02,1,0,0,0,0,0,0,0,1,"- ","- ",37.020350000000001,-119.70059000000001,MADERA,UNINCORPORATED,-119.70055908,37.020365179999999
6581203,2014,2016-05-10,9456,2014-07-05,2015,019105,,6,2,9,2000,0,1,3,,1,052,"RT 41","LAKE MANOR LN",5280.00,S,N,A,-,Y,MAD,6,41,-,-,37.480,H,-,N,Y,2,0,1,2,A,-,05,21460,A,N,B,C,A,A,H,-,A,D,0,,,Y,,Y,Y,C,02,1,0,0,0,0,0,0,0,1,"- ","- ",,,MADERA,UNINCORPORATED,-119.64362502,37.355436779999998
6581207,2014,2016-05-10,9456,2014-07-16,1657,17677,,3,2,9,2000,0,1,3,,1,052,"RT 41","COUNTY ROAD 222",485.00,S,N,A,-,Y,MAD,6,41,-,-,38.900,H,-,S,Y,2,0,1,1,A,-,08,22107,,N,E,I,A,A,H,-,A,D,0,,,Y,,Y,,C,02,1,0,0,0,0,0,0,0,1,"- ","- ",,,MADERA,UNINCORPORATED,-119.63064446999999,37.365716259999999
6620076,2014,2014-09-25,9456,2014-08-09,1923,19070,,6,2,9,2000,0,3,5,,2,050,"YOSEMITE SPRINGS PKWY","BEAVER CREEK RD",205.00,E,N,A,-,N,,,,,,,,,,Y,2,0,2,1,A,-,01,23152,A,N,E,I,A,A,H,-,A,D,0,,,,,Y,Y,A,01,1,1,0,0,0,0,0,0,0,"- ","- ",37.15851,-119.74391,MADERA,UNINCORPORATED,-119.74421912,37.158569620000002
6624656,2014,2016-05-26,9456,2014-09-06,1615,018999,,6,2,9,2000,0,1,3,,1,051,"RT 41","YOSEMITE SPRINGS PKWY",6864.00,N,N,A,-,Y,MAD,6,41,-,-,21.300,H,-,N,Y,2,0,2,2,A,-,05,21460,A,N,A,C,A,A,H,-,A,D,0,,,,,Y,,A,01,2,0,0,0,0,0,0,0,0,"- ","- ",37.172829999999998,-119.72834,MADERA,UNINCORPORATED,-119.72833102,37.17281217
6641423,2014,2014-11-06,9456,2014-09-23,1416,17677,,2,2,9,2000,0,3,5,,2,050,"HOLIDAY WY","HOLIDAY DR",100.00,E,N,A,-,N,,,,,,,,,,Y,2,0,1,1,C,-,18,,,N,F,A,A,A,H,-,A,D,0,,,,Y,Y,,-,"- ",1,0,0,0,0,0,0,0,0,"- ","- ",37.195189999999997,-119.77383,MADERA,UNINCORPORATED,-119.77415358,37.195620980000001
6650873,2014,2014-10-09,9456,2014-09-13,1619,018999,,6,2,9,2000,0,2,4,,1,054,"COUNTY ROAD 274","PUTNEY PL",2112.00,N,N,A,-,N,,,,,,,,,,Y,2,0,1,1,A,-,01,23152,A,N,E,I,A,A,H,-,A,D,0,,,,,Y,Y,A,01,1,0,0,0,0,0,0,0,0,"- ","- ",37.244630000000001,-119.5052,MADERA,UNINCORPORATED,-119.50525045000001,37.244619899999996
6673365,2014,2014-12-16,9450,2014-11-13,0741,14917,,4,1,9,2000,0,3,5,,2,020,"COUNTY ROAD 22","SANTA FE DR",174.00,S,N,B,-,N,,,,,,,,,,Y,2,0,1,1,A,-,08,22107,,N,E,I,A,B,H,-,A,D,0,,,,,Y,,J,48,1,0,0,0,0,0,0,0,0,"- ","- ",37.121250000000003,-120.14709999999999,MADERA,UNINCORPORATED,-120.14704764,37.12124
6679184,2014,2014-12-22,2002,2014-10-02,1810,3567,CITY,4,5,4,2002,0,0,0,,0,001,"RT 145","ALMOND AV",354.00,N,N,A,-,Y,,,,,,,,,,Y,2,0,1,2,D,-,00,,,N,D,C,A,A,H,-,A,D,0,,,,,Y,,-,"- ",1,0,0,0,0,0,0,0,0,"- ","- ",,,MADERA,MADERA,,
6701466,2014,2015-01-22,9450,2014-11-01,1720,016486,,6,2,9,2000,0,1,3,,2,012,"RT 99","COUNTY ROAD 15",1614.00,S,N,B,-,Y,,,,,,,,,,Y,2,0,3,1,A,-,08,22107,,N,E,I,A,A,H,-,A,D,0,,,,,Y,Y,D,22,1,1,1,0,0,0,0,0,0,TO,"- ",37.142949999999999,-120.27385,MADERA,UNINCORPORATED,-120.26990032,37.13915574
6718014,2014,2015-12-28,9450,2014-11-02,0140,18075,,7,3,9,2000,0,1,3,,2,031,"RT 99","AVENUE 9",1056.00,S,N,A,-,Y,MAD,6,99,-,R,3.340,H,-,S,Y,1,1,1,2,A,-,05,21651,B,N,A,C,A,A,H,-,C,A,1,,,,,Y,Y,A,01,0,0,1,0,0,0,0,0,0,"- ","- ",36.877630000000003,-119.97319,MADERA,UNINCORPORATED,-119.97417828,36.877979510000003
6718020,2014,2015-01-20,9450,2014-11-09,0558,18380,,7,3,9,2000,0,2,4,,2,038,"AVENUE 7","ROAD 24 1/4",807.00,W,N,E,-,N,,,,,,,,,,Y,1,1,0,1,A,-,01,23152,A,N,E,I,A,B,H,-,B,D,0,,,,,Y,Y,D,22,0,0,0,0,0,0,0,0,0,"- ","- ",36.85125,-120.10409,MADERA,UNINCORPORATED,-120.10408938,36.851266219999999
6718355,2015,2015-03-19,2002,2015-01-22,1812,03850,,4,5,4,2002,0,0,0,,0,001,"RT 145","7TH ST",108.00,N,N,A,-,Y,MAD,6,145,-,-,9.520,H,-,S,N,1,1,0,2,A,-,11,21955,,N,G,B,D,A,H,-,C,D,0,Y,,,,Y,,N,60,0,0,0,1,0,0,0,0,0,"- ","- ",,,MADERA,MADERA,-120.05874761,36.959515840000002
6718374,2015,2015-03-16,9450,2015-01-25,1803,16950,,7,2,9,2000,0,3,5,,2,030,"COUNTY ROAD 25","AVENUE 8",0.00,,Y,A,-,N,,,,,,,,,,Y,1,1,3,3,A,-,12,22450,A,F,D,C,A,A,H,-,A,A,0,,,,,Y,,A,07,1,2,0,0,0,0,0,0,0,"- ","- ",36.86571,-120.09226,MADERA,UNINCORPORATED,-120.0921499,36.865740010000003
6718375,2015,2015-03-20,9450,2015-01-29,0745,12319,,4,1,9,2000,0,1,3,,1,013,"RT 152","COUNTY ROAD 9",0.00,,Y,E,-,Y,MAD,6,152,-,-,6.090,I,5,E,Y,1,1,1,2,A,-,03,22350,,N,D,C,A,B,H,-,A,A,5,,,,Y,Y,,A,01,1,0,0,0,0,0,0,0,0,"- ","- ",37.083410000000001,-120.38265,MADERA,UNINCORPORATED,-120.38268832,37.083321490000003
6721603,2014,2015-01-13,9450,2014-11-09,0030,19818,,7,3,9,2000,0,3,5,,2,020,"COUNTY ROAD 600","HEISKELL DR",1584.00,S,N,A,-,N,,,,,,,,,,Y,2,0,2,1,A,-,01,23152,A,N,F,I,A,A,H,-,D,D,0,,,,,Y,Y,-,,1,0,1,0,0,0,0,0,0,"- ","- ",37.099440000000001,-119.94401999999999,MADERA,UNINCORPORATED,-119.94407952,37.099486429999999
6740053,2015,2017-04-25,9456,2015-03-24,1032,013980,,2,1,9,2000,0,2,4,,1,054,"COUNTY ROAD 222","COUNTY ROAD 220",0.00,,Y,A,-,N,,,,,,,,,,Y,1,1,1,2,A,-,09,21802,A,N,D,C,A,A,H,-,A,A,0,,,,,Y,,B,07,0,1,0,0,0,0,0,0,0,"- ","- ",37.374459999999999,-119.72808999999999,MADERA,UNINCORPORATED,-119.6249895,37.364021999999999
6740077,2015,2015-05-27,9450,2015-03-14,1212,017496,,6,1,9,2000,0,1,3,,1,042,"RT 41","AVENUE 11",2112.00,N,N,A,-,Y,MAD,6,41,-,-,2.680,H,-,N,Y,1,2,3,2,A,-,05,21460,A,N,A,C,A,A,H,-,A,D,0,,,,,Y,,D,22,2,0,1,0,0,0,0,0,0,"- ","- ",36.916119999999999,-119.79325,MADERA,UNINCORPORATED,-119.79307468,36.915238129999999
6763480,2014,2015-03-05,9450,2014-11-21,1505,015256,,5,2,9,2000,0,1,3,,1,013,"RT 152","COUNTY ROAD 16",0.00,,Y,A,-,Y,,,152,,,,,,,Y,2,0,2,2,A,-,12,22450,A,N,D,C,A,A,H,-,A,A,0,,,,,Y,,D,22,1,0,1,0,0,0,0,0,0,"- ","- ",37.08408,-120.25689,MADERA,UNINCORPORATED,-120.25688714,37.083894309999998