CASE_ID,ACCIDENT_YEAR,PROC_DATE,JURIS,COLLISION_DATE,COLLISION_TIME,OFFICER_ID,REPORTING_DISTRICT,DAY_OF_WEEK,CHP_SHIFT,POPULATION,CNTY_CITY_LOC,SPECIAL_COND,BEAT_TYPE,CHP_BEAT_TYPE,CITY_DIVISION_LAPD,CHP_BEAT_CLASS,BEAT_NUMBER,PRIMARY_RD,SECONDARY_RD,DISTANCE,DIRECTION,INTERSECTION,WEATHER_1,WEATHER_2,STATE_HWY_IND,CALTRANS_COUNTY,CALTRANS_DISTRICT,STATE_ROUTE,ROUTE_SUFFIX,POSTMILE_PREFIX,POSTMILE,LOCATION_TYPE,RAMP_INTERSECTION,SIDE_OF_HWY,TOW_AWAY,COLLISION_SEVERITY,NUMBER_KILLED,NUMBER_INJURED,PARTY_COUNT,PRIMARY_COLL_FACTOR,PCF_CODE_OF_VIOL,PCF_VIOL_CATEGORY,PCF_VIOLATION,PCF_VIOL_SUBSECTION,HIT_AND_RUN,TYPE_OF_COLLISION,MVIW,PED_ACTION,ROAD_SURFACE,ROAD_COND_1,ROAD_COND_2,LIGHTING,CONTROL_DEVICE,CHP_ROAD_TYPE,PEDESTRIAN_ACCIDENT,BICYCLE_ACCIDENT,MOTORCYCLE_ACCIDENT,TRUCK_ACCIDENT,NOT_PRIVATE_PROPERTY,ALCOHOL_INVOLVED,STWD_VEHTYPE_AT_FAULT,CHP_VEHTYPE_AT_FAULT,COUNT_SEVERE_INJ,COUNT_VISIBLE_INJ,COUNT_COMPLAINT_PAIN,COUNT_PED_KILLED,COUNT_PED_INJURED,COUNT_BICYCLIST_KILLED,COUNT_BICYCLIST_INJURED,COUNT_MC_KILLED,COUNT_MC_INJURED,PRIMARY_RAMP,SECONDARY_RAMP,LATITUDE,LONGITUDE,COUNTY,CITY,POINT_X,POINT_Y
6825599,2015,2015-03-16,9450,2015-01-25,0227,017475,,7,3,9,2000,0,3,5,,2,040,"COUNTY ROAD 15","AVENUE 24",1056.00,S,N,E,-,N,,,,,,,,,,Y,2,0,1,1,A,-,01,23152,A,N,E,I,A,B,H,-,D,D,0,,,,,Y,Y,A,01,1,0,0,0,0,0,0,0,0,"- ","- ",37.094439999999999,-120.27464000000001,MADERA,UNINCORPORATED,-120.27458614,37.095350680000003
6837674,2015,2015-03-16,2002,2015-02-27,1213,3277,,5,5,4,2002,0,0,0,,0,002,"COUNTRY CLUB DR","CLARK ST",11.00,S,N,A,-,N,,,,,,,,,,N,2,0,1,2,A,-,12,21453,A,N,G,G,A,A,H,-,A,A,0,,Y,,,Y,,L,04,1,0,0,0,0,0,1,0,0,"- ","- ",,,MADERA,MADERA,-120.07424957000001,36.980019800000001
6854702,2015,2015-07-16,9450,2015-05-08,1652,018551,,5,2,9,2000,0,1,3,,2,012,"RT 99","COUNTY ROAD 15",53.00,E,N,A,-,Y,MAD,6,99,-,-,28.079,R,2,N,Y,1,2,1,2,A,-,01,23152,A,N,D,C,A,A,H,-,A,D,1,,,,,Y,Y,E,22,0,1,0,0,0,0,0,0,0,TO,"- ",37.142890000000001,-120.27345,MADERA,UNINCORPORATED,-120.2729964,37.141177919999997
6857086,2015,2016-09-15,9450,2015-03-22,0230,016950,,7,3,9,2000,0,1,3,,2,011,"RT 99","AVE 16",2640.00,N,N,A,-,Y,MAD,6,99,-,-,13.250,H,-,S,Y,2,0,1,1,A,-,08,22107,,F,E,I,A,A,H,-,D,D,1,,,,,Y,,A,07,1,0,0,0,0,0,0,0,0,"- ","- ",36.992570000000001,-120.09697,MADERA,UNINCORPORATED,-120.08982306,36.987044400000002
6858965,2015,2016-10-06,9456,2015-02-28,1045,14354,,6,1,9,2000,0,1,3,,2,056,"RT 49","COUNTY ROAD 601",792.00,N,N,B,C,Y,MAD,6,49,-,-,8.390,H,-,S,Y,2,0,1,1,A,-,03,22350,,N,E,I,A,B,H,-,A,D,0,,,,,Y,,A,01,1,0,0,0,0,0,0,0,0,"- ","- ",37.40522,-119.73452,MADERA,UNINCORPORATED,-119.73446786,37.405111169999998
6884777,2015,2016-10-28,9456,2015-03-05,1420,019105,,4,2,9,2000,0,1,3,,1,051,"RT 41","COMSTOCK DR",0.00,,Y,A,-,Y,MAD,6,41,-,-,26.000,H,-,S,Y,2,0,3,3,A,-,09,21801,A,N,D,C,A,A,H,-,A,D,0,,,,,Y,,A,07,1,0,2,0,0,0,0,0,0,"- ","- ",37.232149999999997,-119.70663999999999,MADERA,UNINCORPORATED,-119.70681446,37.232669450000003
6916882,2015,2015-05-26,9450,2015-05-02,0140,017868,,6,3,9,2000,0,3,5,,2,020,"AVENUE 20 1/2","COUNTY ROAD 22",10.00,E,N,A,-,N,,,,,,,,,,Y,2,0,2,1,A,-,03,22350,,N,F,A,A,A,H,-,D,D,0,,,,,Y,Y,A,01,1,0,1,0,0,0,0,0,0,"- ","- ",37.047710000000002,-120.15232,MADERA,UNINCORPORATED,-120.15219473000001,37.047831469999998
6934321,2015,2016-06-07,2002,2015-05-10,1945,3567,CITY,7,5,4,2002,0,0,0,,0,001,"GATEWAY DR","RT 99",82.00,W,N,A,-,N,,,,,,,,,,Y,2,0,1,1,A,-,03,22350,,N,E,I,A,A,H,-,A,D,0,,,,,Y,Y,-,,1,0,0,0,0,0,0,0,0,"- ","- ",,,MADERA,MADERA,-120.04841872,36.949244610000001
6937684,2015,2016-11-05,9450,2015-04-05,0018,00002,,7,3,9,2000,0,1,3,,1,043,"RT 41","COUNTY ROAD 208",4752.00,N,N,A,-,Y,MAD,6,41,-,-,12.310,H,-,N,Y,2,0,1,1,A,-,08,22107,,N,E,I,A,A,H,-,D,D,0,,,,,Y,,A,01,1,0,0,0,0,0,0,0,0,"- ","- ",37.052010000000003,-119.77419999999999,MADERA,UNINCORPORATED,-119.77460289,37.051265450000002
6942140,2015,2015-06-25,9456,2015-05-09,1350,018052,,6,1,9,2000,0,3,5,,2,050,"COUNTY ROAD 226","COUNTY ROAD 221",12.00,E,N,A,-,N,,,,,,,,,,Y,2,0,2,1,A,-,03,22350,,N,F,A,A,A,B,-,A,D,0,,,Y,,Y,,C,02,1,1,0,0,0,0,0,0,2,"- ","- ",,,MADERA,UNINCORPORATED,-119.54236865,37.243888949999999
6942704,2015,2016-05-16,9456,2015-03-15,1750,15905,,7,2,9,2000,0,3,5,,2,050,"MANDY LN","RT 41",1056.00,E,N,A,-,N,,,,,,,,,,Y,2,0,3,1,A,-,01,23152,A,N,E,I,A,A,H,-,A,D,0,,,,,Y,Y,A,01,1,1,1,0,0,0,0,0,0,"- ","- ",37.203580000000002,-119.7135,MADERA,UNINCORPORATED,-119.71349531,37.204182799999998
6942882,2015,2016-12-03,9450,2015-05-22,1824,17868,,5,2,9,2000,0,1,3,,1,013,"RT 152","COUNTY ROAD 17",528.00,W,N,B,-,Y,MAD,6,152,-,-,13.950,H,-,E,Y,2,0,1,1,C,-,18,,,N,H,H,A,A,H,-,A,D,5,,,Y,,Y,,-,"- ",1,0,0,0,0,0,0,0,1,"- ","- ",37.08379,-120.24068,MADERA,UNINCORPORATED,-120.24032611,37.083835360000002
6951403,2015,2015-06-19,9450,2015-05-19,1819,017899,,2,2,9,2000,0,3,5,,2,020,"AVENUE 19","PICKFAIR WY",346.00,E,N,A,-,N,,,,,,,,,,Y,2,0,4,1,A,-,01,23152,A,F,E,I,A,A,H,-,A,D,0,,,,,Y,Y,A,01,1,3,0,0,0,0,0,0,0,"- ","- ",37.025390000000002,-120.07922000000001,MADERA,UNINCORPORATED,-120.07881548,37.025430110000002
6962007,2015,2017-01-10,9450,2015-06-13,0747,015256,,6,1,9,2000,0,1,3,,2,012,"RT 99","ROBERTSON BL",704.00,N,N,A,-,Y,MAD,6,99,-,-,26.728,R,2,S,Y,2,0,1,1,A,-,03,22350,,N,E,I,A,A,H,-,A,D,1,,,,Y,Y,,F,27,1,0,0,0,0,0,0,0,0,TO,"- ",37.127339999999997,-120.2546,MADERA,UNINCORPORATED,-120.25454010999999,37.128299040000002
6962219,2015,2016-12-03,2002,2015-05-29,2100,3567,CITY,5,5,4,2002,0,0,0,,0,001,"RT 145","MACE ST",20.00,E,N,A,-,Y,MAD,6,145,-,-,10.490,H,-,N,N,2,0,1,1,A,-,00,647,,N,H,I,A,A,H,-,C,D,0,,Y,,,Y,Y,L,04,1,0,0,0,0,0,1,0,0,"- ","- ",,,MADERA,MADERA,-120.04987057,36.968541199999997
6978502,2015,2015-07-13,9450,2015-06-28,1830,16341,,7,2,9,2000,0,3,5,,2,020,"AVE 21","COUNTY ROAD 31",1056.00,W,N,A,-,N,,,,,,,,,,N,2,0,1,1,A,-,08,22107,,N,E,J,A,A,H,-,A,D,0,,,Y,,Y,,C,02,1,0,0,0,0,0,0,0,1,"- ","- ",37.05424,-119.98922,MADERA,UNINCORPORATED,-119.98850831,37.05442815
7004742,2015,2015-08-18,2002,2015-07-20,2240,2628,MADER,1,5,4,2002,0,0,0,,0,003,"CLEVELAND AV W","GATEWAY AV N",15.00,W,N,A,-,N,,,,,,,,,,N,2,0,1,2,A,-,11,21456,B,N,G,B,B,A,H,-,C,A,0,Y,,,,Y,,N,60,1,0,0,0,1,0,0,0,0,"- ","- ",,,MADERA,MADERA,-120.07471427,36.974839170000003
7005212,2015,2015-07-25,9450,2015-06-07,0835,14917,,7,1,9,2000,0,3,5,,2,020,"COUNTY ROAD 28 1/2","WESTERN WY",4224.00,S,N,A,-,N,,,,,,,,,,Y,2,0,2,1,A,-,01,23152,E,N,E,I,A,A,H,-,A,D,0,,,,,Y,,A,07,1,1,0,0,0,0,0,0,0,"- ","- ",,,MADERA,UNINCORPORATED,-120.02891882,37.022564619999997
7006019,2015,2015-07-23,9450,2015-06-19,0925,12319,,5,1,9,2000,0,3,5,,2,010,"ROBERTSON BL","AVENUE 18 1/2",0.00,,Y,A,-,N,,,,,,,,,,Y,1,1,1,2,A,-,09,21802,A,N,D,C,A,A,H,-,A,D,0,,,,,Y,,A,01,0,0,1,0,0,0,0,0,0,"- ","- ",37.01811,-120.35312,MADERA,UNINCORPORATED,-120.35313997,37.018110040000003
7006363,2015,2015-12-16,2001,2015-11-04,1828,043,B,3,5,3,2001,0,0,0,,0,,"COUNTY ROAD 16","AVE 24 1/2",0.00,,Y,A,-,N,,,,,,,,,,N,1,1,0,2,A,-,11,21950,B,N,A,B,E,A,H,-,D,D,0,Y,,,,Y,,N,60,0,0,0,1,0,0,0,0,0,"- ","- ",,,MADERA,CHOWCHILLA,-120.25675996,37.1055201
7006444,2015,2016-01-15,2002,2015-12-12,2015,3277,,6,5,4,2002,0,0,0,,0,,"GATEWAY DR N","CENTRAL AV W",0.00,,Y,A,-,N,,,,,,,,,,N,1,1,0,2,A,-,11,21950,B,N,G,B,D,A,H,-,D,A,0,Y,,,,Y,,N,60,0,0,0,1,0,0,0,0,0,"- ","- ",,,MADERA,MADERA,-120.06692989,36.967350060000001
7014486,2015,2015-08-14,9450,2015-07-24,2040,017475,,5,2,9,2000,0,3,5,,2,020,"COUNTY ROAD 22 1/2","AVE 21 1/2",10.00,N,N,A,-,N,,,,,,,,,,N,2,0,1,1,A,-,08,22107,,N,E,I,A,A,H,-,D,D,0,,,Y,,Y,,O,05,1,0,0,0,0,0,0,0,1,"- ","- ",,,MADERA,UNINCORPORATED,,
7176099,2015,2016-02-08,2001,2015-12-18,1956,051,A,5,5,3,2001,0,0,0,,0,,"WEST ROBERTSON BL","N 7TH ST",110.00,E,N,A,-,N,,,,,,,,,,Y,2,0,1,1,D,-,00,,,N,E,J,A,A,H,-,C,D,0,,,,,Y,,-,"- ",1,0,0,0,0,0,0,0,0,"- ","- ",,,MADERA,CHOWCHILLA,-120.26420116,37.119571800000003
7190122,2016,2018-09-26,2002,2016-03-30,0446,2947,,3,5,4,2002,0,0,0,,0,003,"GRANADA DR","DRIFTWOOD DR",41.00,N,N,A,-,N,,,,,,,,,,Y,1,1,0,1,A,-,08,22107,,N,E,I,A,A,H,-,C,D,0,,,,,Y,,A,01,0,0,0,0,0,0,0,0,0,"- ","- ",,,MADERA,MADERA,-120.09223274999999,36.965312410000003
7190613,2016,2018-09-27,2002,2016-06-19,0206,3277,,7,5,4,2002,0,0,0,,0,003,"RIVERVIEW DR","N GRANADA DR",471.00,W,N,A,-,N,,,,,,,,,,Y,1,1,0,2,A,-,03,22350,,N,A,E,A,A,H,-,C,A,0,,,Y,,Y,Y,C,02,0,0,0,0,0,0,0,1,0,"- ","- ",,,MADERA,MADERA,-120.09359676,36.966496540000001
8004247,2016,2017-02-18,2002,2016-03-02,1649,3842,,3,5,4,2002,0,0,0,,0,003,"RT 145","GARY LN E",214.00,N,N,A,-,Y,MAD,6,145,-,-,8.360,H,-,S,N,2,0,1,2,A,-,08,22107,,N,G,G,A,A,H,-,A,D,0,,Y,,,Y,,L,04,1,0,0,0,0,0,1,0,0,"- ","- ",,,MADERA,MADERA,-120.05602493000001,36.942509459999997
8005488,2016,2016-04-01,2002,2016-03-02,1800,3842,,3,5,4,2002,0,0,0,,0,003,"GATEWAY DR NORTH","CENTRAL AV EAST",2640.00,N,N,A,-,N,,,,,,,,,,Y,2,0,1,2,A,-,09,21801,A,N,D,C,A,A,H,-,C,D,0,,,Y,,Y,,A,01,1,0,0,0,0,0,0,0,1,"- ","- ",,,MADERA,MADERA,-120.07245571,36.973058709999997
8077065,2016,2016-07-12,2001,2016-07-01,0155,042,B,5,5,3,2001,0,0,0,,0,,"AVENUE 24 1/2","S CHOWCHILLA BL",0.00,,Y,A,-,N,,,,,,,,,,Y,2,0,1,1,A,-,03,22350,,N,B,I,A,A,G,-,D,A,0,,,,,Y,Y,A,07,1,0,0,0,0,0,0,0,0,"- ","- ",,,MADERA,CHOWCHILLA,-120.23584990000001,37.1076701
8126712,2016,2016-09-21,2002,2016-08-19,0847,3386,,5,5,4,2002,0,0,0,,0,004,"4TH ST W","H ST N",64.00,W,N,-,-,N,,,,,,,,,,N,2,0,2,2,A,-,05,21650,1,N,B,G,A,A,H,-,A,D,0,,Y,,,Y,,L,04,1,0,1,0,0,0,2,0,0,"- ","- ",,,MADERA,MADERA,-120.06463578,36.96161523
8140471,2016,2016-10-07,2001,2016-09-11,1710,053,A,7,5,3,2001,0,0,0,,0,,"RIVERSIDE AV","5TH ST",0.00,,Y,A,-,N,,,,,,,,,,N,2,0,1,2,A,-,12,22450,A,N,D,G,A,A,H,-,A,A,0,,Y,,,Y,,L,04,1,0,0,0,0,0,1,0,0,"- ","- ",,,MADERA,CHOWCHILLA,-120.26452989000001,37.12224002
8163625,2016,2016-11-21,2002,2016-10-30,1252,4309,,7,5,4,2002,0,0,0,,0,004,"GRANADA DR N","ALMOND AV E",21.00,N,N,A,-,N,,,,,,,,,,N,2,0,1,2,A,-,01,23152,A,N,A,C,A,A,H,-,A,A,0,,,,,Y,Y,A,01,1,0,0,0,0,0,0,0,0,"- ","- ",,,MADERA,MADERA,-120.09214282000001,36.945656790000001
8180512,2016,2016-12-02,2002,2016-11-07,1906,4224,,1,5,4,2002,0,0,0,,0,,"GATEWAY DR S","OLIVE AV E",1414.00,S,N,A,-,N,,,,,,,,,,Y,2,0,1,1,A,-,01,23152,,N,F,I,A,A,H,-,C,-,0,,,,,Y,Y,A,01,1,0,0,0,0,0,0,0,0,"- ","- ",,,MADERA,MADERA,-120.04848991999999,36.949864699999999
8180548,2016,2016-12-02,2002,2016-11-14,1456,2947,,1,5,4,2002,0,0,0,,0,001,"5TH ST","D ST N",105.00,E,N,A,-,N,,,,,,,,,,Y,2,0,1,1,A,-,08,22107,,N,E,I,A,A,H,-,A,D,0,,,,,Y,,A,01,1,0,0,0,0,0,0,0,0,"- ","- ",,,MADERA,MADERA,-120.05914266000001,36.963713200000001
8180552,2016,2017-04-14,2002,2016-11-13,1758,4125,MADER,7,5,4,2002,0,0,0,,0,001,"PECAN AV E","GOLDEN STATE BL S",697.00,E,N,A,-,N,,,,,,,,,,Y,2,0,5,4,A,-,03,22350,,N,H,H,A,A,H,-,D,D,0,,,,,Y,,A,01,1,2,2,0,0,0,0,0,0,"- ","- ",,,MADERA,MADERA,-120.03816999999999,36.938110000000002
8315440,2017,2017-03-21,2002,2017-01-31,0655,4224,,2,5,4,2002,0,0,0,,0,,"YOSEMITE AV E","ELM AV",386.00,E,N,A,-,N,,,,,,,,,,N,2,0,1,2,A,-,09,21800,A,N,D,G,A,A,H,-,A,A,0,,Y,,,Y,,A,01,1,0,0,0,0,0,1,0,0,"- ","- ",,,MADERA,MADERA,-120.0448737,36.972526440000003
8338461,2017,2017-04-06,2002,2017-03-20,0741,4224,,1,5,4,2002,0,0,0,,0,,"SUNRISE AV","LILLY ST",80.00,W,N,A,-,N,,,,,,,,,,N,2,0,1,2,A,-,11,21950,B,N,G,B,D,A,H,-,A,D,0,Y,,,,Y,,N,60,1,0,0,0,1,0,0,0,0,"- ","- ",,,MADERA,MADERA,-120.04060367,36.959881609999996
8347302,2017,2017-04-17,2002,2017-03-24,2003,4398,MSC,5,5,4,2002,0,0,0,,0,002,"CLEVELAND AV E","D ST N",208.00,W,N,C,-,N,,,,,,,,,,N,2,0,1,2,A,-,11,21954,A,N,G,B,D,B,H,-,C,D,0,Y,,,,Y,Y,N,60,1,0,0,0,1,0,0,0,0,"- ","- ",,,MADERA,MADERA,-120.0638917,36.974530000000001
8349753,2017,2017-05-01,2002,2017-04-18,2156,4125,,2,5,4,2002,0,0,0,,0,002,"RAYMOND RD","LAGUNA WY",217.00,S,N,A,-,N,,,,,,,,,,Y,2,0,4,2,A,-,01,23152,A,N,A,C,A,A,H,-,C,D,0,,,,,Y,Y,A,01,1,1,2,0,0,0,0,0,0,"- ","- ",,,MADERA,MADERA,-120.04303134,36.976261999999998
8351978,2017,2017-04-29,2002,2017-03-31,2010,43985,MADER,5,5,4,2002,0,0,0,,0,002,"D ST N","RIVERSIDE DR E",0.00,,Y,A,-,N,,,,,,,,,,Y,2,0,2,2,A,-,01,23152,A,N,D,C,A,A,H,-,C,A,0,,,,,Y,Y,A,01,2,0,0,0,0,0,0,0,0,"- ","- ",,,MADERA,MADERA,-120.06319997999999,36.968560060000001
8372901,2017,2017-05-31,2002,2017-05-02,2030,3651,,2,5,4,2002,0,0,0,,0,004,"INDUSTRIAL AV","GRANADA DR",397.00,E,N,A,-,N,,,,,,,,,,N,2,0,1,2,A,-,10,21950,A,F,G,B,D,A,H,-,C,D,0,Y,,,,Y,Y,A,01,1,0,0,0,1,0,0,0,0,"- ","- ",,,MADERA,MADERA,-120.09073734,36.949926079999997
8449800,2017,2017-09-27,2001,2017-07-22,2315,042,B,6,5,3,2001,0,0,0,,0,,"AVENUE 24 1/2","AVENUE 24 1/2 17000 BLK",0.00,,-,A,-,N,,,,,,,,,,Y,2,0,1,1,A,-,01,23152,A,N,A,I,A,A,H,-,D,A,0,,,,,Y,Y,A,01,1,0,0,0,0,0,0,0,0,"- ","- ",,,MADERA,CHOWCHILLA,,
8450137,2017,2018-05-25,2002,2017-09-03,0036,4274,,7,5,4,2002,0,0,0,,0,001,"RT 145","C ST N",13.00,W,N,A,-,Y,MAD,6,145,-,-,9.910,H,-,S,N,2,0,1,2,A,-,12,21453,A,N,D,G,A,A,H,-,C,A,0,,Y,,,Y,,L,04,1,0,0,0,0,0,1,0,0,"- ","- ",,,MADERA,MADERA,-120.05743409,36.963307720000003
8465299,2016,2017-10-12,2002,2016-08-05,0509,2902,MSC,5,5,4,2002,0,0,0,,0,002,"CLEVELAND AV E","D ST N",0.00,,Y,A,-,N,,,,,,,,,,Y,1,1,0,2,A,-,12,21453,A,N,D,C,A,A,H,-,C,A,0,,,,Y,Y,,-,"- ",0,0,0,0,0,0,0,0,0,"- ","- ",,,MADERA,MADERA,-120.06317991,36.974530080000001
8465985,2019,2021-05-20,2001,2019-07-12,1918,047,B,5,5,3,2001,0,0,0,,0,,"S 8TH ST","WEST ROBERTSON BL",0.00,,N,A,-,Y,MAD,6,233,-,-,2.950,I,5,N,Y,1,1,0,2,A,-,12,22450,A,N,D,C,A,A,H,-,A,A,0,,,Y,,Y,,C,02,0,0,0,0,0,0,0,1,0,"- ","- ",,,MADERA,CHOWCHILLA,-120.26537322998047,37.118663787841797
8474672,2017,2017-11-13,2002,2017-08-08,2145,4331,,2,5,4,2002,0,0,0,,0,002,"ADELL ST","SONORA ST",0.00,,Y,A,-,N,,,,,,,,,,N,2,0,1,2,A,-,03,22350,,N,D,J,A,A,H,-,C,D,0,,,,,Y,,A,42,1,0,0,0,0,0,0,0,0,"- ","- ",,,MADERA,MADERA,-120.06658998,36.982830079999999
8527766,2017,2018-01-16,2002,2017-12-07,1623,4224,,4,5,4,2002,0,0,0,,0,002,"SHERWOOD WY","TORONADO DR",5.00,W,N,A,-,N,,,,,,,,,,N,2,0,1,2,A,-,10,21950,A,N,G,B,D,A,H,-,B,D,0,Y,,,,Y,,A,01,1,0,0,0,1,0,0,0,0,"- ","- ",,,MADERA,MADERA,-120.06923711,36.977250189999999
8586894,2018,2018-04-12,2001,2018-03-06,0627,180439,B,2,5,3,2001,0,0,0,,0,,"3RD ST","COLUSA AV",0.00,,-,A,-,N,,,,,,,,,,Y,2,0,2,2,A,-,09,21802,A,N,D,C,A,A,G,-,A,D,0,,,,,Y,,A,01,1,0,1,0,0,0,0,0,0,"- ","- ",,,MADERA,CHOWCHILLA,-120.25650024414062,37.118518829345703
8648563,2019,2019-01-25,2002,2019-01-03,1609,4262,,4,5,4,2002,0,0,0,,0,003,"STEPHANIE LN","CLEVELAND AV W",0.00,,Y,A,-,N,,,,,,,,,,Y,1,1,0,3,A,-,09,21801,A,N,D,C,A,A,H,-,A,A,0,,,,,Y,,D,22,0,0,0,0,0,0,0,0,0,"- ","- ",,,MADERA,MADERA,-120.08702850341797,36.97454833984375
8706494,2018,2018-10-02,2002,2018-09-03,1909,4466,,1,5,4,2002,0,0,0,,0,002,"COUNTRY CLUB DR","CLARK ST W",332.00,S,N,A,-,N,,,,,,,,,,Y,2,0,1,1,A,-,01,23152,A,N,H,I,A,A,H,-,C,A,0,,,Y,,Y,Y,C,02,1,0,0,0,0,0,0,0,1,"- ","- ",,,MADERA,MADERA,-120.07423400878906,36.979137420654297
8715200,2018,2018-11-15,2001,2018-10-01,1630,053,B,1,5,3,2001,0,0,0,,0,,"ORANGE AV","S 12TH ST",0.00,,Y,A,-,N,,,,,,,,,,N,2,0,1,2,C,-,18,,,N,G,B,B,A,H,-,A,D,0,Y,,,,Y,,-,"- ",1,0,0,0,1,0,0,0,0,"- ","- ",,,MADERA,CHOWCHILLA,-120.26692962646484,37.114521026611328
8768382,2018,2019-01-08,2002,2018-11-27,1719,4365,,2,5,4,2002,0,0,0,,0,002,"SONORA ST","RIVERSIDE DR",90.00,N,N,A,-,N,,,,,,,,,,N,2,0,1,2,A,-,11,21954,A,N,G,B,E,B,H,-,C,D,0,Y,,,,Y,Y,N,60,1,0,0,0,1,0,0,0,0,"- ","- ",,,MADERA,MADERA,-120.06663513183594,36.969436645507812
8779598,2018,2019-02-01,2002,2018-12-16,1326,4462,MADER,7,5,4,2002,0,0,0,,0,004,"RT 145","STANFORD AV",8.00,N,N,A,-,Y,MAD,6,145,-,-,7.830,H,-,S,Y,2,0,3,3,A,-,09,21801,,N,A,C,A,A,H,-,A,D,0,,,,Y,Y,,-,99,1,1,1,0,0,0,0,0,0,"- ","- ",,,MADERA,MADERA,-120.05604553222656,36.935001373291016
8857394,2019,2019-05-16,2002,2019-04-02,1921,4365,,2,5,4,2002,0,0,0,,0,002,"LA JOLLA WY","SALVADOR WY",155.00,E,N,A,-,N,,,,,,,,,,N,2,0,1,2,A,-,03,22350,,N,G,B,D,A,H,-,A,D,0,Y,,,,Y,,A,01,1,0,0,0,1,0,0,0,0,"- ","- ",,,MADERA,MADERA,-120.04588317871094,36.986263275146484
8877625,2019,2019-06-13,2002,2019-05-02,1729,4536,,4,5,4,2002,0,0,0,,0,004,"PECAN AV E","GOLDEN STATE BL S",0.00,,Y,A,-,N,,,,,,,,,,Y,2,0,1,2,A,-,09,21804,A,N,D,C,A,A,H,-,A,D,0,,,,,Y,,A,01,1,0,0,0,0,0,0,0,0,"- ","- ",,,MADERA,MADERA,-120.03816986083984,36.9381103515625
8890644,2019,2019-11-20,2002,2019-06-02,1657,4224,,7,5,4,2002,0,0,0,,0,004,"RT 145","STANFORD AV",850.00,S,N,A,-,Y,MAD,6,145,-,-,7.660,H,-,N,Y,2,0,2,2,A,-,05,21650,,N,A,C,A,A,H,-,A,D,0,,,,,Y,,A,07,2,0,0,0,0,0,0,0,0,"- ","- ",,,MADERA,MADERA,-120.05605316162109,36.932540893554688
8910879,2019,2020-04-03,2002,2019-05-12,0030,4461,2002,7,5,4,2002,0,0,0,,0,002,"E CLEVELAND AV","N D ST",8.00,W,N,A,-,N,,,,,,,,,,N,1,1,0,2,A,-,10,21950,A,F,G,B,B,A,H,-,C,A,0,Y,,,,Y,,D,22,0,0,0,1,0,0,0,0,0,"- ","- ",,,MADERA,MADERA,-120.06320953369141,36.974529266357422
8910980,2019,2020-04-16,2002,2019-10-27,1530,,,7,5,4,2002,0,0,0,,0,,"BEASORE RD","COUNTY ROAD 274",8.00,N,N,A,G,N,,,,,,,,,,Y,1,2,0,1,C,-,18,,,N,E,J,A,A,H,-,A,D,0,,,,,Y,,-,"- ",0,0,0,0,0,0,0,0,0,"- ","- ",37.385658264160156,-119.51959228515625,MADERA,MADERA,-119.51979064941406,37.385662078857422
8938354,2019,2019-09-25,2002,2019-09-08,1931,4274,,7,5,4,2002,0,0,0,,0,003,"LOS OSOS CT","CAITLAN DR",40.00,E,N,A,-,N,,,,,,,,,,N,2,0,1,1,A,-,08,22107,A,N,F,A,A,A,H,-,A,D,0,,,,,Y,,M,96,1,0,0,0,0,0,0,0,0,"- ","- ",,,MADERA,MADERA,-120.1070556640625,36.964279174804688
8939443,2019,2020-01-03,2001,2019-05-24,2154,047,B,5,5,3,2001,0,0,0,,0,,"COUNTY ROAD 16","AVENUE 24 1/2",0.00,,N,A,-,N,,,,,,,,,,Y,1,1,1,2,A,-,07,21658,,N,A,C,A,A,H,-,D,D,0,,,,,Y,,-,,0,0,1,0,0,0,0,0,0,"- ","- ",,,MADERA,CHOWCHILLA,-120.25675964355469,37.105518341064453
8939486,2019,2021-05-20,2002,2019-07-20,0745,15E2,,6,5,4,2002,0,0,0,,0,,"BEASORE RD","FOREST SERVICE RD 5S27",76.00,N,N,A,-,N,,,,,,,,,,Y,1,1,0,1,A,-,01,23152,G,N,E,I,A,A,H,-,A,D,0,,,,,Y,Y,A,01,0,0,0,0,0,0,0,0,0,"- ","- ",37.450679779052734,-119.46539306640625,MADERA,MADERA,-119.46533966064453,37.450634002685547
8939505,2019,2020-01-16,2002,2019-12-28,2016,4262,,6,5,4,2002,0,0,0,,0,004,"KNOX ST","ALMOND AV",481.00,S,N,A,-,N,,,,,,,,,,Y,1,1,2,1,A,-,01,23152,A,N,E,I,A,A,H,-,C,D,0,,,,,Y,Y,A,01,1,1,0,0,0,0,0,0,0,"- ","- ",,,MADERA,MADERA,-120.04105377197266,36.944149017333984
8968318,2019,2019-11-20,2002,2019-10-13,0432,4497,,7,5,4,2002,0,0,0,,0,001,"KNOX ST S","ALMOND AV E",0.00,,Y,A,-,N,,,,,,,,,,Y,2,0,1,1,A,-,03,22350,,N,E,I,A,A,H,-,C,D,0,,,,,Y,,D,22,1,0,0,0,0,0,0,0,0,"- ","- ",,,MADERA,MADERA,-120.0419921875,36.945209503173828
90009031,2015,2015-10-19,9450,2015-08-15,0545,015256,,6,3,9,2000,0,3,5,,2,030,"AVENUE 7 1/2","COUNTY ROAD 7",3168.00,E,N,A,-,N,,,,,,,,,,Y,2,0,3,2,A,-,05,21650,,F,A,C,A,A,H,-,B,D,0,,,,,Y,,A,01,1,1,1,0,0,0,0,0,0,"- ","- ",36.858420000000002,-120.40599,MADERA,UNINCORPORATED,-120.40697493,36.858464130000002
90011445,2015,2015-10-19,9450,2015-08-14,2012,019818,,5,2,9,2000,0,3,5,,2,020,"AVENUE 24","COUNTY ROAD 22",0.00,,Y,A,-,N,,,,,,,,,,Y,2,0,2,2,A,-,09,21802,B,N,D,C,A,A,H,-,D,A,0,,,,Y,Y,Y,D,22,1,1,0,0,0,0,0,0,0,"- ","- ",37.098109999999998,-120.14707,MADERA,UNINCORPORATED,-120.14706997,37.098130040000001
90012261,2015,2015-10-19,9450,2015-08-22,1715,016486,,6,2,9,2000,0,3,5,,2,010,"AVENUE 14","COUNTY ROAD 14",13200.00,W,N,A,-,N,,,,,,,,,,Y,2,0,1,1,A,-,01,23152,A,N,E,I,A,A,H,-,A,D,0,,,,,Y,Y,A,01,1,0,0,0,0,0,0,0,0,"- ","- ",36.952649999999998,-120.33360999999999,MADERA,UNINCORPORATED,-120.33686768,36.952601010000002