CASE_ID,ACCIDENT_YEAR,PROC_DATE,JURIS,COLLISION_DATE,COLLISION_TIME,OFFICER_ID,REPORTING_DISTRICT,DAY_OF_WEEK,CHP_SHIFT,POPULATION,CNTY_CITY_LOC,SPECIAL_COND,BEAT_TYPE,CHP_BEAT_TYPE,CITY_DIVISION_LAPD,CHP_BEAT_CLASS,BEAT_NUMBER,PRIMARY_RD,SECONDARY_RD,DISTANCE,DIRECTION,INTERSECTION,WEATHER_1,WEATHER_2,STATE_HWY_IND,CALTRANS_COUNTY,CALTRANS_DISTRICT,STATE_ROUTE,ROUTE_SUFFIX,POSTMILE_PREFIX,POSTMILE,LOCATION_TYPE,RAMP_INTERSECTION,SIDE_OF_HWY,TOW_AWAY,COLLISION_SEVERITY,NUMBER_KILLED,NUMBER_INJURED,PARTY_COUNT,PRIMARY_COLL_FACTOR,PCF_CODE_OF_VIOL,PCF_VIOL_CATEGORY,PCF_VIOLATION,PCF_VIOL_SUBSECTION,HIT_AND_RUN,TYPE_OF_COLLISION,MVIW,PED_ACTION,ROAD_SURFACE,ROAD_COND_1,ROAD_COND_2,LIGHTING,CONTROL_DEVICE,CHP_ROAD_TYPE,PEDESTRIAN_ACCIDENT,BICYCLE_ACCIDENT,MOTORCYCLE_ACCIDENT,TRUCK_ACCIDENT,NOT_PRIVATE_PROPERTY,ALCOHOL_INVOLVED,STWD_VEHTYPE_AT_FAULT,CHP_VEHTYPE_AT_FAULT,COUNT_SEVERE_INJ,COUNT_VISIBLE_INJ,COUNT_COMPLAINT_PAIN,COUNT_PED_KILLED,COUNT_PED_INJURED,COUNT_BICYCLIST_KILLED,COUNT_BICYCLIST_INJURED,COUNT_MC_KILLED,COUNT_MC_INJURED,PRIMARY_RAMP,SECONDARY_RAMP,LATITUDE,LONGITUDE,COUNTY,CITY,POINT_X,POINT_Y
90015676,2015,2015-10-19,9450,2015-08-22,1703,016486,,6,2,9,2000,0,3,5,,2,020,"COUNTY ROAD 28 1/2","WESTERN WAY",4224.00,S,N,A,-,N,,,,,,,,,,Y,2,0,1,1,A,-,03,22350,,N,E,I,A,A,H,-,A,D,0,,,,,Y,,A,07,1,0,0,0,0,0,0,0,0,"- ","- ",37.021320000000003,-120.02897,MADERA,UNINCORPORATED,-120.02891882,37.022564619999997
90019674,2015,2015-10-19,9456,2015-08-26,1046,018052,,3,1,9,2000,0,3,5,,2,050,"COUNTY ROAD 426","COUNTY ROAD 423",528.00,E,N,A,-,Y,,,,,,,,,,Y,2,0,1,1,A,-,08,22107,,N,F,A,A,A,H,-,A,D,0,,,Y,,Y,,C,02,1,0,0,0,0,0,0,0,1,"- ","- ",37.308840000000004,-119.62066,MADERA,UNINCORPORATED,-119.62010934,37.309510629999998
90026712,2015,2015-10-19,9456,2015-09-28,0705,013782,,1,1,9,2000,0,1,3,,1,051,"STATE ROUTE 41 (SR-41)","COUNTY ROAD 425B",2112.00,N,N,B,-,Y,,,41,,,,,,,Y,2,0,4,2,A,-,01,23152,A,N,A,C,A,A,H,-,A,D,0,,,,,Y,Y,A,07,3,0,1,0,0,0,0,0,0,"- ","- ",37.30594,-119.65235,MADERA,UNINCORPORATED,-119.65237997,37.305901720000001
90032420,2015,2015-10-29,9450,2015-10-01,1550,019818,,4,2,9,2000,0,3,5,,2,040,"AVENUE 15","SANTA FE DR",12144.00,E,N,A,-,N,,,,,,,,,,Y,2,0,1,2,A,-,08,22107,,N,C,C,A,A,H,-,A,D,0,,,,,Y,,M,46,1,0,0,0,0,0,0,0,0,"- ","- ",36.966679999999997,-119.9663,MADERA,UNINCORPORATED,-119.97071871,36.966697330000002
90037521,2015,2015-11-23,9450,2015-09-15,1515,018551,,2,2,9,2000,0,3,5,,2,030,"AVENUE 11","COUNTY ROAD 24 1/2",0.00,,Y,A,-,N,,,,,,,,,,Y,1,1,0,1,B,-,22,,,N,F,A,A,A,H,-,A,D,0,,,,,Y,,M,46,0,0,0,0,0,0,0,0,0,"- ","- ",36.909300000000002,-120.10151,MADERA,UNINCORPORATED,-120.10142988,36.90927001
90040129,2015,2015-10-29,9456,2015-10-14,1220,019210,,3,1,9,2000,0,2,4,,1,054,"COUNTY ROAD 274","NORTH FORK WILLOW CREEK",2640.00,E,N,A,-,N,,,,,,,,,,Y,2,0,1,2,A,-,09,21801,A,N,D,C,A,A,H,-,A,D,0,,,Y,,Y,,C,02,1,0,0,0,0,0,0,0,1,"- ","- ",37.328389999999999,-119.56568,MADERA,UNINCORPORATED,-119.56568,37.328389999999999
90061410,2015,2015-11-30,9450,2015-11-14,1600,014712,,6,2,9,2000,0,1,3,,2,031,"SR-99 S/B","THE AVE 12 OVERCROSSING",58.00,N,N,A,-,Y,,,99,,,,,,S,Y,2,0,2,1,A,-,08,22107,,N,E,I,A,A,H,-,A,D,0,,,,,Y,,D,22,1,0,1,0,0,0,0,0,0,"- ","- ",36.923609999999996,-120.02222999999999,MADERA,UNINCORPORATED,-120.02211751,36.923715369999996
90068714,2015,2015-12-09,9456,2015-11-02,1300,014985,CHP,1,1,9,2000,0,1,3,,1,051,SR-41,"MECCA LANE",2112.00,N,N,B,C,Y,,,41,,,,,,,Y,1,1,0,1,A,-,08,22107,,N,F,A,A,B,H,-,A,D,0,,,,,Y,,I,11,0,0,0,0,0,0,0,0,0,"- ","- ",37.19444,-119.72143,MADERA,UNINCORPORATED,-119.72134554,37.194421869999999
90079851,2015,2015-12-22,9450,2015-12-07,2320,018612,,1,3,9,2000,0,3,5,,2,030,SR-145,"AVENUE 12",1584.00,N,N,A,-,Y,,,145,,,,,,,N,2,0,1,2,A,-,11,21954,A,F,G,B,E,A,H,-,D,D,0,Y,,,,Y,,N,60,1,0,0,0,1,0,0,0,0,"- ","- ",36.929090000000002,-120.05598999999999,MADERA,UNINCORPORATED,-120.05605756,36.929090219999999
90086065,2015,2015-12-31,9456,2015-12-16,2145,015905,,3,2,9,2000,0,3,5,,2,050,"ROAD 223","PINCHOT DRIVE",682.00,W,N,A,-,N,,,,,,,,,,Y,2,0,1,1,A,-,01,23152,A,N,E,I,A,A,H,-,D,D,0,,,,,Y,Y,A,07,1,0,0,0,0,0,0,0,0,"- ","- ",37.245800000000003,-119.56097,MADERA,UNINCORPORATED,-119.56098258999999,37.245771019999999
90092672,2015,2016-01-15,9450,2015-12-28,0200,018612,,1,3,3,2001,0,1,3,,2,012,"SR-99 N/B","ROBERTSON BOULEVARD",2640.00,N,N,A,-,Y,,,99,,,,,,N,Y,2,0,5,2,A,-,01,23152,A,N,A,C,A,A,H,-,D,D,0,,,,,Y,Y,A,01,1,0,4,0,0,0,0,0,0,"- ","- ",37.13006,-120.25681,MADERA,CHOWCHILLA,-120.25678234999999,37.13010001
90099530,2015,2016-01-21,9450,2015-11-25,1120,014712,,3,1,9,2000,0,3,5,,2,040,"COUNTY ROAD 206","COUNTY ROAD 145",3696.00,S,N,A,-,N,,,,,,,,,,Y,1,1,0,1,A,-,03,22350,,N,E,I,A,A,H,-,A,D,0,,,,,Y,,A,01,0,0,0,0,0,0,0,0,0,"- ","- ",37.00029,-119.73394999999999,MADERA,UNINCORPORATED,-119.73445082000001,37.00104932
90105520,2016,2016-01-29,9450,2016-01-05,2300,017475,,2,3,9,2000,0,3,5,,2,010,"CHOWCHILLA BLVD","MINTURN ROAD",15.00,E,N,B,-,N,,,,,,,,,,Y,1,1,0,1,A,-,01,23152,A,N,E,I,A,B,H,-,D,D,0,,,,,Y,Y,A,01,0,0,0,0,0,0,0,0,0,"- ","- ",37.139989999999997,-120.27466,MADERA,UNINCORPORATED,-120.27489334000001,37.139791549999998
90109046,2016,2016-02-04,9456,2016-01-27,1400,013980,,3,2,9,2000,0,3,5,,2,050,"ROAD 223","COUNTY ROAD 420",0.00,,Y,A,-,N,,,,,,,,,,Y,2,0,1,1,A,-,03,22350,,N,F,A,A,A,H,-,A,D,0,,,Y,,Y,,C,02,1,0,0,0,0,0,0,0,1,"- ","- ",37.28877,-119.58202,MADERA,UNINCORPORATED,-119.58186865,37.288180959999998
90119747,2016,2016-02-25,9450,2016-01-24,0500,018612,,7,3,9,2000,0,3,5,,2,030,"AVENUE 7","COUNTY ROAD 16",3960.00,W,N,A,-,N,,,,,,,,,,Y,1,2,0,2,A,-,01,23152,A,N,A,C,A,A,H,-,D,D,0,,,,Y,Y,Y,A,01,0,0,0,0,0,0,0,0,0,"- ","- ",36.851019999999998,-120.27189,MADERA,UNINCORPORATED,-120.26866896,36.851008180000001
90128799,2016,2016-03-03,9450,2016-02-21,0655,018075,,7,1,9,2000,0,3,5,,2,030,"AVENUE 12","COUNTY ROAD 24",0.00,,Y,E,-,N,,,,,,,,,,Y,2,0,2,2,A,-,12,22450,A,N,D,C,A,B,H,-,A,A,0,,,,,Y,,A,07,1,0,1,0,0,0,0,0,0,"- ","- ",36.923810000000003,-120.1099,MADERA,UNINCORPORATED,-120.11052994000001,36.923740039999998
90130420,2016,2016-03-07,9450,2016-02-25,1908,016341,,4,2,9,2000,0,1,3,,2,031,"SR-99 N/B","AVENUE 7",1056.00,N,N,A,-,Y,,,99,,,,,,N,Y,2,0,2,3,A,-,03,22350,,N,C,C,A,A,D,-,D,D,0,,,,Y,Y,,G,25,1,0,1,0,0,0,0,0,0,"- ","- ",36.85436,-119.94898000000001,MADERA,UNINCORPORATED,-119.94904950999999,36.85430925
90130673,2016,2016-03-07,9450,2016-02-29,0454,017475,,1,3,9,2000,0,1,3,,1,013,"SR-152 W/B","COUNTY ROAD 17 1/2",0.00,,Y,A,-,Y,,,152,,,,,,W,Y,2,0,2,2,A,-,07,21658,A,N,D,C,A,A,H,-,D,D,0,,,,,Y,,A,07,1,0,1,0,0,0,0,0,0,"- ","- ",37.08399,-120.22951999999999,MADERA,UNINCORPORATED,-120.22951999999999,37.083969039999999
90130691,2016,2016-03-07,9450,2016-02-29,0735,018075,,1,1,9,2000,0,3,5,,2,030,"COUNTY ROAD 25","AVENUE 9 1/2",565.00,S,N,A,-,N,,,,,,,,,,Y,2,0,1,1,A,-,08,22107,,N,E,J,A,A,H,-,A,D,0,,,,,Y,,A,01,1,0,0,0,0,0,0,0,0,"- ","- ",36.885919999999999,-120.09235,MADERA,UNINCORPORATED,-120.09226978,36.885925239999999
90133190,2016,2016-03-28,9450,2016-02-28,0745,020253,,7,1,9,2000,0,3,5,,2,010,"ROBERTSON BOULEVARD","AVENUE 22",695.00,N,N,B,-,Y,,,,,,,,,,Y,1,1,0,1,A,-,08,22107,,N,E,I,A,A,H,-,A,D,0,,,,,Y,,A,01,0,0,0,0,0,0,0,0,0,"- ","- ",37.072299999999998,-120.30683999999999,MADERA,UNINCORPORATED,-120.30848326,37.070523739999999
90148104,2016,2016-03-30,9450,2016-03-02,2348,016341,,3,3,9,2000,0,1,3,,1,041,SR-145,"COUNTY ROAD 29",968.00,E,N,A,-,Y,,,145,,,,,,,Y,1,2,1,2,A,-,05,21650,,N,A,C,A,A,H,-,D,D,0,,,,,Y,,A,07,1,0,0,0,0,0,0,0,0,"- ","- ",36.987670000000001,-120.01684,MADERA,UNINCORPORATED,-120.01687335,36.987732979999997
90149010,2016,2017-01-11,9456,2016-01-30,1845,018970,,6,2,9,2000,0,1,3,,1,052,SR-41,"WINDING WAY",184.00,S,N,A,-,Y,,,41,,,,,,,Y,2,0,2,3,A,-,09,21804,A,F,A,C,A,A,H,-,C,D,0,,,,Y,Y,,A,07,1,0,1,0,0,0,0,0,0,"- ","- ",37.340440000000001,-119.64358,MADERA,UNINCORPORATED,-119.64356100000001,37.340431010000003
90154144,2016,2016-04-11,9450,2016-03-31,1355,016341,,4,1,9,2000,0,2,4,,2,045,"AVENUE 12","COUNTY ROAD 32",393.00,E,N,A,-,N,,,,,,,,,,Y,2,0,3,2,A,-,05,21650,,N,A,C,A,A,H,-,A,A,0,,,,,Y,,D,22,1,2,0,0,0,0,0,0,0,"- ","- ",36.923090000000002,-119.96359,MADERA,UNINCORPORATED,-119.96367639,36.92318667
90161097,2016,2016-04-19,9456,2016-04-13,1613,017677,,3,2,9,2000,0,3,5,,2,050,"QUARTZ MOUNTAIN RD","COOPERS HAWK CT.",242.00,N,N,A,-,N,,,,,,,,,,Y,2,0,1,2,A,-,05,21650,,N,A,C,A,A,H,-,A,D,0,,,Y,,Y,,C,02,1,0,0,0,0,0,0,0,1,"- ","- ",37.197339999999997,-119.68785,MADERA,UNINCORPORATED,-119.68785,37.197339999999997
90166047,2016,2016-04-26,9456,2016-04-18,0800,013782,,1,1,9,2000,0,2,4,,1,054,"COUNTY ROAD 222","DORSTAN DRIVE",23.00,W,N,A,-,N,,,,,,,,,,Y,2,0,3,2,A,-,03,22350,,N,C,C,A,A,H,-,A,D,0,,,,,Y,,D,22,1,1,1,0,0,0,0,0,0,"- ","- ",37.363340000000001,-119.61649,MADERA,UNINCORPORATED,-119.61710572,37.363432289999999
90190740,2016,2016-05-31,9450,2016-05-14,1405,014354,,6,2,9,2000,0,3,5,,2,040,"COUNTY ROAD 211","ROLLING OAKS DRIVE",2640.00,N,N,A,-,N,,,,,,,,,,N,2,0,1,1,D,-,00,,,N,F,A,A,A,H,-,A,D,0,,Y,,,Y,,-,"- ",1,0,0,0,0,0,1,0,0,"- ","- ",36.985439999999997,-120.10489,MADERA,UNINCORPORATED,-119.69535023,37.075573110000001
90205751,2016,2016-06-21,9450,2016-06-06,1901,018676,,1,2,9,2000,0,3,5,,2,020,"COUNTY ROAD 24","AVENUE 24",5280.00,S,N,A,-,N,,,,,,,,,,Y,2,0,2,1,A,-,01,23152,A,N,E,I,A,A,H,-,A,D,0,,,,,Y,Y,A,01,1,0,1,0,0,0,0,0,0,"- ","- ",37.083550000000002,-120.11086,MADERA,UNINCORPORATED,-120.11082044,37.083474699999996
90205754,2016,2016-06-21,9450,2016-06-03,1703,020253,,5,2,4,2002,0,1,3,,2,011,"STATE ROUTE 99 N/B FROM AVENUE 17","AVENUE 17",37.00,N,N,A,-,Y,,,99,,,,R,,N,Y,1,1,0,1,C,-,18,,,N,E,I,A,A,H,-,A,D,0,,,,,Y,,-,"- ",0,0,0,0,0,0,0,0,0,"- ","- ",36.996600000000001,-120.10164,MADERA,MADERA,-120.10164,36.996600000000001
90223326,2016,2016-12-14,9450,2016-06-25,1300,012316,,6,1,9,2000,0,1,3,,2,012,"SR-99 S/B",SR-152,3696.00,S,N,A,-,Y,,,99,,,,,,S,Y,2,0,5,1,A,-,07,21658,A,N,F,A,A,A,H,-,A,D,0,,,,,Y,,A,01,3,1,1,0,0,0,0,0,0,"- ","- ",37.076129999999999,-120.19938,MADERA,UNINCORPORATED,-120.19931973,37.076203720000002
90224731,2016,2016-07-18,9450,2016-07-16,1328,016967,,6,1,9,2000,0,3,5,,2,010,"RD. 12 S/B","AVE. 18 1/2",75.00,N,N,A,-,N,,,,,,,,,,Y,2,0,1,2,A,-,08,22107,,F,G,B,E,A,H,-,A,A,0,Y,,,,Y,,D,22,1,0,0,0,1,0,0,0,0,"- ","- ",37.018270000000001,-120.32884,MADERA,UNINCORPORATED,-120.32857086,37.01838592
90235116,2016,2016-08-02,9450,2016-05-10,0107,017899,,2,3,9,2000,0,1,3,,2,011,"SR-99 S/B","ELLIS STREET",1267.00,N,N,A,-,Y,,,99,,,,,,S,Y,1,1,0,3,A,-,03,22350,,N,G,B,E,A,H,-,D,D,0,Y,,,,Y,,A,01,0,0,0,1,0,0,0,0,0,"- ","- ",36.987740000000002,-120.09056,MADERA,UNINCORPORATED,-120.09060329,36.987687479999998
90236813,2016,2016-08-03,9450,2016-07-26,0720,018075,,2,1,9,2000,0,2,4,,2,035,"AVENUE 12","COUNTY ROAD 28 1/4",36.00,E,N,A,-,N,,,,,,,,,,Y,2,0,1,1,A,-,08,22107,,N,E,I,A,A,H,-,A,D,0,,,,,Y,,A,01,1,0,0,0,0,0,0,0,0,"- ","- ",36.924289999999999,-120.03291,MADERA,UNINCORPORATED,-120.03321698000001,36.923713450000001
90239236,2016,2016-08-08,9450,2016-06-27,1335,016938,,1,1,9,2000,0,3,5,,2,030,"FIREBAUGH BLVD","COUNTY ROAD 16",8448.00,S,N,A,-,N,,,,,,,,,,N,1,1,0,1,A,-,03,22350,,N,H,A,A,A,H,-,A,D,0,,,,,Y,,I,19,0,0,0,0,0,0,0,0,0,"- ","- ",36.90654,-120.27630000000001,MADERA,UNINCORPORATED,-120.27568405,36.90698175
9024485,2019,2020-02-11,2002,2019-12-16,0054,4535,,1,5,4,2002,0,0,0,,0,004,"GRANADA DR S","ALMOND AV W",25.00,S,N,A,-,N,,,,,,,,,,Y,2,0,1,1,A,-,08,22107,,N,A,I,A,A,H,-,C,D,0,,,,,Y,,A,01,1,0,0,0,0,0,0,0,0,"- ","- ",,,MADERA,MADERA,-120.09214782714844,36.945507049560547
90249097,2016,2016-08-22,9456,2016-07-20,1318,017677,,3,1,9,2000,0,1,3,,1,052,"HWY. 41","RIVER FALLS RD.",5.00,N,N,A,-,Y,,,,,,,,,,Y,1,1,1,2,A,-,09,21804,A,N,D,C,A,A,H,-,A,D,0,,,Y,,Y,,A,07,1,0,0,0,0,0,0,0,0,"- ","- ",37.35472,-119.64384,MADERA,UNINCORPORATED,-119.64390400000001,37.35469286
90255788,2016,2016-08-29,9456,2016-07-26,0845,018088,,2,1,9,2000,0,1,3,,1,051,SR-41,"VICTORIA LN",4224.00,S,N,A,-,Y,,,,,,,,,,Y,2,0,3,3,A,-,08,22107,,N,B,C,A,A,H,-,A,D,0,,,,,Y,,D,22,1,1,1,0,0,0,0,0,0,"- ","- ",,,MADERA,UNINCORPORATED,-119.6579912,37.315980699999997
90277517,2016,2016-09-28,9450,2016-09-24,0148,020882,,6,3,9,2000,0,1,3,,2,031,"SR-99 SOUTHBOUND","AVENUE 7",3960.00,N,N,A,-,Y,,,99,,,,,,S,Y,2,0,3,2,A,-,01,23152,A,N,B,C,A,A,H,-,D,D,0,,,,Y,Y,Y,A,01,2,0,1,0,0,0,0,0,0,"- ","- ",36.859940000000002,-119.95479,MADERA,UNINCORPORATED,-119.95483543,36.859893079999999
90281353,2016,2016-10-03,9450,2016-09-23,0740,018075,,5,1,9,2000,0,3,5,,2,030,"COUNTY ROAD 24","AVENUE 6 1/2",0.00,,Y,A,-,N,,,,,,,,,,Y,2,0,3,6,A,-,12,22450,A,N,D,C,A,A,H,-,A,A,0,,,Y,,Y,,C,02,2,1,0,0,0,0,0,0,2,"- ","- ",36.84402,-120.11021,MADERA,UNINCORPORATED,-120.11018995000001,36.844010109999999
90283933,2016,2016-10-05,9450,2016-09-13,0550,016486,,2,3,9,2000,0,1,3,,2,031,"SR-99 SOUTHBOUND","AVENUE 12",1584.00,S,N,A,-,Y,,,99,,,,,,S,Y,2,0,3,3,A,-,08,22107,,N,C,E,E,A,H,-,D,D,0,Y,,,,Y,,A,01,1,1,1,0,1,0,0,0,0,"- ","- ",36.919820000000001,-120.01694000000001,MADERA,UNINCORPORATED,-120.01698304,36.919771259999997
90288264,2016,2016-10-25,9450,2016-07-11,0640,018554,,1,1,9,2000,0,3,5,,2,030,"COUNTY ROAD 19","AVENUE 14",0.00,,Y,A,-,N,,,,,,,,,,Y,1,1,1,2,A,-,09,21802,A,N,D,C,A,A,H,-,A,A,0,,,,,Y,,A,01,0,0,1,0,0,0,0,0,0,"- ","- ",36.952680000000001,-120.20175999999999,MADERA,UNINCORPORATED,-120.20193987,36.952720110000001
90292823,2016,2016-10-17,9456,2016-09-25,0140,015905,,7,3,9,2000,0,3,5,,2,050,"ROAD 223","WOAKA POYAH",4752.00,W,N,A,-,N,,,,,,,,,,Y,2,0,1,1,A,-,01,23152,A,N,E,I,A,A,H,-,D,D,0,,,,,Y,Y,A,01,1,0,0,0,0,0,0,0,0,"- ","- ",37.286819999999999,-119.57722,MADERA,UNINCORPORATED,-119.57391,37.273789999999998
90293531,2016,2016-10-17,9450,2016-10-03,0708,018554,,1,1,9,2000,0,3,5,,2,040,"COUNTY ROAD 34 1/2","AVENUE 13",806.00,S,N,A,-,N,,,,,,,,,,Y,2,0,2,2,A,-,03,22350,,N,C,C,A,A,H,-,A,D,0,,,,,Y,,D,22,1,0,1,0,0,0,0,0,0,"- ","- ",36.93524,-119.92144999999999,MADERA,UNINCORPORATED,-119.92133708999999,36.935297939999998
90294877,2016,2016-10-18,9450,2016-09-13,0705,016486,,2,1,9,2000,0,1,3,,1,037,"STATE ROUTE 145","AVENUE 11",38.00,S,N,A,-,Y,,,145,,,,,,,Y,1,1,1,2,A,-,09,21801,A,N,A,C,A,A,H,-,A,D,0,,,Y,,Y,,D,23,0,0,1,0,0,0,0,1,0,"- ","- ",36.909309999999998,-120.0561,MADERA,UNINCORPORATED,-120.05606048,36.909310130000001
90298582,2016,2016-10-24,9450,2016-07-21,0552,016967,,4,3,9,2000,0,3,5,,2,010,"AVENUE 17 EASTBOUND","COUNTY ROAD 23",2640.00,W,N,A,-,N,,,,,,,,,,Y,1,1,0,1,A,-,08,22107,,N,F,A,A,A,H,-,B,D,0,,,,,Y,,A,07,0,0,0,0,0,0,0,0,0,"- ","- ",36.996389999999998,-120.13773,MADERA,UNINCORPORATED,-120.13766586,36.996440010000001
90300703,2016,2016-10-25,9450,2016-10-11,1545,014354,,2,2,9,2000,0,2,4,,2,035,"AVENUE 12","COUNTY ROAD 26 1/2",145.00,W,N,A,-,N,,,,,,,,,,Y,2,0,1,2,A,-,03,22350,,N,C,C,A,A,H,-,A,D,0,,,Y,,Y,,C,02,1,0,0,0,0,0,0,0,1,"- ","- ",36.923819999999999,-120.06570000000001,MADERA,UNINCORPORATED,-120.0655958,36.923839479999998
90301475,2016,2016-10-26,9450,2016-10-25,1800,016946,,2,2,9,2000,0,1,3,,2,031,"SR-99 SOUTHBOUND","AVENUE 13",1056.00,S,N,A,-,Y,,,99,,,,,,S,Y,2,0,2,1,A,-,08,22107,,N,E,I,A,A,H,-,A,D,0,,,,,Y,,A,01,1,1,0,0,0,0,0,0,0,"- ","- ",36.935600000000001,-120.03346000000001,MADERA,UNINCORPORATED,-120.03342628999999,36.935635550000001
90306054,2016,2016-10-28,9450,2016-06-18,0049,020253,,6,3,9,2000,0,1,3,,1,043,"STATE ROUTE 41","COUNTY ROAD 200",3696.00,S,N,A,-,Y,,,41,,,,,,,Y,1,1,5,4,A,-,01,23152,A,N,A,C,A,A,H,-,D,D,0,,,,,Y,Y,A,01,3,0,2,0,0,0,0,0,0,"- ","- ",37.120399999999997,-119.73968000000001,MADERA,UNINCORPORATED,-119.73964574,37.120353719999997
90316859,2016,2016-12-14,9450,2016-05-25,2210,019818,,3,3,9,2000,0,1,3,,2,011,"STATE ROUTE 99 NORTHBOUND","ELLIS AVENUE",250.00,N,N,A,-,Y,,,99,,,,,,N,Y,1,3,0,2,A,-,07,21658,A,N,B,C,A,A,H,-,D,D,0,,,,Y,Y,,M,47,0,0,0,0,0,0,0,0,0,"- ","- ",36.986469999999997,-120.08864,MADERA,UNINCORPORATED,-120.08869647,36.986401469999997
90320226,2016,2016-11-17,9450,2016-10-27,2122,019604,,4,2,9,2000,0,2,4,,2,035,"AVENUE 12","COUNTY ROAD 26 1/2",20.00,W,N,C,-,N,,,,,,,,,,N,1,1,0,2,A,-,11,21954,A,N,G,B,E,B,H,-,D,D,0,Y,,,,Y,Y,N,60,0,0,0,1,0,0,0,0,0,"- ","- ",36.923099999999998,-120.06578,MADERA,UNINCORPORATED,-120.06516839,36.92383993
90336506,2016,2016-12-05,9450,2016-10-21,0615,018551,,5,1,9,2000,0,3,5,,2,030,"COUNTY ROAD 9","AVENUE 14",2640.00,S,N,A,-,N,,,,,,,,,,Y,1,1,0,2,A,-,14,25803,A,N,C,C,A,A,H,-,D,D,0,,,,,Y,,M,46,0,0,0,0,0,0,0,0,0,"- ","- ",36.944760000000002,-120.0818,MADERA,UNINCORPORATED,-120.3825046,36.945261629999997
90360354,2016,2017-01-03,9456,2016-12-28,1440,018970,,3,2,9,2000,0,1,3,,1,051,SR-41,"COUNTY ROAD 416",0.00,,Y,A,-,Y,,,41,,,,,,,N,2,0,1,2,A,-,09,21802,A,N,D,C,A,A,H,-,A,A,0,,,,,Y,,D,22,1,0,0,0,0,0,0,0,0,"- ","- ",37.202120000000001,-119.72266,MADERA,UNINCORPORATED,-119.72264662000001,37.202113130000001
90378880,2016,2017-01-26,9450,2016-12-13,0449,018612,,2,3,9,2000,0,1,3,,2,011,"SR-99 NORTHBOUND","AVENUE 18 1/2",1056.00,N,N,B,-,Y,,,99,,,,,,N,Y,1,1,0,1,A,-,01,23152,A,N,F,A,A,A,H,-,D,D,0,,,,,Y,Y,A,01,0,0,0,0,0,0,0,0,0,"- ","- ",37.0212,-120.1313,MADERA,UNINCORPORATED,-120.13138420999999,37.02112648
90381358,2017,2017-01-30,9456,2017-01-07,2250,015905,,6,3,9,2000,0,3,5,,2,050,"COUNTY ROAD 426","COUNTY ROAD 425B",284.00,W,N,B,C,N,,,,,,,,,,Y,1,1,1,1,A,-,03,22350,,N,F,A,A,B,H,-,D,D,0,,,,,Y,,A,07,0,1,0,0,0,0,0,0,0,"- ","- ",37.32884,-119.64952,MADERA,UNINCORPORATED,-119.64957102,37.328918829999999
90385177,2016,2017-02-03,9450,2016-11-30,0206,017868,,3,3,9,2000,0,1,3,,2,012,"SR-99 NORTHBOUND TO SR-152 WESTBOUND","SR-99 SOUTHBOUND",443.00,E,N,A,-,Y,,,99,,,,R,,N,Y,1,1,0,2,A,-,01,23152,A,N,A,C,A,A,H,-,D,D,0,,,,Y,Y,Y,A,01,0,0,0,0,0,0,0,0,0,"- ","- ",37.084009999999999,-120.20876,MADERA,UNINCORPORATED,-120.20876,37.084009999999999
90396891,2016,2017-02-21,9450,2016-12-24,0200,019105,,6,3,9,2000,0,3,5,,2,040,"COUNTY ROAD 39 1/2","BELLA VISTA DRIVE",3168.00,N,N,B,-,N,,,,,,,,,,Y,1,1,0,1,A,-,01,23152,A,N,F,A,A,B,H,-,D,D,0,,,,,Y,Y,A,01,0,0,0,0,0,0,0,0,0,"- ","- ",36.941339999999997,-119.83065999999999,MADERA,UNINCORPORATED,-119.83062631,36.941555940000001
90400783,2017,2017-02-27,9450,2017-01-29,2028,016341,,7,2,9,2000,0,3,5,,2,020,"COUNTY ROAD 26","ELLIS STREET",1006.00,S,N,A,-,N,,,,,,,,,,N,2,0,1,2,A,-,11,21954,A,N,G,B,D,A,H,-,D,D,0,Y,,,,Y,Y,N,60,1,0,0,0,1,0,0,0,0,"- ","- ",36.983989999999999,-120.07434000000001,MADERA,UNINCORPORATED,-120.07425325,36.984148220000002
90416065,2017,2017-07-21,9450,2017-03-11,0930,018361,,6,1,9,2000,0,1,3,,2,031,"SR-99 NORTHBOUND","AVENUE 11 O/C",300.00,N,N,A,-,Y,,,99,,,,,,N,Y,2,0,3,2,A,-,06,21755,,N,C,C,A,A,D,-,A,D,0,,,Y,,Y,,C,02,1,2,0,0,0,0,0,0,3,"- ","- ",36.910400000000003,-120.0068,MADERA,UNINCORPORATED,-120.00686611,36.910331159999998
90416069,2017,2017-03-21,9450,2017-03-11,2040,020253,,6,2,9,2000,0,1,3,,1,042,"STATE ROUTE 41","AVENUE 15",0.00,,Y,A,-,Y,,,,,,,,,,Y,2,0,2,2,A,-,09,21801,A,N,D,C,A,A,H,-,D,D,0,,,,,Y,Y,A,07,1,1,0,0,0,0,0,0,0,"- ","- ",36.861159999999998,-120.23921,MADERA,UNINCORPORATED,-119.79395986999999,36.966920080000001
90439106,2017,2017-04-20,9450,2017-02-07,1002,020253,,2,1,9,2000,0,3,5,,2,030,"AVENUE 14","COUNTY ROAD 19",0.00,,Y,B,C,N,,,,,,,,,,Y,1,2,1,2,A,-,09,21802,A,N,D,C,A,B,H,-,A,A,0,,,,,Y,,A,01,0,0,1,0,0,0,0,0,0,"- ","- ",36.9527,-120.20174,MADERA,UNINCORPORATED,-120.20193987,36.952720110000001