CASE_ID,ACCIDENT_YEAR,PROC_DATE,JURIS,COLLISION_DATE,COLLISION_TIME,OFFICER_ID,REPORTING_DISTRICT,DAY_OF_WEEK,CHP_SHIFT,POPULATION,CNTY_CITY_LOC,SPECIAL_COND,BEAT_TYPE,CHP_BEAT_TYPE,CITY_DIVISION_LAPD,CHP_BEAT_CLASS,BEAT_NUMBER,PRIMARY_RD,SECONDARY_RD,DISTANCE,DIRECTION,INTERSECTION,WEATHER_1,WEATHER_2,STATE_HWY_IND,CALTRANS_COUNTY,CALTRANS_DISTRICT,STATE_ROUTE,ROUTE_SUFFIX,POSTMILE_PREFIX,POSTMILE,LOCATION_TYPE,RAMP_INTERSECTION,SIDE_OF_HWY,TOW_AWAY,COLLISION_SEVERITY,NUMBER_KILLED,NUMBER_INJURED,PARTY_COUNT,PRIMARY_COLL_FACTOR,PCF_CODE_OF_VIOL,PCF_VIOL_CATEGORY,PCF_VIOLATION,PCF_VIOL_SUBSECTION,HIT_AND_RUN,TYPE_OF_COLLISION,MVIW,PED_ACTION,ROAD_SURFACE,ROAD_COND_1,ROAD_COND_2,LIGHTING,CONTROL_DEVICE,CHP_ROAD_TYPE,PEDESTRIAN_ACCIDENT,BICYCLE_ACCIDENT,MOTORCYCLE_ACCIDENT,TRUCK_ACCIDENT,NOT_PRIVATE_PROPERTY,ALCOHOL_INVOLVED,STWD_VEHTYPE_AT_FAULT,CHP_VEHTYPE_AT_FAULT,COUNT_SEVERE_INJ,COUNT_VISIBLE_INJ,COUNT_COMPLAINT_PAIN,COUNT_PED_KILLED,COUNT_PED_INJURED,COUNT_BICYCLIST_KILLED,COUNT_BICYCLIST_INJURED,COUNT_MC_KILLED,COUNT_MC_INJURED,PRIMARY_RAMP,SECONDARY_RAMP,LATITUDE,LONGITUDE,COUNTY,CITY,POINT_X,POINT_Y
90439538,2017,2017-04-21,9450,2017-04-13,1330,018612,,4,1,9,2000,0,3,5,,2,030,"COUNTY ROAD 28","AVENUE 11",0.00,,Y,A,-,N,,,,,,,,,,Y,2,0,1,2,A,-,09,21802,A,N,D,C,A,A,H,-,A,A,0,,,,,Y,,A,01,1,0,0,0,0,0,0,0,0,"- ","- ",36.90943,-120.03807999999999,MADERA,UNINCORPORATED,-120.03753997,36.909360069999998
90441764,2017,2017-04-25,9450,2017-04-01,2040,018554,,6,2,9,2000,0,3,5,,2,020,"COUNTY ROAD 600","COUNTY ROAD 415",738.00,S,N,A,-,N,,,,,,,,,,Y,1,1,0,1,A,-,01,23152,A,N,F,A,A,A,H,-,D,D,0,,,,,Y,Y,D,22,0,0,0,0,0,0,0,0,0,"- ","- ",37.235219999999998,-119.88735,MADERA,UNINCORPORATED,-119.88836646,37.235257189999999
90471669,2017,2017-06-06,9456,2017-05-29,1242,017165,,1,1,9,2000,0,2,4,,1,053,"COUNTY ROAD 200","FINE GOLD CREEK BRIDGE",30.00,W,N,A,-,N,,,,,,,,,,Y,2,0,2,1,A,-,03,22350,,N,F,I,A,A,H,-,A,D,0,,,Y,,Y,,C,02,1,1,0,0,0,0,0,0,2,"- ","- ",37.178750000000001,-119.62969,MADERA,UNINCORPORATED,-119.62967902,37.178750950000001
90481554,2017,2017-06-20,9450,2017-05-09,0540,012316,,2,3,9,2000,0,1,3,,1,013,"SR-152 EASTBOUND","COUNTY ROAD 16",0.00,,Y,A,-,Y,,,152,,,,,,E,Y,1,1,2,2,A,-,09,21802,A,N,D,C,A,A,H,-,B,A,0,,,,,Y,,A,01,0,1,1,0,0,0,0,0,0,"- ","- ",37.083840000000002,-120.25682,MADERA,UNINCORPORATED,-120.25681892,37.083761350000003
90492296,2017,2017-07-03,9450,2017-06-24,2339,018612,,6,3,9,2000,0,2,4,,2,044,"COUNTY ROAD 145",SR-41,7392.00,E,N,A,-,N,,,,,,,,,,Y,2,0,2,3,A,-,01,23152,A,N,A,C,A,A,H,-,D,D,0,,,,,Y,Y,A,01,1,1,0,0,0,0,0,0,0,"- ","- ",37.012970000000003,-119.76922,MADERA,UNINCORPORATED,-119.76964169999999,37.012930939999997
90494504,2017,2017-07-05,9450,2017-05-08,0810,020882,,1,1,9,2000,0,1,3,,1,043,"STATE ROUTE 41 NORTHBOUND","COUNTY ROAD 200",6864.00,S,N,A,-,Y,,,41,,,,,,N,Y,1,1,1,2,A,-,08,22107,,N,D,C,A,A,H,-,A,D,0,,,,,Y,,A,01,0,0,1,0,0,0,0,0,0,"- ","- ",37.107010000000002,-119.74518,MADERA,UNINCORPORATED,-119.74517886,37.107009810000001
90500361,2017,2017-07-13,9450,2017-07-04,1007,018075,,2,1,9,2000,0,1,3,,1,043,"STATE ROUTE 41 (S/B)","JEWEL VISTA CT",62.00,S,N,A,-,Y,,,41,,,,,,,Y,2,0,2,2,A,-,08,22107,,N,E,I,A,A,H,-,A,D,0,,,,,Y,,A,01,1,1,0,0,0,0,0,0,0,"- ","- ",37.084620000000001,-119.75693,MADERA,UNINCORPORATED,-119.75707593999999,37.084682540000003
90515688,2017,2017-08-03,9450,2017-07-30,0310,012114,,7,3,4,2002,0,1,3,,2,031,"STATE ROUTE 99   NORTHBOUND","S. GATEWAY DRIVE O/C",1200.00,S,N,A,-,Y,,,99,,,,,,N,N,2,0,1,1,A,-,01,23152,A,N,E,I,A,A,H,-,C,D,0,,,Y,,Y,Y,C,02,1,0,0,0,0,0,0,0,1,"- ","- ",36.946899999999999,-120.04513,MADERA,MADERA,-120.04507009,36.946979249999998
90525163,2017,2017-08-17,9450,2017-08-05,0250,018676,,6,3,9,2000,0,3,5,,2,020,"AVENUE 17","PROSPECT DRIVE",0.00,,Y,A,-,N,,,,,,,,,,Y,2,0,5,2,A,-,09,21801,A,N,D,C,A,A,H,-,D,D,0,,,,,Y,,A,01,1,1,3,0,0,0,0,0,0,"- ","- ",36.996560000000002,-120.0887,MADERA,UNINCORPORATED,-120.08875996,36.996450039999999
90530546,2017,2017-08-24,9450,2017-07-14,2134,016341,,5,2,9,2000,0,3,5,,2,040,"COUNTY ROAD 36","AVENUE 15",0.00,,Y,A,-,N,,,,,,,,,,Y,1,1,2,2,A,-,01,23152,F,N,D,C,A,A,H,-,D,A,0,,,,,Y,,A,07,1,1,0,0,0,0,0,0,0,"- ","- ",36.96658,-119.89387000000001,MADERA,UNINCORPORATED,-119.89381994999999,36.966620030000001
90540560,2017,2017-09-05,9450,2017-08-27,1300,016486,,7,1,9,2000,0,3,5,,2,040,"COUNTY ROAD 211","COUNTY ROAD 200",1584.00,S,N,A,-,N,,,,,,,,,,Y,2,0,1,2,A,-,01,23152,A,N,A,C,A,A,H,-,A,D,0,,,,,Y,Y,A,07,1,0,0,0,0,0,0,0,0,"- ","- ",37.116790000000002,-119.69718,MADERA,UNINCORPORATED,-119.6972394,37.116779989999998
90541648,2017,2017-09-06,9450,2017-09-02,0018,019159,,6,3,3,2001,0,1,3,,2,012,"STATE ROUTE 99 S/B FROM AVENUE 26","AVENUE 26",550.00,S,N,A,-,Y,,,99,,,,R,,S,Y,2,0,1,1,A,-,01,23152,A,N,E,I,A,A,H,-,D,D,0,,,,,Y,Y,A,07,1,0,0,0,0,0,0,0,0,"- ","- ",37.125770000000003,-120.25131,MADERA,CHOWCHILLA,-120.25131,37.125770000000003
90554843,2017,2017-09-25,9450,2017-09-15,0940,018551,,5,1,9,2000,0,3,5,,2,040,"COUNTY ROAD 36","AVENUE 17",550.00,S,N,A,-,N,,,,,,,,,,Y,2,0,1,1,A,-,08,22107,,N,E,I,A,A,H,-,A,D,0,,,,,Y,,A,01,1,0,0,0,0,0,0,0,0,"- ","- ",36.994340000000001,-119.89369000000001,MADERA,UNINCORPORATED,-119.89372410999999,36.994300250000002
90555298,2017,2017-09-25,9450,2017-09-17,1827,020882,,7,2,9,2000,0,1,3,,1,041,"STATE ROUTE 145 E/B","STATE ROUTE 41",8448.00,W,N,A,-,Y,,,,,,,,,,Y,2,0,1,2,A,-,01,23152,A,F,B,C,A,A,H,-,A,D,0,,,Y,,Y,Y,A,01,1,0,0,0,0,0,0,0,1,"- ","- ",37.010420000000003,-119.82375,MADERA,UNINCORPORATED,-119.8228148,37.010407479999998
90556054,2017,2017-09-26,9450,2017-09-20,1115,017032,,3,1,9,2000,0,3,5,,2,010,"COUNTY ROAD 13","AVENUE 19",94.00,S,N,A,-,N,,,,,,,,,,N,2,0,1,1,A,-,08,22107,,N,E,I,A,A,H,-,A,D,0,,,Y,,Y,,C,06,1,0,0,0,0,0,0,0,1,"- ","- ",37.025500000000001,-120.3105,MADERA,UNINCORPORATED,-120.31051555000001,37.025541930000003
90568878,2017,2017-10-12,9450,2017-10-08,0910,019070,,7,1,9,2000,0,3,5,,2,040,"COUNTY ROAD 145","COUNTY ROAD 211",8448.00,S,N,A,-,N,,,,,,,,,,N,2,0,1,1,A,-,08,22107,,N,F,A,A,A,H,-,A,D,0,,,Y,,Y,,C,02,1,0,0,0,0,0,0,0,1,"- ","- ",37.02628,-119.7025,MADERA,UNINCORPORATED,-119.70244378,37.026269159999998
90577334,2017,2017-10-24,9450,2017-10-16,1150,019070,,1,1,9,2000,0,3,5,,2,030,"AVENUE 9","COUNTY ROAD 38",4224.00,W,N,A,-,N,,,,,,,,,,Y,2,0,1,2,A,-,03,22350,,N,C,C,A,A,H,-,A,D,0,,,,,Y,,A,01,1,0,0,0,0,0,0,0,0,"- ","- ",36.880400000000002,-119.87067999999999,MADERA,UNINCORPORATED,-119.87162334999999,36.880410050000002
90578490,2017,2017-10-25,9450,2017-10-16,1315,016486,,1,1,9,2000,0,1,3,,2,012,"SR-99 NORTHBOUND TO ROAD 15","COUNTY ROAD 15",50.00,S,N,A,-,Y,,,99,,,,R,,N,Y,2,0,4,1,A,-,08,22107,,N,E,I,A,A,H,-,A,D,0,,,,,Y,,A,01,1,3,0,0,0,0,0,0,0,"- ","- ",37.142009999999999,-120.27466,MADERA,UNINCORPORATED,-120.27466,37.142009999999999
90581631,2017,2017-10-30,9456,2017-10-17,2303,015905,,2,3,9,2000,0,3,5,,2,050,"COUNTY ROAD 426","ELLIOT DRIVE",550.00,W,N,A,-,N,,,,,,,,,,N,2,0,1,2,A,-,08,22107,,F,G,B,E,A,H,-,D,D,0,Y,,,,Y,Y,M,47,1,0,0,0,1,0,0,0,0,"- ","- ",37.326639999999998,-119.64509,MADERA,UNINCORPORATED,-119.64501137000001,37.326586689999999
90596305,2017,2017-11-16,9456,2017-11-14,1703,017711,,2,2,9,2000,0,1,3,,2,056,"STATE ROUTE 49","VISTA DEL RIO DRIVE",1056.00,N,N,A,-,Y,,,,,,,,,,Y,2,0,2,2,A,-,09,21801,A,N,D,C,A,A,H,-,A,D,0,,,,,Y,Y,D,22,1,1,0,0,0,0,0,0,0,"- ","- ",37.342190000000002,-118.70820999999999,MADERA,UNINCORPORATED,-119.70017835,37.341898909999998
90600911,2017,2017-11-22,9456,2017-11-05,0715,019295,,7,1,9,2000,0,3,5,,2,050,"LUCKY LANE",SR-41,140.00,E,N,A,-,N,,,,,,,,,,Y,2,0,1,1,A,-,08,22107,,N,E,I,A,A,H,-,A,D,0,,,,,Y,,A,01,1,0,0,0,0,0,0,0,0,"- ","- ",37.213419999999999,-119.70802,MADERA,UNINCORPORATED,-119.70811702,37.213431980000003
90609680,2017,2017-12-04,9456,2017-11-24,1230,014985,,5,1,9,2000,0,1,3,,1,051,SR-41,"VICTORIA LN",1056.00,S,N,A,-,Y,,,41,,,,,,,Y,2,0,2,1,A,-,08,22107,,N,F,A,A,A,H,-,A,D,0,,,,,Y,,A,01,1,1,0,0,0,0,0,0,0,"- ","- ",37.321820000000002,-119.66295,MADERA,UNINCORPORATED,-119.66302034,37.321859680000003
90612964,2017,2017-12-08,9456,2017-12-07,1405,017711,,4,2,9,2000,0,1,3,,2,056,"STATE ROUTE 49","HARMONY LANE",500.00,S,N,A,-,Y,,,49,,,,,,,Y,2,0,3,2,A,-,08,22107,,N,F,A,A,A,H,-,A,D,0,,,,,Y,,A,07,1,2,0,0,0,0,0,0,0,"- ","- ",37.340719999999997,-119.69476,MADERA,UNINCORPORATED,-119.69476817,37.340684520000003
9061851,2020,2020-03-13,2002,2020-01-31,0749,4535,MADER,5,5,4,2002,0,0,0,,0,002,"LAKE ST N","SOUTH ST E",22.00,S,N,A,-,N,,,,,,,,,,N,2,0,2,3,A,-,10,21950,A,N,G,B,B,A,H,-,A,A,0,Y,,,,Y,,D,22,1,1,0,0,2,0,0,0,0,"- ","- ",,,MADERA,MADERA,-120.05623626708984,36.970211029052734
90619567,2017,2017-12-18,9450,2017-12-10,0718,019105,,7,1,9,2000,0,1,3,,2,011,"SR-99 NORTHBOUND","AVENUE 18 1/2",1584.00,S,N,A,-,Y,,,99,,,,,,N,Y,2,0,1,1,A,-,01,23152,A,N,F,A,A,A,H,-,A,D,0,,,,,Y,Y,A,01,1,0,0,0,0,0,0,0,0,"- ","- ",37.014800000000001,-120.12313,MADERA,UNINCORPORATED,-120.12318965,37.014718680000001
90621563,2017,2017-12-20,9450,2017-12-13,1829,018612,,3,2,9,2000,0,3,5,,2,010,"AVENUE 21","COUNTY ROAD 9",0.00,,Y,A,-,N,,,,,,,,,,Y,2,0,2,2,A,-,12,22450,A,N,D,C,A,A,H,-,D,A,0,,,,Y,Y,Y,D,22,1,1,0,0,0,0,0,0,0,"- ","- ",37.054299999999998,-120.38303999999999,MADERA,UNINCORPORATED,-120.38301988000001,37.054350069999998
90630967,2017,2018-01-02,9450,2017-12-25,1108,020882,,1,1,4,2002,0,1,3,,2,031,"STATE ROUTE 99 S/B","AVENUE 13",800.00,N,N,B,-,Y,,,99,,,,,,S,Y,2,0,2,1,A,-,08,22107,,N,E,I,A,A,H,-,A,D,0,,,,,Y,,D,22,1,1,0,0,0,0,0,0,0,"- ","- ",36.938870000000001,-120.03709000000001,MADERA,MADERA,-120.03695799,36.939005870000003
9063623,2020,2020-07-21,2002,2020-04-14,1419,4467,,2,5,4,2002,0,0,0,,0,003,"HOWARD RD","WESTBERRY BL N",419.00,W,N,A,-,N,,,,,,,,,,Y,2,0,1,2,A,-,08,22107,,N,A,C,A,A,H,-,A,A,0,,,,Y,Y,,A,01,1,0,0,0,0,0,0,0,0,"- ","- ",,,MADERA,MADERA,-120.10267899999999,36.952829999999999
90639152,2018,2018-01-12,9456,2018-01-08,2200,014985,,1,3,9,2000,0,1,3,,1,051,"COUNTY ROAD 417","QUARTZ MOUNTAIN RD",1584.00,W,N,B,C,N,,,,,,,,,,Y,2,0,1,1,A,-,08,22107,,N,F,A,A,B,H,-,D,D,0,,,,,Y,,A,07,1,0,0,0,0,0,0,0,0,"- ","- ",37.210670471191406,-119.69448852539062,MADERA,UNINCORPORATED,-119.69450378417969,37.210689544677734
90646124,2018,2018-01-24,9450,2018-01-14,0225,018676,,7,3,9,2000,0,1,3,,1,037,"SR-145 SOUTHBOUND","AVENUE 11",3696.00,S,N,A,-,Y,,,145,,,,,,S,Y,2,0,1,1,A,-,01,23152,A,N,E,I,A,A,H,-,E,D,0,,,,,Y,Y,A,01,1,0,0,0,0,0,0,0,0,"- ","- ",36.899551391601562,-120.05522918701172,MADERA,UNINCORPORATED,-120.05514526367188,36.899589538574219
90646604,2018,2018-01-24,9456,2018-01-17,1815,017711,,3,2,9,2000,0,3,5,,2,050,"COUNTY ROAD 225","TERA TERA RANCH ROAD",850.00,N,N,A,-,N,,,,,,,,,,Y,2,0,1,1,A,-,01,23152,A,N,E,I,A,A,H,-,D,D,0,,,,,Y,Y,A,01,1,0,0,0,0,0,0,0,0,"- ","- ",37.193870544433594,-119.46788024902344,MADERA,UNINCORPORATED,-119.46778869628906,37.193874359130859
90651403,2018,2018-01-30,9456,2018-01-22,0255,015905,,1,3,9,2000,0,3,5,,2,050,"COUNTY ROAD 425A","GREENWOOD WAY",390.00,W,N,A,-,N,,,,,,,,,,Y,2,0,1,1,A,-,01,23152,A,N,E,I,A,A,H,-,D,D,0,,,,,Y,Y,D,22,1,0,0,0,0,0,0,0,0,"- ","- ",37.334308624267578,-119.65029144287109,MADERA,UNINCORPORATED,-119.65043640136719,37.334506988525391
90651739,2017,2018-01-30,9450,2017-01-23,1510,017518,,1,2,9,2000,0,1,3,,1,042,"STATE ROUTE 41","AVENUE 12",1056.00,S,N,B,-,Y,,,41,,,,,,,Y,1,1,2,3,A,-,05,21460,A,N,A,C,A,A,D,-,A,D,0,,,,,Y,,A,01,0,0,2,0,0,0,0,0,0,"- ","- ",36.919029999999999,-119.79387,MADERA,UNINCORPORATED,-119.79381192,36.919041409999998
90653035,2018,2018-02-01,9450,2018-01-23,0528,018361,,2,3,9,2000,0,1,3,,1,041,SR-145,SR-41,5280.00,W,N,E,-,Y,,,145,,,,,,,Y,2,0,1,2,A,-,06,21750,,N,A,C,A,B,H,-,D,D,0,,,,,Y,,D,22,1,0,0,0,0,0,0,0,0,"- ","- ",37.010520935058594,-119.81195831298828,MADERA,UNINCORPORATED,-119.81195831298828,37.010440826416016
90653419,2017,2018-02-01,9450,2017-10-25,2500,018612,,3,4,9,2000,0,3,5,,2,030,"COUNTY ROAD 29","AVENUE 15 1/2",165.00,N,N,A,-,N,,,,,,,,,,Y,1,1,0,1,A,-,01,23152,F,N,E,I,A,A,H,-,D,A,0,,,Y,,Y,,C,02,0,0,0,0,0,0,0,1,0,"- ","- ",36.974850000000004,-120.01973,MADERA,UNINCORPORATED,-120.01958999999999,36.974359999999997
90656101,2017,2018-02-06,9450,2017-12-29,1715,019105,,5,2,9,2000,0,3,5,,2,020,"COUNTY ROAD 20","AVENUE 22",455.00,N,N,A,-,N,,,,,,,,,,Y,1,1,0,2,A,-,08,22107,,N,G,B,E,A,H,-,D,D,0,Y,,,,Y,,A,01,0,0,0,1,0,0,0,0,0,"- ","- ",37.071080000000002,-120.184,MADERA,UNINCORPORATED,-120.18403968,37.07039915
90662128,2018,2018-02-15,9450,2018-01-30,2240,020882,,2,3,9,2000,0,2,4,,2,045,"AVENUE 12","COUNTY ROAD 34 1/2",2640.00,W,N,A,-,N,,,,,,,,,,Y,2,0,2,2,A,-,01,23152,A,N,A,C,A,A,H,-,D,D,0,,,,,Y,Y,A,01,1,1,0,0,0,0,0,0,0,"- ","- ",36.923019409179688,-119.93154144287109,MADERA,UNINCORPORATED,-119.93050384521484,36.923030853271484
90663585,2018,2018-02-19,9456,2018-02-01,1435,018970,,4,2,9,2000,0,3,5,,2,050,"ROAD 224 (BONNIE B ROAD)","WILCOX DR",0.00,,Y,A,-,N,,,,,,,,,,Y,1,1,0,2,A,-,09,21801,A,N,D,C,A,A,H,-,A,D,0,,,Y,,Y,,A,07,0,0,0,0,0,0,0,1,0,"- ","- ",37.221759796142578,-119.52755737304688,MADERA,UNINCORPORATED,,
90666082,2017,2018-02-21,9450,2017-11-25,0919,019604,,6,1,9,2000,0,3,5,,2,040,"COUNTY ROAD 37","MAXINE DRIVE",1320.00,S,N,A,-,N,,,,,,,,,,Y,1,2,1,3,A,-,01,23152,F,N,E,I,A,A,H,-,A,D,0,,,,,Y,,D,22,1,0,0,0,0,0,0,0,0,"- ","- ",36.928600000000003,-119.87609999999999,MADERA,UNINCORPORATED,-119.87609,36.927106600000002
90666566,2017,2018-02-22,9450,2017-09-10,0240,019070,,7,3,9,2000,0,3,5,,2,030,"AVENUE 7","AVENUE 7 1/2",148.00,S,N,A,-,N,,,,,,,,,,Y,1,1,1,1,A,-,01,23152,A,N,E,I,A,A,H,-,D,D,0,,,,,Y,Y,A,01,0,1,0,0,0,0,0,0,0,"- ","- ",36.859220000000001,-120.34092,MADERA,UNINCORPORATED,-120.34077997999999,36.858942480000003
90678603,2018,2018-03-09,9450,2018-01-23,1403,018361,,2,2,9,2000,0,3,5,,2,040,"AVENUE 12","STATE ROUTE 41",5280.00,E,N,A,-,N,,,,,,,,,,Y,1,1,0,1,A,-,01,23152,A,N,E,I,A,A,H,-,A,A,0,,,,,Y,Y,A,01,0,0,0,0,0,0,0,0,0,"- ","- ",36.923770904541016,-119.77458190917969,MADERA,UNINCORPORATED,-119.77591705322266,36.923274993896484
90678847,2018,2018-03-09,9450,2018-03-01,0900,016967,,4,1,9,2000,0,3,5,,2,040,"COUNTY ROAD 400","SANDY BEACH LN",528.00,S,N,B,C,N,,,,,,,,,,Y,2,0,1,2,A,-,01,23152,A,N,D,C,A,B,H,-,A,D,0,,,,,Y,Y,D,22,1,0,0,0,0,0,0,0,0,"- ","- ",37.209800720214844,-119.78859710693359,MADERA,UNINCORPORATED,-119.78550720214844,37.208393096923828
90692206,2018,2018-03-30,9456,2018-03-21,1450,020635,,3,2,9,2000,0,1,3,,1,051,SR-41,"COUNTY ROAD 200",0.00,,Y,B,-,Y,,,41,,,,,,,Y,2,0,3,3,A,-,01,23152,A,N,D,C,A,B,H,-,A,A,0,,,,,Y,Y,D,22,2,0,1,0,0,0,0,0,0,"- ","- ",37.124221801757812,-119.73703765869141,MADERA,UNINCORPORATED,-119.73703002929688,37.124214172363281
90697299,2018,2018-04-03,9450,2018-03-22,0120,019648,,4,3,9,2000,0,1,3,,1,043,SR-41,"COUNTY ROAD 406",6864.00,S,N,C,-,Y,,,41,,,,,,,Y,2,0,1,1,A,-,08,22107,,N,E,I,A,B,H,-,D,D,0,,,,,Y,,A,01,1,0,0,0,0,0,0,0,0,"- ","- ",37.082809448242188,-119.75743865966797,MADERA,UNINCORPORATED,-119.75747680664062,37.082813262939453
90705107,2018,2018-08-10,9450,2018-01-22,1929,017899,,1,2,9,2000,0,1,3,,1,013,"STATE ROUTE 152 WESTBOUND","COUNTY ROAD 16",2640.00,E,N,A,-,Y,,,152,,,,,,W,Y,1,1,2,4,A,-,03,22350,,F,D,C,E,A,H,-,D,D,0,Y,,,Y,Y,,A,01,0,0,2,1,0,0,0,0,0,"- ","- ",37.083900451660156,-120.24658966064453,MADERA,UNINCORPORATED,-120.24658966064453,37.083934783935547
90705271,2018,2018-04-13,9450,2018-04-06,2135,019070,,5,2,9,2000,0,3,5,,2,020,"AVENUE 26","COUNTY ROAD 26",1056.00,W,N,B,-,N,,,,,,,,,,Y,2,0,3,1,A,-,01,23152,A,N,E,A,A,B,H,-,D,D,0,,,,,Y,Y,D,22,2,1,0,0,0,0,0,0,0,"- ","- ",37.126808166503906,-120.07882690429688,MADERA,UNINCORPORATED,-120.07822418212891,37.126850128173828
90710341,2018,2018-04-23,9456,2018-04-16,0315,020993,,1,3,9,2000,0,1,3,,1,051,SR-41,"YOSEMITE SPRINGS PKWY",750.00,N,N,C,-,Y,,,41,,,,,,,Y,2,0,1,1,A,-,01,23152,A,N,E,I,A,B,H,-,D,D,0,,,,,Y,Y,A,01,1,0,0,0,0,0,0,0,0,"- ","- ",37.157268524169922,-119.73092651367188,MADERA,UNINCORPORATED,-119.73081970214844,37.157180786132812
90711381,2018,2018-04-23,9456,2018-04-19,1527,018970,,4,2,9,2000,0,1,3,,2,056,SR-49,"HILLTOP LN",428.00,S,N,C,-,Y,,,49,,,,,,,Y,2,0,2,3,A,-,03,22350,,N,B,C,A,B,H,-,A,D,0,,,,Y,Y,,G,27,1,1,0,0,0,0,0,0,0,"- ","- ",37.384258270263672,-119.73471069335938,MADERA,UNINCORPORATED,-119.73471832275391,37.384250640869141
90717091,2018,2018-05-01,9450,2018-04-25,1746,019070,,3,2,9,2000,0,3,5,,2,010,"AVENUE 18","COUNTY ROAD 22",1584.00,E,N,A,-,N,,,,,,,,,,Y,2,0,1,1,A,-,08,22107,,N,F,A,A,A,H,-,A,D,0,,,,,Y,,A,01,1,0,0,0,0,0,0,0,0,"- ","- ",37.010940551757812,-120.14073944091797,MADERA,UNINCORPORATED,-120.14151763916016,37.010963439941406
90723679,2018,2018-05-10,9450,2018-04-28,2306,018612,,6,3,9,2000,0,3,5,,2,030,"LADA AVENUE","COUNTY ROAD 28 1/4",232.00,W,N,A,-,N,,,,,,,,,,N,2,0,1,1,A,-,01,23152,A,N,E,I,A,A,H,-,C,D,0,,,Y,,Y,Y,C,06,1,0,0,0,0,0,0,0,1,"- ","- ",36.946849822998047,-120.03391265869141,MADERA,UNINCORPORATED,-120.03387451171875,36.946811676025391
90724022,2018,2018-05-10,9456,2018-05-04,1540,020635,,5,2,9,2000,0,2,S,,2,057,"COUNTY ROAD 415","HIDDEN KNOLLS RD",5808.00,W,N,A,-,N,,,,,,,,,,Y,2,0,1,1,A,-,08,22107,,N,E,I,A,A,H,-,A,D,0,,,Y,,Y,,C,02,1,0,0,0,0,0,0,0,1,"- ","- ",37.238819122314453,-119.83036804199219,MADERA,UNINCORPORATED,-119.83034515380859,37.238857269287109
90744620,2018,2018-06-11,9456,2018-05-31,2100,020635,,4,2,9,2000,0,3,5,,2,050,"CORRAL DR","COLT CT",244.00,N,N,A,-,N,,,,,,,,,,N,2,0,1,1,A,-,01,23152,A,N,H,A,A,A,H,-,D,D,0,,,,,Y,Y,A,07,1,0,0,0,0,0,0,0,0,"- ","- ",37.189861297607422,-119.77998352050781,MADERA,UNINCORPORATED,-119.77995300292969,37.189849853515625
9074894,2020,2020-05-19,2002,2020-02-14,1144,4535,,5,5,4,2002,0,0,0,,0,002,"RAYMOND RD","TOLEDO WY",68.00,E,N,A,-,N,,,,,,,,,,Y,2,0,1,1,A,-,08,22107,,N,E,I,A,A,H,-,A,A,0,,,Y,,Y,,C,02,1,0,0,0,0,0,0,0,1,"- ","- ",,,MADERA,MADERA,-120.04195404052734,36.978870391845703
9074910,2020,2020-05-19,2002,2020-02-19,0847,4467,,3,5,4,2002,0,0,0,,0,004,"YOSEMITE AV W","L ST S",0.00,,Y,A,-,N,,,,,,,,,,Y,2,0,6,2,A,-,09,21802,A,N,D,C,A,A,H,-,A,A,0,,,,,Y,,A,01,2,0,4,0,0,0,0,0,0,"- ","- ",,,MADERA,MADERA,-120.06681060791016,36.956989288330078
90751428,2018,2018-06-19,9450,2018-05-12,1250,017032,,6,1,9,2000,0,3,5,,2,040,"COUNTY ROAD 36","AVENUE 14",1056.00,N,N,A,-,N,,,,,,,,,,Y,1,1,3,3,A,-,03,22350,,N,C,C,A,A,H,-,A,D,0,,,,,Y,,D,22,1,0,2,0,0,0,0,0,0,"- ","- ",36.955249786376953,-119.89394378662109,MADERA,UNINCORPORATED,-119.89395141601562,36.954936981201172
90751564,2018,2018-06-20,9456,2018-06-10,2215,021135,,7,3,9,2000,0,2,4,,1,054,"COUNTY ROAD 274","FAWN POINT LN",2112.00,S,N,A,-,N,,,,,,,,,,Y,2,0,3,1,A,-,08,22107,,N,E,I,A,A,H,-,D,D,0,,,,,Y,,A,01,1,2,0,0,0,0,0,0,0,"- ","- ",37.3089599609375,-119.52993011474609,MADERA,UNINCORPORATED,-119.53002166748047,37.308937072753906
90753097,2018,2018-06-21,9450,2018-06-10,0734,019105,,7,1,4,2002,0,1,3,,2,011,"S/B SR-99","AVENUE 16",650.00,S,N,A,-,Y,,,99,,,,,,,Y,2,0,4,1,A,-,01,23152,A,N,E,I,A,A,H,-,A,D,0,,,,,Y,Y,A,01,4,0,0,0,0,0,0,0,0,"- ","- ",36.979831695556641,-120.08289337158203,MADERA,MADERA,-120.08280944824219,36.979907989501953
90755995,2018,2018-06-26,9456,2018-06-18,0330,021135,,1,3,9,2000,0,2,4,,1,053,"COUNTY ROAD 200","COUNTY ROAD 8066",1584.00,W,N,A,-,N,,,,,,,,,,Y,2,0,1,1,A,-,01,23152,A,N,E,I,A,A,H,-,D,D,0,,,Y,,Y,Y,C,02,1,0,0,0,0,0,0,0,1,"- ","- ",37.178581237792969,-119.63001251220703,MADERA,UNINCORPORATED,-119.62994384765625,37.178512573242188