CASE_ID,ACCIDENT_YEAR,PROC_DATE,JURIS,COLLISION_DATE,COLLISION_TIME,OFFICER_ID,REPORTING_DISTRICT,DAY_OF_WEEK,CHP_SHIFT,POPULATION,CNTY_CITY_LOC,SPECIAL_COND,BEAT_TYPE,CHP_BEAT_TYPE,CITY_DIVISION_LAPD,CHP_BEAT_CLASS,BEAT_NUMBER,PRIMARY_RD,SECONDARY_RD,DISTANCE,DIRECTION,INTERSECTION,WEATHER_1,WEATHER_2,STATE_HWY_IND,CALTRANS_COUNTY,CALTRANS_DISTRICT,STATE_ROUTE,ROUTE_SUFFIX,POSTMILE_PREFIX,POSTMILE,LOCATION_TYPE,RAMP_INTERSECTION,SIDE_OF_HWY,TOW_AWAY,COLLISION_SEVERITY,NUMBER_KILLED,NUMBER_INJURED,PARTY_COUNT,PRIMARY_COLL_FACTOR,PCF_CODE_OF_VIOL,PCF_VIOL_CATEGORY,PCF_VIOLATION,PCF_VIOL_SUBSECTION,HIT_AND_RUN,TYPE_OF_COLLISION,MVIW,PED_ACTION,ROAD_SURFACE,ROAD_COND_1,ROAD_COND_2,LIGHTING,CONTROL_DEVICE,CHP_ROAD_TYPE,PEDESTRIAN_ACCIDENT,BICYCLE_ACCIDENT,MOTORCYCLE_ACCIDENT,TRUCK_ACCIDENT,NOT_PRIVATE_PROPERTY,ALCOHOL_INVOLVED,STWD_VEHTYPE_AT_FAULT,CHP_VEHTYPE_AT_FAULT,COUNT_SEVERE_INJ,COUNT_VISIBLE_INJ,COUNT_COMPLAINT_PAIN,COUNT_PED_KILLED,COUNT_PED_INJURED,COUNT_BICYCLIST_KILLED,COUNT_BICYCLIST_INJURED,COUNT_MC_KILLED,COUNT_MC_INJURED,PRIMARY_RAMP,SECONDARY_RAMP,LATITUDE,LONGITUDE,COUNTY,CITY,POINT_X,POINT_Y
90763100,2018,2018-07-05,9450,2018-06-26,0509,019648,,2,3,9,2000,0,3,5,,2,030,"AVENUE 7","COUNTY ROAD 16",1584.00,E,N,A,-,N,,,,,,,,,,Y,2,0,2,2,A,-,03,22350,,N,C,C,A,A,H,-,B,D,0,,,,Y,Y,,F,25,1,0,1,0,0,0,0,0,0,"- ","- ",36.851028442382812,-120.24726867675781,MADERA,UNINCORPORATED,-120.24973297119141,36.851001739501953
90769348,2018,2018-07-16,9456,2018-07-08,1108,018463,,7,1,9,2000,0,1,3,,1,052,SR-41,"1122 HIGHWAY 41",0.00,,Y,A,-,Y,,,,,,,,,,Y,2,0,1,2,A,-,09,21802,A,N,D,C,A,A,H,-,A,D,0,,,Y,,Y,,A,01,1,0,0,0,0,0,0,0,1,"- ","- ",37.4739990234375,-119.63845825195312,MADERA,UNINCORPORATED,,
90771280,2018,2018-07-17,9450,2018-07-08,1239,018551,,7,1,9,2000,0,1,3,,1,043,"SR-41 S/B","JEWEL VISTA COURT",5808.00,S,N,A,-,Y,,,41,,,,,,S,Y,2,0,3,2,A,-,08,22107,,N,A,C,A,A,H,-,A,D,0,,,,,Y,,A,01,2,1,0,0,0,0,0,0,0,"- ","- ",37.069210052490234,-119.76609039306641,MADERA,UNINCORPORATED,-119.76610565185547,37.069221496582031
90771613,2018,2018-07-18,9450,2018-07-08,2233,019648,,7,3,9,2000,0,1,3,,1,013,"SR-152 E/B","COUNTY ROAD 12",1056.00,W,N,A,-,Y,,,152,,,,,,E,Y,2,0,1,1,A,-,08,22107,,N,F,A,A,A,H,-,D,D,0,,,,,Y,,D,22,1,0,0,0,0,0,0,0,0,"- ","- ",37.083339691162109,-120.33644104003906,MADERA,UNINCORPORATED,-120.33644104003906,37.083389282226562
90779117,2018,2018-07-27,9450,2018-07-21,2255,018612,,6,3,9,2000,0,3,5,,2,010,"COUNTY ROAD 16","AVENUE 17 1/2",700.00,N,N,A,-,N,,,,,,,,,,Y,2,0,1,1,A,-,01,23152,A,N,E,I,A,A,H,-,D,D,0,,,,,Y,Y,A,07,1,0,0,0,0,0,0,0,0,"- ","- ",37.005218505859375,-120.25665283203125,MADERA,UNINCORPORATED,-120.25662231445312,37.005580902099609
90780365,2018,2018-07-30,9450,2018-07-22,0855,016425,,7,1,9,2000,0,3,5,,2,020,"AVENUE 21","COUNTY ROAD 27",1780.00,W,N,A,-,N,,,,,,,,,,Y,2,0,4,1,A,-,08,22107,,N,E,I,A,A,H,-,A,D,0,,,,,Y,,A,08,1,1,2,0,0,0,0,0,0,"- ","- ",37.054409027099609,-120.06257629394531,MADERA,UNINCORPORATED,-120.06250762939453,37.054370880126953
90783139,2018,2018-08-02,9450,2018-07-27,1400,017868,,5,2,9,2000,0,1,3,,2,011,"SR-99 S/B","AVE 20 1/2",3168.00,S,N,A,-,Y,,,99,,,,,,S,Y,2,0,1,2,A,-,07,21658,A,N,B,C,A,A,H,-,A,D,0,,,Y,,Y,,A,01,1,0,0,0,0,0,0,0,1,"- ","- ",37.035850524902344,-120.14935302734375,MADERA,UNINCORPORATED,-120.14942932128906,37.035739898681641
90785993,2018,2018-08-07,9450,2018-07-30,1730,019105,,1,2,9,2000,0,2,4,,2,045,"AVENUE 12","COUNTY ROAD 39 1/2",1792.00,W,N,A,-,N,,,,,,,,,,Y,2,0,1,1,A,-,08,22107,,N,E,I,A,A,H,-,A,D,0,,,,,Y,,A,01,1,0,0,0,0,0,0,0,0,"- ","- ",36.923118591308594,-119.83647918701172,MADERA,UNINCORPORATED,-119.83667755126953,36.923069000244141
90790624,2018,2018-08-14,9456,2018-07-24,1450,018970,,2,2,9,2000,0,2,4,,1,054,"COUNTY ROAD 222","PETTITT RD",1136.00,E,N,A,-,N,,,,,,,,,,Y,1,1,2,2,A,-,05,21460,A,N,A,C,A,A,H,-,A,D,0,,,,,Y,,A,01,1,1,0,0,0,0,0,0,0,"- ","- ",37.350570678710938,-119.600830078125,MADERA,UNINCORPORATED,-119.60093688964844,37.350597381591797
90797008,2018,2018-08-23,9450,2018-08-17,0800,016425,,5,1,9,2000,0,1,3,,2,014,SR-233,SR-152,830.00,N,N,A,-,Y,,,233,,,,,,,Y,2,0,1,1,A,-,08,22107,,N,E,I,A,A,H,-,A,D,0,,,,,Y,,A,07,1,0,0,0,0,0,0,0,0,"- ","- ",37.086341857910156,-120.29486846923828,MADERA,UNINCORPORATED,-120.294921875,37.086383819580078
90797452,2018,2018-08-24,9450,2018-08-11,0210,019648,,6,3,9,2000,0,2,4,,2,045,"AVENUE 12","COUNTY ROAD 32",2640.00,W,N,A,-,N,,,,,,,,,,Y,2,0,1,2,A,-,01,23152,A,N,C,C,A,A,H,-,D,A,0,,,Y,,Y,Y,C,02,1,0,0,0,0,0,0,0,1,"- ","- ",36.923191070556641,-119.972900390625,MADERA,UNINCORPORATED,-119.97404479980469,36.923252105712891
90797614,2018,2018-08-24,9450,2018-08-18,2333,015905,,6,3,9,2000,0,1,3,,2,012,"S/B SR-99 TO W/B SR-152","COUNTY ROAD 18 1/2",100.00,E,N,A,-,Y,,,99,,,,R,,,Y,2,0,1,1,A,-,01,23152,A,N,F,A,A,A,H,-,D,D,0,,,,,Y,Y,A,07,1,0,0,0,0,0,0,0,0,"- ","- ",37.083961486816406,-120.21212005615234,MADERA,UNINCORPORATED,-120.21212005615234,37.083961486816406
90798076,2018,2018-08-27,9456,2018-08-14,0355,020944,,2,3,9,2000,0,1,3,,1,052,"SR-41 N/B","MIAMI MOUNTAIN RD",970.00,N,N,A,-,Y,,,41,,,,,,N,Y,2,0,3,1,A,-,01,23152,A,N,E,I,A,A,H,-,D,D,0,,,,,Y,Y,A,07,3,0,0,0,0,0,0,0,0,"- ","- ",37.446811676025391,-119.65071105957031,MADERA,UNINCORPORATED,-119.65083312988281,37.446807861328125
90801108,2018,2019-07-23,9456,2018-08-16,1121,018463,,4,1,9,2000,0,1,3,,1,051,SR-41,"COUNTY ROAD 416",0.00,,Y,A,-,Y,,,41,,,,,,,Y,1,1,1,2,A,-,09,21802,A,N,D,C,A,A,H,-,A,D,0,,,,,Y,,B,07,0,0,1,0,0,0,0,0,0,"- ","- ",37.202068328857422,-119.72270965576172,MADERA,UNINCORPORATED,-119.72267913818359,37.202053070068359
90810086,2018,2018-09-18,9450,2018-08-31,0237,019648,,5,3,9,2000,0,1,3,,1,042,"SR-41 NORTHBOUND","CHILDREN'S BOULEVARD",2640.00,N,N,A,-,Y,,,41,,,,,,N,Y,2,0,2,2,A,-,01,23152,A,N,A,C,A,A,H,-,D,D,0,,,,,Y,Y,A,01,1,1,0,0,0,0,0,0,0,"- ","- ",36.901508331298828,-119.79238128662109,MADERA,UNINCORPORATED,-119.79238128662109,36.901508331298828
90810317,2018,2018-09-11,9450,2018-08-31,2035,020253,,5,2,9,2000,0,1,3,,2,011,"STATE ROUTE 99 S/B","AVENUE 18 1/2",3607.00,S,N,A,-,Y,,,99,,,,,,S,Y,2,0,3,4,A,-,03,22350,,N,C,C,A,A,H,-,A,D,0,,,,,Y,,A,01,1,1,1,0,0,0,0,0,0,"- ","- ",37.011470794677734,-120.11952209472656,MADERA,UNINCORPORATED,-120.11952972412109,37.011459350585938
90815486,2018,2018-09-18,9456,2018-09-07,1653,017677,,5,2,9,2000,0,3,5,,2,050,"COUNTY ROAD 426","CIVIC CIRCLE",164.00,W,N,A,-,N,,,,,,,,,,Y,2,0,1,2,A,-,08,22107,,N,A,C,A,A,H,-,A,D,0,,,Y,,Y,,C,02,1,0,0,0,0,0,0,0,1,"- ","- ",37.332019805908203,-119.65093231201172,MADERA,UNINCORPORATED,-119.65086364746094,37.332023620605469
90836429,2018,2018-10-15,9450,2018-09-16,2100,018612,,7,2,9,2000,0,3,5,,2,040,"COUNTY ROAD 400","COUNTY ROAD 406",444.00,S,N,A,-,N,,,,,,,,,,N,1,2,0,3,A,-,11,21954,A,N,G,B,E,A,H,-,D,D,0,Y,,,,Y,Y,N,60,0,0,0,2,0,0,0,0,0,"- ","- ",37.079910278320312,-119.88775634765625,MADERA,UNINCORPORATED,-119.88794708251953,37.079830169677734
90838326,2018,2018-10-17,9450,2018-10-09,0907,019604,,2,1,9,2000,0,1,3,,2,012,"SR-99 S/B TO SR-152 W/B",SR-152,200.00,N,N,A,-,Y,,,99,,,,R,,S,Y,2,0,1,1,A,-,03,22350,,N,E,I,A,A,H,-,A,D,0,,,,,Y,,D,22,1,0,0,0,0,0,0,0,0,"- ","- ",37.084789276123047,-120.21173858642578,MADERA,UNINCORPORATED,-120.21173858642578,37.084789276123047
90839389,2018,2018-10-18,9456,2018-10-08,0650,019295,,1,1,9,2000,0,1,3,,1,052,"SR-41 S/B","MIAMI CREEK TRAILS",2112.00,N,N,A,-,Y,,,41,,,,,,S,Y,2,0,1,1,A,-,08,22107,,N,E,I,A,A,H,-,B,D,0,,,,,Y,,D,22,1,0,0,0,0,0,0,0,0,"- ","- ",37.421398162841797,-119.63359832763672,MADERA,UNINCORPORATED,-119.63359069824219,37.421375274658203
90842946,2018,2018-10-23,9456,2018-10-03,0450,021135,,3,3,9,2000,0,1,3,,1,051,SR-41,"COUNTY ROAD 207",528.00,S,N,B,-,Y,,,41,,,,,,,Y,2,0,1,1,A,-,01,23152,A,N,E,I,A,A,H,-,D,D,0,,,,,Y,Y,A,01,1,0,0,0,0,0,0,0,0,"- ","- ",37.147010803222656,-119.73195648193359,MADERA,UNINCORPORATED,-119.73219299316406,37.147041320800781
90849837,2018,2018-10-31,9450,2018-10-21,1629,019105,,7,2,9,2000,0,1,3,,1,043,"SR 41 N/B","COUNTY ROAD 208",2640.00,N,N,A,-,Y,,,41,,,,,,N,Y,2,0,1,1,A,-,01,23152,F,N,E,I,A,A,H,-,A,D,0,,,,,Y,,A,01,1,0,0,0,0,0,0,0,0,"- ","- ",37.048728942871094,-119.77649688720703,MADERA,UNINCORPORATED,-119.77603149414062,37.048488616943359
90850797,2018,2018-11-01,9456,2018-10-22,0452,021135,,1,3,9,2000,0,1,3,,1,052,SR-41,"RIVER FALLS RD",154.00,S,N,A,-,Y,,,41,,,,,,,Y,2,0,1,1,A,-,01,23152,F,N,E,I,A,A,H,-,D,D,0,,,,,Y,,D,22,1,0,0,0,0,0,0,0,0,"- ","- ",37.354598999023438,-119.64404296875,MADERA,UNINCORPORATED,-119.64395904541016,37.354576110839844
90851220,2018,2018-11-01,9456,2018-10-25,1200,019295,,4,1,9,2000,0,1,3,,1,051,SR-41,SR-49,350.00,S,N,A,-,Y,,,41,,,,,,,Y,2,0,1,2,A,-,05,21651,B,N,D,C,A,A,H,-,A,D,0,,,Y,,Y,,C,02,1,0,0,0,0,0,0,0,1,"- ","- ",37.330238342285156,-119.65657043457031,MADERA,UNINCORPORATED,-119.65650177001953,37.330177307128906
90859226,2018,2019-01-31,9450,2018-10-22,2500,017032,,1,4,9,2000,0,3,5,,2,020,"AVENUE 21","AVENUE 20 1/2",2112.00,E,N,A,-,N,,,,,,,,,,N,1,1,0,2,A,-,03,22350,,F,G,B,E,A,H,-,D,A,0,Y,,,Y,Y,,F,26,0,0,0,1,0,0,0,0,0,"- ","- ",37.054050445556641,-120.08963775634766,MADERA,UNINCORPORATED,-120.08993530273438,37.054027557373047
90864950,2018,2019-02-25,9450,2018-07-28,1110,016946,,6,1,9,2000,0,3,5,,2,030,"AVENUE 9","COUNTY ROAD 30",0.00,,Y,A,-,N,,,,,,,,,,Y,1,5,0,2,A,-,12,22450,A,N,D,C,A,A,H,-,A,A,0,,,,,Y,,A,01,0,0,0,0,0,0,0,0,0,"- ","- ",36.880378723144531,-120.00147247314453,MADERA,UNINCORPORATED,-120.00144195556641,36.880348205566406
90869509,2018,2018-11-28,9450,2018-11-19,1640,018823,,1,2,9,2000,0,3,5,,2,040,"COUNTY ROAD 206","FRIANT ROAD",3168.00,N,N,A,-,N,,,,,,,,,,Y,2,0,1,2,A,-,08,22107,,N,D,G,A,A,H,-,A,D,0,,Y,,,Y,,L,04,1,0,0,0,0,0,1,0,0,"- ","- ",36.996799468994141,-119.71980285644531,MADERA,UNINCORPORATED,-119.71979522705078,36.996807098388672
90873860,2018,2018-12-03,9456,2018-11-25,1325,019295,,7,1,9,2000,0,3,5,,2,050,"COUNTY ROAD 426","ELLIOT DRIVE",0.00,,Y,A,-,N,,,,,,,,,,N,2,0,1,2,A,-,09,21802,A,N,D,G,A,A,H,-,A,A,0,,Y,,,Y,,D,22,1,0,0,0,0,0,1,0,0,"- ","- ",37.326740264892578,-119.64314270019531,MADERA,UNINCORPORATED,-119.64314270019531,37.32672119140625
90874536,2018,2018-12-04,9456,2018-11-24,1442,020787,,6,2,9,2000,0,3,5,,2,050,"COUNTY ROAD 222","TUNOI PLACE",1056.00,N,N,B,-,N,,,,,,,,,,Y,2,0,1,1,A,-,03,22350,,N,F,I,A,B,H,-,A,D,0,,,Y,,Y,,C,02,1,0,0,0,0,0,0,0,1,"- ","- ",37.164329528808594,-119.51583099365234,MADERA,UNINCORPORATED,-119.51584625244141,37.164352416992188
90874827,2018,2018-12-04,9456,2018-11-25,1540,020787,,7,2,9,2000,0,3,5,,2,050,"COUNTY ROAD 426","OAK RIDGE DR",1584.00,W,N,A,-,N,,,,,,,,,,Y,2,0,2,2,A,-,01,23152,A,N,A,C,A,A,H,-,A,D,0,,,,,Y,Y,A,01,2,0,0,0,0,0,0,0,0,"- ","- ",37.327640533447266,-119.60064697265625,MADERA,UNINCORPORATED,-119.60101318359375,37.327461242675781
90876574,2018,2018-12-05,9450,2018-12-03,0633,016946,,1,1,9,2000,0,3,5,,2,030,"COUNTY ROAD 25","AVENUE 9 1/2",905.00,N,N,A,-,N,,,,,,,,,,Y,2,0,2,2,A,-,01,23152,A,N,G,B,E,B,H,-,B,D,0,Y,,,,Y,Y,A,08,1,1,0,0,1,0,0,0,0,"- ","- ",36.890110015869141,-120.09236907958984,MADERA,UNINCORPORATED,-120.09230804443359,36.890121459960938
90881966,2018,2018-12-13,9450,2018-12-03,1628,017868,,1,2,9,2000,0,1,3,,1,013,"SR-152 W/B","COUNTY ROAD 16",0.00,,Y,A,-,Y,,,152,,,,,,W,Y,2,0,2,2,A,-,09,21802,B,N,D,C,A,A,H,-,A,A,0,,,,,Y,,A,01,1,1,0,0,0,0,0,0,0,"- ","- ",37.083831787109375,-120.25698852539062,MADERA,UNINCORPORATED,-120.25698852539062,37.083892822265625
90886263,2018,2018-12-19,9450,2018-12-11,2005,018676,,2,2,9,2000,0,3,5,,2,010,"AVENUE 18 1/2","COUNTY ROAD 21",2112.00,W,N,A,-,N,,,,,,,,,,Y,2,0,1,1,A,-,01,23152,A,N,E,I,A,A,H,-,D,D,0,,,,,Y,Y,D,22,1,0,0,0,0,0,0,0,0,"- ","- ",37.018268585205078,-120.17275238037109,MADERA,UNINCORPORATED,-120.17327117919922,37.018299102783203
90889135,2018,2018-12-24,9450,2018-11-19,1637,018551,,1,2,9,2000,0,3,5,,2,030,"AVENUE 7","COUNTY ROAD 33",0.00,,Y,A,-,N,,,,,,,,,,Y,1,2,0,2,A,-,21,22106,,N,D,C,A,A,H,-,A,D,0,,,,,Y,,A,01,0,0,0,0,0,0,0,0,0,"- ","- ",36.85150146484375,-119.94248199462891,MADERA,UNINCORPORATED,-119.94229888916016,36.851531982421875
90889448,2018,2018-12-24,9450,2018-12-17,0815,018551,,1,1,9,2000,0,1,3,,2,031,"SR-99 S/B","AVENUE 7 O/C",150.00,S,N,C,-,Y,,,99,,,,,,S,Y,2,0,2,2,A,-,03,22350,,N,D,C,A,B,H,-,A,D,0,,,,Y,Y,,A,07,1,0,1,0,0,0,0,0,0,"- ","- ",36.851631164550781,-119.94743347167969,MADERA,UNINCORPORATED,-119.94733428955078,36.851711273193359
90912885,2019,2019-01-25,9450,2019-01-21,1925,017868,,1,2,9,2000,0,3,5,,2,020,"FAIRMEAD BOULEVARD","ARC DRIVE",315.00,S,N,A,-,N,,,,,,,,,,N,2,0,1,2,A,-,11,21954,A,N,H,B,D,A,H,-,D,D,0,Y,,,,Y,Y,N,60,1,0,0,0,1,0,0,0,0,"- ","- ",37.085018157958984,-120.20823669433594,MADERA,UNINCORPORATED,-120.20816802978516,37.085018157958984
90924562,2018,2019-02-12,9450,2018-11-27,2301,015905,,2,3,9,2000,0,1,3,,2,012,"STATE ROUTE 99 NORTHBOUND","CALIFA OVERCROSSING",572.00,S,N,B,-,Y,,,99,,,,,,N,Y,1,1,1,1,A,-,08,22107,,N,E,I,A,B,H,-,C,D,0,,,,,Y,,A,01,0,1,0,0,0,0,0,0,0,"- ","- ",37.086910247802734,-120.21218109130859,MADERA,UNINCORPORATED,-120.21220397949219,37.086894989013672
90935562,2019,2019-02-27,9450,2019-02-23,1755,019210,,6,2,9,2000,0,3,5,,2,040,"AVE 9","COUNTY ROAD 39",1627.00,W,N,A,-,N,,,,,,,,,,Y,2,0,1,1,A,-,08,22107,,N,E,I,A,A,H,-,D,D,0,,,,,Y,,A,01,1,0,0,0,0,0,0,0,0,"- ","- ",36.880519866943359,-119.84481811523438,MADERA,UNINCORPORATED,-119.84469604492188,36.88043212890625
90946097,2019,2019-03-14,9456,2019-03-07,2315,021285,,4,3,9,2000,0,2,S,,2,057,"COUNTY ROAD 415","COUNTY ROAD 606",102.00,W,N,B,C,N,,,,,,,,,,Y,2,0,2,1,A,-,01,23152,A,N,E,I,A,B,H,-,D,D,0,,,,,Y,Y,A,01,2,0,0,0,0,0,0,0,0,"- ","- ",37.241928100585938,-119.85693359375,MADERA,UNINCORPORATED,-119.85646820068359,37.241893768310547
90965186,2019,2019-04-10,9450,2019-04-01,2125,018612,,1,2,4,2002,0,1,3,,2,011,"SR-99 NORTHBOUND","AVENUE 17",160.00,S,N,B,-,Y,,,99,,,,,,N,Y,2,0,1,1,A,-,01,23152,A,N,E,I,A,A,H,-,D,D,0,,,,,Y,Y,A,01,1,0,0,0,0,0,0,0,0,"- ","- ",36.996040344238281,-120.10160827636719,MADERA,MADERA,-120.10157012939453,36.99609375
90966329,2019,2019-04-11,9456,2019-01-10,0733,018052,,4,1,9,2000,0,1,3,,1,051,SR-41,"COUNTY ROAD 207",2640.00,S,N,B,-,Y,,,41,,,,,,,Y,1,1,2,2,A,-,08,22107,,N,A,C,A,B,H,-,A,D,0,,,,,Y,,A,01,1,0,1,0,0,0,0,0,0,"- ","- ",37.141258239746094,-119.73307800292969,MADERA,UNINCORPORATED,-119.73303985595703,37.141254425048828
90967053,2019,2019-04-12,9450,2019-02-01,1815,020882,,5,2,9,2000,0,2,4,,2,035,"AVENUE 12","COUNTY ROAD 25",0.00,,Y,B,C,N,,,,,,,,,,Y,1,1,2,2,A,-,09,21801,A,N,D,C,A,B,H,-,D,D,0,,,,,Y,,A,01,0,1,1,0,0,0,0,0,0,"- ","- ",36.923820495605469,-120.09245300292969,MADERA,UNINCORPORATED,-120.0924072265625,36.923778533935547
90968955,2019,2019-04-16,9456,2019-04-10,1605,020787,,3,2,9,2000,0,2,4,,1,054,"COUNTY ROAD 274","FAWN POINT LN",2640.00,S,N,A,-,N,,,,,,,,,,Y,2,0,1,1,A,-,01,23152,A,N,E,I,A,A,H,-,A,D,0,,,,,Y,Y,A,07,1,0,0,0,0,0,0,0,0,"- ","- ",37.308479309082031,-119.52989959716797,MADERA,UNINCORPORATED,-119.52994537353516,37.308483123779297
90970131,2019,2019-04-18,9450,2019-03-22,1515,018923,,5,2,9,2000,0,1,3,,1,013,"STATE ROUTE 152 EASTBOUND","COUNTY ROAD 4",0.00,,Y,B,-,Y,,,152,,,,,,E,Y,1,1,1,2,A,-,12,22450,A,N,D,C,A,A,H,-,A,A,0,,,,,Y,,A,01,0,0,1,0,0,0,0,0,0,"- ","- ",37.083580017089844,-120.47339630126953,MADERA,UNINCORPORATED,-120.47340393066406,37.083530426025391
90974161,2019,2019-04-24,9450,2019-04-21,0245,019210,,7,3,4,2002,0,1,3,,2,031,"SR-99 NORTHBOUND","E. CLEVELAND AVENUE",2576.00,S,N,A,-,Y,,,99,,,,,,N,Y,2,0,2,1,A,-,01,23152,A,N,E,I,A,A,H,-,C,D,0,,,,,Y,Y,A,01,1,1,0,0,0,0,0,0,0,"- ","- ",36.968669891357422,-120.07096099853516,MADERA,MADERA,-120.071044921875,36.968624114990234
90976669,2019,2019-04-26,9450,2019-04-19,1818,017868,,5,2,9,2000,0,3,5,,2,010,"SR-152 E/B TO SR-233",SR-233,0.00,,Y,A,-,Y,,,152,,,,R,,E,Y,2,0,5,2,A,-,09,21802,A,N,D,C,A,A,H,-,A,A,0,,,,,Y,,A,01,2,3,0,0,0,0,0,0,0,"- ","- ",37.082199096679688,-120.29869842529297,MADERA,UNINCORPORATED,-120.29869842529297,37.082199096679688
90980797,2019,2019-05-02,9456,2019-04-28,0359,021178,,7,3,9,2000,0,3,5,,2,050,"COUNTY ROAD 417","QUARTZ MOUNTAIN RD",238.00,W,N,A,-,N,,,,,,,,,,Y,2,0,1,1,A,-,08,22107,,N,E,I,A,A,H,-,D,D,0,,,,,Y,Y,D,22,1,0,0,0,0,0,0,0,0,"- ","- ",37.212039947509766,-119.69122314453125,MADERA,UNINCORPORATED,-119.69119262695312,37.212009429931641
90988006,2019,2019-05-14,9450,2019-05-05,2114,019210,,7,2,9,2000,0,1,3,,2,011,"SR-99 NORTHBOUND",SR-152,2260.00,S,N,A,-,Y,,,99,,,,,,N,Y,2,0,2,2,A,-,03,22350,,N,C,C,A,A,H,-,D,D,0,,,,,Y,,D,22,1,1,0,0,0,0,0,0,0,"- ","- ",37.079200744628906,-120.20259857177734,MADERA,UNINCORPORATED,-120.20262145996094,37.079174041748047
90988428,2019,2019-05-14,9450,2019-05-02,1249,016946,,4,1,9,2000,0,1,3,,2,031,"STATE ROUTE 99 S/B","AVENUE 9",2501.00,S,N,A,-,Y,,,99,,,,,,S,Y,2,0,1,1,A,-,08,22107,,N,F,A,A,A,H,-,A,D,0,,,Y,,Y,,C,02,1,0,0,0,0,0,0,0,1,"- ","- ",36.875358581542969,-119.97084045410156,MADERA,UNINCORPORATED,-119.97086334228516,36.875331878662109
90992211,2019,2019-05-20,9450,2019-05-09,0730,016764,,4,1,9,2000,0,3,5,,2,040,"COUNTY ROAD 36","AVENUE 13",0.00,,Y,A,-,N,,,,,,,,,,Y,2,0,1,3,A,-,09,21801,A,N,D,C,A,A,H,-,A,A,0,,,,,Y,,A,01,1,0,0,0,0,0,0,0,0,"- ","- ",36.937431335449219,-119.89420318603516,MADERA,UNINCORPORATED,-119.89412689208984,36.9375
90992234,2019,2019-05-20,9450,2019-04-04,1959,018923,,4,2,9,2000,0,3,5,,2,020,"RAYMOND ROAD","COUNTY ROAD 28 1/4",2640.00,E,N,B,-,N,,,,,,,,,,Y,1,1,0,2,A,-,05,21202,A,N,C,G,A,A,H,-,D,D,0,,Y,,,Y,,L,04,0,0,0,0,0,1,0,0,0,"- ","- ",36.982898712158203,-120.03230285644531,MADERA,UNINCORPORATED,-120.0286865234375,36.986598968505859
90998906,2019,2019-05-30,9450,2019-05-21,0810,016938,,2,1,9,2000,0,3,5,,2,010,"COUNTY ROAD 23","AVENUE 15 1/2",0.00,,Y,B,C,N,,,,,,,,,,Y,2,0,1,2,A,-,12,22450,A,N,D,C,A,B,H,-,A,A,0,,,,Y,Y,,A,07,1,0,0,0,0,0,0,0,0,"- ","- ",36.582298278808594,-120.70420074462891,MADERA,UNINCORPORATED,-120.12851715087891,36.974658966064453
91001497,2019,2019-06-04,9456,2019-05-27,1445,020635,,1,2,9,2000,0,1,3,,1,051,SR-41,"YOSEMITE SPRINGS PKWY",370.00,N,N,B,-,Y,,,41,,,,,,,Y,2,0,3,2,A,-,03,22350,,N,C,C,A,A,H,-,A,D,0,,,,,Y,,D,22,3,0,0,0,0,0,0,0,0,"- ","- ",37.165081024169922,-119.72767639160156,MADERA,UNINCORPORATED,-119.72765350341797,37.165081024169922
91003044,2019,2019-06-04,9450,2019-05-28,2105,019210,,2,2,9,2000,0,1,3,,1,013,"SR-152 W/B TO SR-59 N/B",SR-152,140.00,N,N,A,-,Y,,,152,,,,R,,W,Y,2,0,1,1,A,-,03,22350,,N,F,A,A,A,H,-,C,D,0,,,,Y,Y,,G,25,1,0,0,0,0,0,0,0,0,"- ","- ",37.084629058837891,-120.49181365966797,MADERA,UNINCORPORATED,-120.49181365966797,37.084629058837891
91017336,2019,2019-06-25,9456,2019-06-19,0710,014985,,3,1,9,2000,0,1,3,,2,056,SR-49,"COUNTY ROAD 600",15.00,S,N,A,-,Y,,,49,,,,,,,Y,2,0,2,2,A,-,03,22350,,N,C,C,A,A,H,-,A,D,0,,,,,Y,,A,07,1,0,1,0,0,0,0,0,0,"- ","- ",37.354511260986328,-119.72413635253906,MADERA,UNINCORPORATED,-119.72414398193359,37.354511260986328
91027022,2019,2019-07-09,9450,2019-05-12,0620,018551,,7,1,9,2000,0,1,3,,2,012,"STATE ROUTE 99N/B TO STATE ROUTE 152W/B","COUNTY ROAD 18 1/2",333.00,E,N,A,-,Y,,,99,,,,R,,,Y,1,1,2,1,A,-,03,22350,,N,E,I,A,A,H,-,A,A,0,,,,,Y,,A,01,1,1,0,0,0,0,0,0,0,"- ","- ",37.084438323974609,-120.21025848388672,MADERA,UNINCORPORATED,-120.21025848388672,37.084438323974609