CASE_ID,ACCIDENT_YEAR,PROC_DATE,JURIS,COLLISION_DATE,COLLISION_TIME,OFFICER_ID,REPORTING_DISTRICT,DAY_OF_WEEK,CHP_SHIFT,POPULATION,CNTY_CITY_LOC,SPECIAL_COND,BEAT_TYPE,CHP_BEAT_TYPE,CITY_DIVISION_LAPD,CHP_BEAT_CLASS,BEAT_NUMBER,PRIMARY_RD,SECONDARY_RD,DISTANCE,DIRECTION,INTERSECTION,WEATHER_1,WEATHER_2,STATE_HWY_IND,CALTRANS_COUNTY,CALTRANS_DISTRICT,STATE_ROUTE,ROUTE_SUFFIX,POSTMILE_PREFIX,POSTMILE,LOCATION_TYPE,RAMP_INTERSECTION,SIDE_OF_HWY,TOW_AWAY,COLLISION_SEVERITY,NUMBER_KILLED,NUMBER_INJURED,PARTY_COUNT,PRIMARY_COLL_FACTOR,PCF_CODE_OF_VIOL,PCF_VIOL_CATEGORY,PCF_VIOLATION,PCF_VIOL_SUBSECTION,HIT_AND_RUN,TYPE_OF_COLLISION,MVIW,PED_ACTION,ROAD_SURFACE,ROAD_COND_1,ROAD_COND_2,LIGHTING,CONTROL_DEVICE,CHP_ROAD_TYPE,PEDESTRIAN_ACCIDENT,BICYCLE_ACCIDENT,MOTORCYCLE_ACCIDENT,TRUCK_ACCIDENT,NOT_PRIVATE_PROPERTY,ALCOHOL_INVOLVED,STWD_VEHTYPE_AT_FAULT,CHP_VEHTYPE_AT_FAULT,COUNT_SEVERE_INJ,COUNT_VISIBLE_INJ,COUNT_COMPLAINT_PAIN,COUNT_PED_KILLED,COUNT_PED_INJURED,COUNT_BICYCLIST_KILLED,COUNT_BICYCLIST_INJURED,COUNT_MC_KILLED,COUNT_MC_INJURED,PRIMARY_RAMP,SECONDARY_RAMP,LATITUDE,LONGITUDE,COUNTY,CITY,POINT_X,POINT_Y
91027477,2019,2019-07-09,9450,2019-06-28,0420,020882,,5,3,9,2000,0,3,5,,2,030,"AVENUE 14","COUNTY ROAD 19",780.00,W,N,A,-,N,,,,,,,,,,Y,2,0,2,2,A,-,21,22106,,N,D,C,A,A,H,-,A,D,0,,,,,Y,,D,22,1,0,1,0,0,0,0,0,0,"- ","- ",36.952739715576172,-120.20446014404297,MADERA,UNINCORPORATED,-120.20460510253906,36.952720642089844
91031066,2019,2019-07-15,9450,2019-07-11,1418,019210,,4,2,4,2002,0,1,3,,2,031,"SR-99 SOUTHBOUND","MADERA AVENUE",135.00,S,N,A,-,Y,,,99,,,,,,S,N,2,0,1,2,A,-,11,21954,A,N,G,B,E,A,H,-,A,D,0,Y,,,Y,Y,,N,60,1,0,0,0,1,0,0,0,0,"- ","- ",36.952861785888672,-120.05557250976562,MADERA,MADERA,-120.05556488037109,36.952869415283203
91034970,2019,2019-07-22,9456,2019-07-12,2200,021555,,5,3,9,2000,0,3,5,,2,050,"YOSEMITE SPRINGS PKWY","CORRAL DRIVE",1214.00,S,N,A,-,N,,,,,,,,,,Y,2,0,3,1,A,-,01,23152,A,N,E,I,A,A,H,-,C,A,0,,,,,Y,Y,A,01,1,0,2,0,0,0,0,0,0,"- ","- ",37.195579528808594,-119.77081298828125,MADERA,UNINCORPORATED,-119.77085876464844,37.195556640625
91055820,2019,2019-08-20,9456,2019-08-18,0210,017445,,7,3,9,2000,0,3,5,,2,050,"BASS DR","N SHORE ROAD",72.00,W,N,A,-,N,,,,,,,,,,N,2,0,1,1,A,-,08,22107,,N,F,I,A,A,H,-,D,D,0,,,,,Y,,M,96,1,0,0,0,0,0,0,0,0,"- ","- ",37.328380584716797,-119.57047271728516,MADERA,UNINCORPORATED,-119.57047271728516,37.328422546386719
91064050,2019,2019-08-30,9456,2019-08-22,1712,018970,,4,2,9,2000,0,2,4,,1,054,"COUNTY ROAD 274","COUNTY ROAD 225",580.00,N,N,A,-,N,,,,,,,,,,Y,2,0,1,2,A,-,09,21801,A,N,D,C,A,A,H,-,A,D,0,,,Y,,Y,,A,07,1,0,0,0,0,0,0,0,1,"- ","- ",37.230949401855469,-119.5040283203125,MADERA,UNINCORPORATED,-119.50405883789062,37.230953216552734
91064251,2019,2019-08-30,9450,2019-08-22,1637,019105,,4,2,9,2000,0,1,3,,1,042,"N/B SR-41","AVENUE 15",235.00,S,N,A,-,Y,,,,,,,,,,Y,2,0,1,2,A,-,09,21801,A,N,D,C,A,A,H,-,A,D,0,,,,,Y,,A,01,1,0,0,0,0,0,0,0,0,"- ","- ",36.966259002685547,-119.70404815673828,MADERA,UNINCORPORATED,,
91065861,2019,2019-09-03,9450,2019-08-24,1720,018551,,6,2,9,2000,0,3,5,,2,030,"AVENUE 14","COUNTY ROAD 19",0.00,,Y,A,-,N,,,,,,,,,,Y,2,0,2,2,A,-,09,21801,A,N,A,C,A,A,H,-,A,D,0,,,,,Y,,A,01,1,1,0,0,0,0,0,0,0,"- ","- ",36.952739715576172,-120.20185089111328,MADERA,UNINCORPORATED,-120.20194244384766,36.952720642089844
91073263,2019,2019-09-12,9450,2019-08-18,1551,018823,,7,2,9,2000,0,3,5,,2,030,"GOLDEN STATE BLVD","AVENUE 7",3696.00,S,N,A,-,N,,,,,,,,,,Y,2,0,3,1,A,-,03,22350,,N,E,I,A,A,H,-,A,D,0,,,,,Y,,A,08,1,1,1,0,0,0,0,0,0,"- ","- ",36.844799041748047,-119.93689727783203,MADERA,UNINCORPORATED,-119.94230651855469,36.844333648681641
91074620,2019,2019-09-13,9456,2019-09-07,1210,020993,,6,1,9,2000,0,2,S,,2,057,"COUNTY ROAD 415","BLUEBERRY HILL DR",3168.00,E,N,A,-,N,,,,,,,,,,N,2,0,2,1,A,-,08,22107,,N,F,I,A,A,H,-,A,D,0,,,Y,,Y,,C,02,1,1,0,0,0,0,0,0,2,"- ","- ",37.239009857177734,-119.83059692382812,MADERA,UNINCORPORATED,-119.83056640625,37.239055633544922
91079354,2019,2019-09-20,9450,2019-09-10,2126,015905,,2,2,9,2000,0,3,5,,2,020,"COUNTY ROAD 26","EL VADO DRIVE",30.00,N,N,A,-,N,,,,,,,,,,Y,2,0,2,3,A,-,01,23152,A,N,C,C,A,A,H,-,D,A,0,,,,,Y,Y,A,07,1,0,1,0,0,0,0,0,0,"- ","- ",37.021369934082031,-120.07430267333984,MADERA,UNINCORPORATED,-120.07437896728516,37.021312713623047
91079794,2019,2019-09-20,9456,2019-09-15,1120,020993,,7,1,9,2000,0,1,3,,1,051,SR-41,"MORAVA ROAD",0.00,,Y,A,-,Y,,,41,,,,,,,Y,2,0,1,2,A,-,09,21801,A,N,D,C,A,A,H,-,A,D,0,,,Y,,Y,,A,01,1,0,0,0,0,0,0,0,1,"- ","- ",37.263839721679688,-119.68573760986328,MADERA,UNINCORPORATED,-119.68573760986328,37.263786315917969
91083883,2019,2019-09-26,9450,2019-09-17,0150,015905,,2,3,9,2000,0,1,3,,1,013,"SR-152 W/B","COUNTY ROAD 8",0.00,,N,A,-,Y,,,152,,,,,,W,Y,2,0,2,1,A,-,08,22107,,N,F,A,A,A,H,-,D,D,0,,,,,Y,,D,22,2,0,0,0,0,0,0,0,0,"- ","- ",37.083400726318359,-120.34020233154297,MADERA,UNINCORPORATED,-120.34020233154297,37.083499908447266
91085505,2019,2019-09-27,9450,2019-09-18,0700,016938,,3,1,9,2000,0,3,5,,2,030,"AVENUE 11","COUNTY ROAD 30",285.00,E,N,A,-,N,,,,,,,,,,N,2,0,2,2,A,-,03,22350,,N,C,C,A,A,H,-,A,D,0,,,,Y,Y,,F,26,1,1,0,0,0,0,0,0,0,"- ","- ",36.543399810791016,-120.00180053710938,MADERA,UNINCORPORATED,-120.00726318359375,36.909381866455078
91090641,2019,2019-10-04,9450,2019-09-03,2015,017032,,2,2,9,2000,0,1,3,,2,031,"SR-99 NORTHBOUND","AVENUE 12 OC",4752.00,S,N,A,-,Y,,,99,,,,,,N,Y,2,0,4,3,A,-,03,22350,,F,C,C,A,A,D,-,D,D,0,,,,,Y,,D,22,1,0,3,0,0,0,0,0,0,"- ","- ",36.914451599121094,-120.01104736328125,MADERA,UNINCORPORATED,-120.01109313964844,36.914405822753906
91093015,2019,2019-10-08,9450,2019-09-29,0355,019385,,7,3,9,2000,0,1,3,,2,012,"STATE ROUTE 99 NORTHBOUND","ROBERTSON BOULEVARD",5280.00,S,N,A,-,Y,,,,,,,,,,Y,2,0,1,1,A,-,01,23153,A,N,E,I,A,A,H,-,D,D,0,,,,,Y,Y,D,22,1,0,0,0,0,0,0,0,0,"- ","- ",37.116909027099609,-120.2392578125,MADERA,UNINCORPORATED,,
91095143,2019,2019-10-10,9456,2019-10-05,2006,021178,,6,2,9,2000,0,1,3,,1,051,SR-41,"VICTORIA LN",1584.00,S,N,A,-,Y,,,41,,,,,,,Y,2,0,1,1,A,-,01,23152,A,N,F,A,A,A,H,-,D,D,0,,,Y,,Y,Y,C,02,1,0,0,0,0,0,0,0,1,"- ","- ",37.320541381835938,-119.66371917724609,MADERA,UNINCORPORATED,-119.66378784179688,37.320560455322266
91100925,2019,2019-10-18,9450,2019-10-08,0003,015905,,2,3,9,2000,0,3,5,,2,020,"CAMDEN DRIVE","CRESCENT DRIVE",560.00,S,N,A,-,N,,,,,,,,,,Y,2,0,3,2,A,-,08,22107,,F,E,I,A,A,H,-,D,A,0,,,,,Y,,A,01,2,1,0,0,0,0,0,0,0,"- ","- ",37.001598358154297,-120.08045196533203,MADERA,UNINCORPORATED,-120.08086395263672,37.001846313476562
91100940,2019,2019-10-18,9450,2019-10-11,1635,019604,,5,2,9,2000,0,3,5,,2,040,"CHILDREN'S BLVD","PECK BLVD",25.00,E,N,A,-,N,,,,,,,,,,Y,2,0,2,2,A,-,08,22107,,N,C,C,A,A,H,-,A,D,0,,,Y,,Y,,A,01,1,1,0,0,0,0,0,0,1,"- ","- ",36.888141632080078,-119.80473327636719,MADERA,UNINCORPORATED,-119.80477142333984,36.887966156005859
91114196,2019,2019-11-05,9450,2019-10-27,1338,017868,,7,1,9,2000,0,1,3,,1,013,"SR-152 WESTBOUND","COUNTY ROAD 12",1584.00,E,N,A,-,Y,,,152,,,,,,W,Y,2,0,2,9,A,-,03,22350,,N,C,C,A,A,G,-,A,D,0,,,,,Y,,D,22,1,1,0,0,0,0,0,0,0,"- ","- ",37.083599090576172,-120.32230377197266,MADERA,UNINCORPORATED,-120.32229614257812,37.083553314208984
91116522,2019,2019-11-08,9450,2019-09-28,0446,019648,,6,3,9,2000,0,3,5,,2,020,"AVENUE 21","COUNTY ROAD 26",4224.00,W,N,A,-,N,,,,,,,,,,Y,1,1,0,2,A,-,05,21460,A,N,A,C,A,A,H,-,D,D,0,,,,Y,Y,,D,22,0,0,0,0,0,0,0,0,0,"- ","- ",37.054340362548828,-120.08914947509766,MADERA,UNINCORPORATED,-120.08898162841797,37.054302215576172
91117138,2019,2019-11-11,9450,2019-11-01,0916,016764,,5,1,9,2000,0,1,3,,1,013,"STATE ROUTE 152","COUNTY ROAD 4",0.00,,Y,A,-,Y,,,152,,,,,,,Y,2,0,1,2,A,-,09,21801,A,N,D,C,A,A,H,-,A,D,0,,,,,Y,,A,01,1,0,0,0,0,0,0,0,0,"- ","- ",37.083110809326172,-120.47329711914062,MADERA,UNINCORPORATED,-120.47329711914062,37.083530426025391
91119554,2019,2019-11-13,9450,2019-11-04,0750,016938,,1,1,9,2000,0,2,4,,2,035,"AVENUE 12","COUNTY ROAD 25",170.00,W,N,A,-,N,,,,,,,,,,Y,2,0,2,2,A,-,08,22107,,N,A,C,A,A,H,-,A,D,0,,,,,Y,,A,01,1,1,0,0,0,0,0,0,0,"- ","- ",36.923698425292969,-120.09306335449219,MADERA,UNINCORPORATED,-120.09299468994141,36.923778533935547
91131407,2019,2019-12-02,9450,2019-05-16,1733,018823,,4,2,9,2000,0,3,5,,2,040,"AVENUE 15","SANTA FE DRIVE",6864.00,E,N,B,-,N,,,,,,,,,,Y,1,1,1,2,A,-,05,21650,,N,A,C,A,B,H,-,A,D,0,,,,,Y,,A,01,1,0,0,0,0,0,0,0,0,"- ","- ",36.966800689697266,-119.98770141601562,MADERA,UNINCORPORATED,-119.98878479003906,36.966842651367188
91144399,2019,2019-12-16,9450,2019-07-30,1140,018075,,2,1,9,2000,0,3,5,,2,020,"COUNTY ROAD 28 1/2","OREGON AVENUE",0.00,,Y,A,-,N,,,,,,,,,,Y,1,1,1,2,A,-,09,21802,A,N,D,C,A,A,H,-,A,A,0,,,,Y,Y,,A,07,1,0,0,0,0,0,0,0,0,"- ","- ",36.993999481201172,-120.02861785888672,MADERA,UNINCORPORATED,-120.02863311767578,36.994010925292969
91163109,2020,2020-01-10,9450,2020-01-03,1350,020882,,5,1,4,2002,0,1,3,,2,011,"STATE ROUTE 99 N/B","CLEVELAND AVENUE",1584.00,S,N,A,-,Y,,,99,,,,,,N,N,2,0,1,2,A,-,03,22350,,N,C,C,A,A,H,-,A,D,0,,,Y,,Y,,C,02,1,0,0,0,0,0,0,0,1,"- ","- ",36.970279693603516,-120.07195281982422,MADERA,MADERA,-120.07192230224609,36.970294952392578
91180843,2019,2020-02-05,9456,2019-11-28,1329,021135,,4,1,9,2000,0,1,3,,1,051,SR-41,"COUNTY ROAD 416",0.00,,Y,C,-,Y,,,41,,,,,,,Y,1,1,3,2,A,-,09,21802,A,N,D,C,A,B,H,-,A,D,0,,,,,Y,,A,01,0,1,2,0,0,0,0,0,0,"- ","- ",37.202060699462891,-119.72267150878906,MADERA,UNINCORPORATED,-119.72267150878906,37.202060699462891
91182399,2020,2020-02-07,9450,2020-01-30,0135,019385,,4,3,9,2000,0,1,3,,1,042,"BUSINESS STATE ROUTE 41 NORTHBOUND","AVENUE 10",120.00,N,N,A,-,Y,,,,,,,,,,Y,2,0,1,1,A,-,01,23152,A,N,F,A,A,A,H,-,C,D,0,,,Y,,Y,Y,C,02,1,0,0,0,0,0,0,0,1,"- ","- ",36.895961761474609,-119.79341125488281,MADERA,UNINCORPORATED,,
91184944,2020,2020-02-11,9450,2020-01-31,1940,017032,,5,2,9,2000,0,3,5,,2,030,"AVENUE 13 WESTBOUND","COUNTY ROAD 29",528.00,W,N,A,-,N,,,,,,,,,,N,2,0,1,2,A,-,11,21956,,N,G,B,E,A,H,-,D,D,0,Y,,,,Y,,N,60,1,0,0,0,1,0,0,0,0,"- ","- ",36.938129425048828,-120.02110290527344,MADERA,UNINCORPORATED,-120.02117919921875,36.938076019287109
91190328,2020,2020-02-20,9456,2020-02-08,0100,021285,,6,3,9,2000,0,3,5,,2,050,"COUNTY ROAD 222","DORSTAN DR",1056.00,E,N,A,-,N,,,,,,,,,,Y,2,0,1,1,A,-,08,22107,,M,E,I,A,A,H,-,D,D,0,,,,,Y,,A,01,1,0,0,0,0,0,0,0,0,"- ","- ",37.361068725585938,-119.61383056640625,MADERA,UNINCORPORATED,-119.614361,37.361474999999999
91203846,2020,2020-03-09,9456,2020-02-28,2128,021178,,5,2,9,2000,0,3,5,,2,050,"COUNTY ROAD 222","SADDLEBACK RD",50.00,S,N,A,-,N,,,,,,,,,,Y,2,0,1,1,A,-,01,23152,A,N,E,I,A,A,H,-,D,D,0,,,,,Y,Y,D,22,1,0,0,0,0,0,0,0,0,"- ","- ",37.336460113525391,-119.58316802978516,MADERA,UNINCORPORATED,-119.58546447753906,37.338287353515625
91209256,2020,2020-03-16,9456,2020-03-04,1301,020635,,3,1,9,2000,0,1,3,,1,051,SR-41,"VEATER RANCH RD",382.00,N,N,A,-,Y,,,41,,,,,,,Y,2,0,1,2,A,-,08,22107,,F,B,C,A,A,H,-,A,D,0,,,Y,,Y,,-,99,1,0,0,0,0,0,0,0,1,"- ","- ",37.253398895263672,-119.7044677734375,MADERA,UNINCORPORATED,-119.70446014404297,37.253402709960938
91217869,2020,2020-03-27,9456,2020-01-13,1755,020787,,1,2,9,2000,0,1,3,,1,051,SR-41,"YOSEMITE SPRINGS PKWY",2640.00,N,N,A,-,Y,,,41,,,,,,,Y,1,1,0,2,A,-,11,21954,A,N,G,B,E,A,H,-,D,D,0,Y,,,,Y,,N,60,0,0,0,1,0,0,0,0,0,"- ","- ",37.161819458007812,-119.72767639160156,MADERA,UNINCORPORATED,-119.72769165039062,37.161819458007812
91225384,2020,2020-04-14,9450,2020-04-09,0528,017032,,4,3,9,2000,0,3,5,,2,030,"FIREBAUGH BOULEVARD","AVENUE 7",0.00,,Y,C,-,N,,,,,,,,,,Y,2,0,1,2,A,-,09,21802,A,N,D,C,A,B,H,-,D,D,0,,,,,Y,,A,01,1,0,0,0,0,0,0,0,0,"- ","- ",36.859161376953125,-120.34072113037109,MADERA,UNINCORPORATED,-120.34098815917969,36.859310150146484
91227731,2020,2020-04-20,9450,2020-04-16,0446,018075,,4,3,9,2000,0,1,3,,2,012,"STATE ROUTE 99 (NORTHBOUND)","AVENUE 24",3960.00,S,N,A,-,Y,,,99,,,,,,,Y,2,0,2,1,A,-,01,23152,A,N,E,J,A,A,H,-,C,D,0,,,,,Y,Y,A,01,1,1,0,0,0,0,0,0,0,"- ","- ",37.087661743164062,-120.21250152587891,MADERA,UNINCORPORATED,-120.21254730224609,37.087642669677734
91230513,2020,2020-04-28,9450,2020-04-25,0555,016946,,6,3,4,2002,0,1,3,,2,031,"NORTHBOUND STATE ROUTE 99","GATEWAY DRIVE",678.00,S,N,A,-,Y,,,99,,,,,,,Y,2,0,2,1,A,-,08,22107,,N,E,I,A,A,D,-,B,D,0,,,,,Y,,A,01,1,1,0,0,0,0,0,0,0,"- ","- ",36.947990417480469,-120.04641723632812,MADERA,MADERA,-120.04645538330078,36.947925567626953
91234619,2020,2020-05-06,9456,2020-04-26,1050,020993,,7,1,9,2000,0,2,4,,1,053,"COUNTY ROAD 200","QUAIL CREEK RD",705.00,W,N,A,-,N,,,,,,,,,,Y,2,0,1,1,A,-,08,22107,,N,F,A,A,A,H,-,A,D,0,,Y,,,Y,,L,04,1,0,0,0,0,0,1,0,0,"- ","- ",37.203880310058594,-119.57187652587891,MADERA,UNINCORPORATED,-119.571853,37.203865999999998
91234888,2019,2021-02-03,9456,2019-11-19,0740,017445,,2,1,9,2000,0,1,3,,1,052,SR-41,"LEWIS CREEK TRAILHEAD",1848.00,S,N,A,-,Y,,,41,,,,,,,Y,1,1,1,2,A,-,03,22350,,N,A,C,A,A,H,-,A,D,0,,,,,Y,,A,01,1,0,0,0,0,0,0,0,0,"- ","- ",37.411758422851562,-119.62844848632812,MADERA,UNINCORPORATED,-119.62839508056641,37.411724090576172
91235507,2020,2020-05-08,9450,2020-03-16,0532,017868,,1,3,9,2000,0,3,5,,2,020,"COUNTY ROAD 26","ELLIS STREET",90.00,S,N,C,-,N,,,,,,,,,,N,1,1,0,3,A,-,17,21200,,N,D,G,A,B,H,-,D,D,0,,Y,,,Y,,L,04,0,0,0,0,0,1,0,0,0,"- ","- ",36.986759185791016,-120.07430267333984,MADERA,UNINCORPORATED,-120.07425689697266,36.986663818359375
91245557,2020,2020-06-01,9456,2020-05-21,1645,018923,,4,2,9,2000,0,3,5,,2,050,"COUNTY ROAD 628","STATE ROUTE 49",2112.00,E,N,A,-,N,,,,,,,,,,Y,2,0,2,2,A,-,03,22350,,N,A,C,A,A,H,-,A,D,0,,,,,Y,,A,07,1,1,0,0,0,0,0,0,0,"- ","- ",37.373340606689453,-119.72329711914062,MADERA,UNINCORPORATED,-119.72525024414062,37.368911743164062
91248526,2020,2020-06-18,9456,2020-06-03,2009,021178,,3,2,9,2000,0,1,3,,1,051,SR-41,"COUNTY ROAD 416",1018.00,N,N,A,-,Y,,,41,,,,,,,Y,2,0,2,2,A,-,01,23152,F,N,A,C,A,A,H,-,B,D,0,,,,,Y,,D,22,1,0,1,0,0,0,0,0,0,"- ","- ",37.204139709472656,-119.72013092041016,MADERA,UNINCORPORATED,-119.72012329101562,37.204132080078125
91263201,2020,2020-07-03,9450,2020-06-23,0607,017868,,2,1,9,2000,0,1,3,,1,013,"STATE ROUTE 152","COUNTY ROAD 9",0.00,,Y,A,-,Y,,,152,,,,,,,Y,2,0,1,2,A,-,12,22450,A,N,D,C,A,A,H,-,A,A,0,,,,Y,Y,,A,01,1,0,0,0,0,0,0,0,0,"- ","- ",37.083480834960938,-120.38275909423828,MADERA,UNINCORPORATED,-120.38275909423828,37.083488464355469
91267850,2020,2020-09-30,9450,2020-05-12,1520,020882,,2,2,9,2000,0,1,3,,2,031,"STATE ROUTE 99 NORTHBOUND","AVENUE 9",5280.00,N,N,A,-,Y,,,99,,,,,,N,Y,1,1,0,1,C,-,18,,,N,F,A,A,A,H,-,A,D,0,,,Y,,Y,,-,"- ",0,0,0,0,0,0,0,1,0,"- ","- ",36.891719818115234,-119.98750305175781,MADERA,UNINCORPORATED,-119.98753356933594,36.891685485839844
91272708,2020,2020-07-22,9456,2020-07-16,1615,017677,,4,2,9,2000,0,3,5,,2,050,"COUNTY ROAD 222","COUNTY ROAD 225",100.00,S,N,A,-,N,,,,,,,,,,N,2,0,1,1,A,-,08,22107,,N,F,A,A,A,H,-,A,D,0,,,Y,,Y,,C,02,1,0,0,0,0,0,0,0,1,"- ","- ",37.228931427001953,-119.50987243652344,MADERA,UNINCORPORATED,-119.50976,37.229031999999997
91273134,2020,2020-07-23,9456,2020-07-18,1910,019856,,6,2,9,2000,0,1,3,,1,051,"STATE ROUTE 41","SERPA CANYON ROAD",470.00,S,N,A,-,Y,,,41,,,,,,,Y,2,0,1,2,A,-,03,22350,,N,C,C,A,A,H,-,A,D,0,,,Y,,Y,,C,02,1,0,0,0,0,0,0,0,1,"- ","- ",37.279998779296875,-119.66860961914062,MADERA,UNINCORPORATED,-119.668701171875,37.279994964599609
91275180,2020,2020-07-27,9456,2020-07-21,1545,019856,,2,2,9,2000,0,1,3,,1,051,"STATE ROUTE 41","COUNTY ROAD 417",485.00,S,N,A,-,Y,,,41,,,,,,,Y,2,0,1,2,A,-,03,22350,,N,C,C,A,A,H,-,A,D,0,,,Y,,Y,,C,02,1,0,0,0,0,0,0,0,1,"- ","- ",37.217350006103516,-119.70790863037109,MADERA,UNINCORPORATED,-119.70793151855469,37.217350006103516
91281276,2020,2020-08-05,9456,2020-07-25,0852,020944,,6,1,9,2000,0,3,5,,2,050,"COUNTY ROAD 425B","CINDER LN",295.00,S,N,A,-,N,,,,,,,,,,Y,2,0,1,1,A,-,01,23152,A,N,E,I,A,A,H,-,A,D,0,,,,,Y,Y,D,22,1,0,0,0,0,0,0,0,0,"- ","- ",37.325080871582031,-119.65023803710938,MADERA,UNINCORPORATED,-119.65032196044922,37.325092315673828
91286150,2020,2020-08-14,9456,2020-06-14,1420,020944,,7,2,9,2000,0,3,5,,2,050,"COUNTY ROAD 222","COUNTY ROAD 200",300.00,N,N,A,-,N,,,,,,,,,,Y,1,1,0,1,A,-,08,22107,,N,F,I,A,A,H,-,A,D,0,,,Y,,Y,,C,02,0,0,0,0,0,0,0,1,0,"- ","- ",37.220001220703125,-119.50794982910156,MADERA,UNINCORPORATED,-119.508183,37.219906000000002
91286258,2020,2020-08-14,9456,2020-04-27,0903,020993,,1,1,9,2000,0,1,3,,1,051,SR-41,"COUNTY ROAD 420",600.00,S,N,A,-,Y,,,41,,,,,,,Y,1,1,1,2,C,-,18,,,N,D,C,A,A,H,-,A,D,0,,,,,Y,,-,"- ",0,0,1,0,0,0,0,0,0,"- ","- ",37.291900634765625,-119.64811706542969,MADERA,UNINCORPORATED,-119.64804077148438,37.291885375976562
91292815,2020,2020-08-26,9450,2020-08-21,1930,021202,,5,2,9,2000,0,3,5,,2,020,"AVENUE 21","COUNTY ROAD 30 1/2",1030.00,E,N,A,-,N,,,,,,,,,,Y,2,0,1,1,A,-,01,23152,A,N,F,A,A,A,H,-,B,D,0,,,,,Y,Y,D,22,1,0,0,0,0,0,0,0,0,"- ","- ",37.054008483886719,-119.9901123046875,MADERA,UNINCORPORATED,-119.9892578125,37.054267883300781
91309322,2020,2020-09-22,9456,2020-09-13,1820,019856,,7,2,9,2000,0,3,5,,2,050,"ROAD 415 (44900 BLOCK)","TRABUCO ROAD",266.00,W,N,A,-,N,,,,,,,,,,Y,2,0,1,1,A,-,01,23152,A,N,E,I,A,A,H,-,A,D,0,,,,,Y,Y,A,07,1,0,0,0,0,0,0,0,0,"- ","- ",37.250099182128906,-119.72611999511719,MADERA,UNINCORPORATED,,
91314724,2020,2020-09-30,9450,2020-09-19,2054,018551,,6,2,9,2000,0,3,5,,2,030,"COUNTY ROAD 32","AVENUE 8",243.00,N,N,A,-,N,,,,,,,,,,Y,2,0,3,1,A,-,08,22107,,F,E,I,A,A,H,-,D,D,0,,,,,Y,,D,22,1,0,2,0,0,0,0,0,0,"- ","- ",36.866451263427734,-119.96504211425781,MADERA,UNINCORPORATED,-119.96504974365234,36.866436004638672
91317389,2020,2020-10-05,9450,2020-09-25,0025,021202,,5,3,4,2002,0,1,3,,2,031,"STATE ROUTE 99 SOUTHBOUND","CLEVELAND AVENUE",50.00,N,N,A,-,Y,,,99,,,,,,S,Y,2,0,3,3,A,-,03,22350,,N,C,C,A,A,D,-,C,A,0,,,,Y,Y,,G,25,1,1,1,0,0,0,0,0,0,"- ","- ",36.974788665771484,-120.07672882080078,MADERA,MADERA,-120.07672119140625,36.974800109863281
91318129,2020,2020-10-06,9450,2020-10-04,1922,018612,,7,2,9,2000,0,3,5,,2,010,"AVENUE 15 1/2","COUNTY ROAD 23",0.00,,Y,A,-,N,,,,,,,,,,Y,2,0,3,2,A,-,01,23152,A,N,D,C,A,A,H,-,D,D,0,,,,,Y,Y,A,01,1,1,1,0,0,0,0,0,0,"- ","- ",36.974620819091797,-120.12850952148438,MADERA,UNINCORPORATED,-120.12851715087891,36.974658966064453
91320384,2020,2020-10-08,9450,2020-10-01,2040,020882,,4,2,9,2000,0,2,4,,2,035,"AVENUE 12","COUNTY ROAD 16",0.00,,Y,A,-,N,,,,,,,,,,Y,2,0,1,1,A,-,12,22450,A,N,F,A,A,A,H,-,D,A,0,,,,Y,Y,,G,25,1,0,0,0,0,0,0,0,0,"- ","- ",36.923431396484375,-120.25554656982422,MADERA,UNINCORPORATED,-120.25544738769531,36.923511505126953
91320468,2020,2020-10-08,9450,2020-08-06,0426,019604,,4,3,9,2000,0,1,3,,1,043,"STATE ROUTE 41","COUNTY ROAD 406",2640.00,N,N,A,-,Y,,,41,,,,,,,Y,1,1,1,2,A,-,01,23152,F,N,F,C,A,A,H,-,D,D,0,,,,,Y,,A,07,1,0,0,0,0,0,0,0,0,"- ","- ",37.099899291992188,-119.74722290039062,MADERA,UNINCORPORATED,-119.74723052978516,37.099910736083984
91326446,2020,2020-10-19,9450,2020-10-11,1728,021270,,7,2,9,2000,0,1,3,,1,041,"STATE ROUTE 145","ISLAND DRIVE",50.00,W,N,A,-,Y,,,145,,,,,,,Y,2,0,2,4,A,-,03,22350,,N,C,C,A,A,H,-,A,D,0,,,,,Y,,A,01,2,0,0,0,0,0,0,0,0,"- ","- ",36.994499206542969,-120.00099945068359,MADERA,UNINCORPORATED,-120.00099945068359,36.994503021240234