CASE_ID,ACCIDENT_YEAR,PROC_DATE,JURIS,COLLISION_DATE,COLLISION_TIME,OFFICER_ID,REPORTING_DISTRICT,DAY_OF_WEEK,CHP_SHIFT,POPULATION,CNTY_CITY_LOC,SPECIAL_COND,BEAT_TYPE,CHP_BEAT_TYPE,CITY_DIVISION_LAPD,CHP_BEAT_CLASS,BEAT_NUMBER,PRIMARY_RD,SECONDARY_RD,DISTANCE,DIRECTION,INTERSECTION,WEATHER_1,WEATHER_2,STATE_HWY_IND,CALTRANS_COUNTY,CALTRANS_DISTRICT,STATE_ROUTE,ROUTE_SUFFIX,POSTMILE_PREFIX,POSTMILE,LOCATION_TYPE,RAMP_INTERSECTION,SIDE_OF_HWY,TOW_AWAY,COLLISION_SEVERITY,NUMBER_KILLED,NUMBER_INJURED,PARTY_COUNT,PRIMARY_COLL_FACTOR,PCF_CODE_OF_VIOL,PCF_VIOL_CATEGORY,PCF_VIOLATION,PCF_VIOL_SUBSECTION,HIT_AND_RUN,TYPE_OF_COLLISION,MVIW,PED_ACTION,ROAD_SURFACE,ROAD_COND_1,ROAD_COND_2,LIGHTING,CONTROL_DEVICE,CHP_ROAD_TYPE,PEDESTRIAN_ACCIDENT,BICYCLE_ACCIDENT,MOTORCYCLE_ACCIDENT,TRUCK_ACCIDENT,NOT_PRIVATE_PROPERTY,ALCOHOL_INVOLVED,STWD_VEHTYPE_AT_FAULT,CHP_VEHTYPE_AT_FAULT,COUNT_SEVERE_INJ,COUNT_VISIBLE_INJ,COUNT_COMPLAINT_PAIN,COUNT_PED_KILLED,COUNT_PED_INJURED,COUNT_BICYCLIST_KILLED,COUNT_BICYCLIST_INJURED,COUNT_MC_KILLED,COUNT_MC_INJURED,PRIMARY_RAMP,SECONDARY_RAMP,LATITUDE,LONGITUDE,COUNTY,CITY,POINT_X,POINT_Y
91327666,2020,2020-10-20,9456,2020-10-12,0800,017677,,1,1,9,2000,0,3,5,,2,050,"AMBER LANE","COUNTY ROAD 225",603.00,W,N,A,-,N,,,,,,,,,,N,2,0,1,2,A,-,09,21804,A,N,D,C,A,A,H,-,A,D,0,,,Y,,Y,,C,02,1,0,0,0,0,0,0,0,1,"- ","- ",37.230381011962891,-119.50804901123047,MADERA,UNINCORPORATED,,
91332480,2020,2020-10-27,9450,2020-04-12,2235,019604,,7,3,9,2000,0,3,5,,2,020,"COUNTY ROAD 26","HALEY WAY",197.00,N,N,A,-,N,,,,,,,,,,N,1,1,0,2,C,-,18,,,F,G,B,E,A,H,-,D,D,0,Y,,,,Y,,-,"- ",0,0,0,1,0,0,0,0,0,"- ","- ",37.001468658447266,-120.07427215576172,MADERA,UNINCORPORATED,-120.07428741455078,37.001750946044922
91333451,2020,2020-10-28,9450,2020-10-17,1000,017827,,6,1,4,2002,0,1,3,,2,031,"SR-99 (S/B)","6TH ST.",145.00,N,N,A,-,Y,,,99,,,,,,,Y,2,0,3,4,A,-,03,22350,,N,C,C,A,A,A,-,A,D,0,,,,,Y,,A,07,3,0,0,0,0,0,0,0,0,"- ","- ",36.959079742431641,-120.06233215332031,MADERA,MADERA,-120.06240081787109,36.959007263183594
91336225,2020,2020-11-20,9456,2020-10-29,0710,020635,,4,1,9,2000,0,1,3,,1,051,SR-41,"MECCA LN",1440.00,N,N,A,-,Y,,,41,,,,,,,Y,2,0,3,4,A,-,01,23152,A,F,A,C,A,A,H,-,B,D,0,,,,,Y,,A,01,1,0,2,0,0,0,0,0,0,"- ","- ",37.192600250244141,-119.72241973876953,MADERA,UNINCORPORATED,-119.72238159179688,37.192562103271484
91337162,2020,2020-11-02,9450,2020-10-26,1156,017827,,1,1,9,2000,0,3,5,,2,020,"COUNTY ROAD 26","CLUB DR.",550.00,S,N,A,-,N,,,,,,,,,,Y,2,0,1,2,A,-,09,21801,A,N,D,C,A,A,H,-,A,D,0,,,,,Y,,D,22,1,0,0,0,0,0,0,0,0,"- ","- ",37.023159027099609,-120.07444763183594,MADERA,UNINCORPORATED,-120.07439422607422,37.023189544677734
91340772,2020,2020-11-06,9450,2020-10-31,1548,021270,,6,2,9,2000,0,3,5,,2,010,"STATE ROUTE 233","AVENUE 22 1/2",28.00,N,N,A,-,Y,,,,,,,,,,Y,2,0,1,1,A,-,03,22350,,N,F,I,A,A,G,-,A,D,0,,,Y,,Y,,C,02,1,0,0,0,0,0,0,0,1,"- ","- ",37.076290130615234,-120.30354309082031,MADERA,UNINCORPORATED,,
91351058,2020,2020-11-23,9456,2020-11-13,2033,020944,,5,2,9,2000,0,3,5,,2,050,"COUNTY ROAD 274","NORTH FORK WILLOW CREEK",164.00,W,N,C,-,Y,,,,,,,,,,Y,2,0,1,1,A,-,01,23152,A,N,E,I,A,B,H,-,D,D,0,,,,,Y,Y,A,01,1,0,0,0,0,0,0,0,0,"- ","- ",37.333759307861328,-119.56957244873047,MADERA,UNINCORPORATED,,
91355758,2020,2020-11-30,9450,2020-11-19,0130,021270,,4,3,9,2000,0,3,5,,2,020,"MELBA DRIVE","LARWOOD DRIVE",173.00,W,N,A,-,N,,,,,,,,,,Y,2,0,1,3,A,-,01,23152,A,N,E,I,A,A,H,-,D,D,0,,,,,Y,Y,A,01,1,0,0,0,0,0,0,0,0,"- ","- ",37.002399444580078,-120.09783935546875,MADERA,UNINCORPORATED,-120.09762573242188,37.002643585205078
9135708,2020,2020-09-16,2002,2020-07-16,0646,3651,,4,5,4,2002,0,0,0,,0,001,"SUNRISE AV","ADELAIDE AV",179.00,W,N,A,-,N,,,,,,,,,,Y,2,0,1,1,-,-,"- ",,,N,E,I,A,A,H,-,A,D,0,,,,,Y,,-,"- ",1,0,0,0,0,0,0,0,0,"- ","- ",,,MADERA,MADERA,-120.04328155517578,36.95989990234375
91364616,2020,2020-12-11,9456,2020-10-24,1115,020635,,6,1,9,2000,0,1,3,,1,051,SR-41,"YOSEMITE SPRINGS PKWY",2165.00,N,N,A,-,Y,,,41,,,,,,,Y,1,1,0,1,A,-,08,22107,,N,F,I,A,A,H,-,A,D,0,,,Y,,Y,,C,02,0,0,0,0,0,0,0,1,0,"- ","- ",37.159450531005859,-119.72824859619141,MADERA,UNINCORPORATED,-119.72827911376953,37.159469604492188
91368438,2020,2020-12-16,9450,2020-12-12,0430,020759,,6,3,9,2000,0,1,3,,1,043,SR-41,"COUNTY ROAD 406",2746.00,S,N,C,-,Y,,,41,,,,,,,Y,2,0,1,1,A,-,08,22107,,N,E,I,A,B,H,-,D,D,0,,,,,Y,,A,07,1,0,0,0,0,0,0,0,0,"- ","- ",37.087310791015625,-119.75554656982422,MADERA,UNINCORPORATED,-119.75556182861328,37.087314605712891
91373442,2020,2020-12-22,9450,2020-12-06,0255,016950,,7,3,4,2002,0,1,3,,2,011,"STATE ROUT 99 SOUTHBOUND","AVENUE 17",1000.00,S,N,A,-,Y,,,,,,,,,,Y,2,0,1,1,A,-,01,23152,F,N,F,A,A,A,D,-,C,D,0,,,,,Y,,A,01,1,0,0,0,0,0,0,0,0,"- ","- ",36.993179321289062,-120.09764099121094,MADERA,MADERA,,
91374115,2020,2020-12-23,9450,2020-12-17,0635,017032,,4,1,9,2000,0,2,4,,2,038,"AVENUE 7 EASTBOUND","COUNTY ROAD 26",276.00,E,N,B,C,N,,,,,,,,,,Y,2,0,4,2,A,-,03,22350,,N,C,C,A,B,H,-,D,D,0,,,,,Y,,D,22,2,0,2,0,0,0,0,0,0,"- ","- ",36.851280212402344,-120.07308959960938,MADERA,UNINCORPORATED,-120.07305908203125,36.851322174072266
91391458,2021,2021-01-20,9450,2021-01-17,1135,016938,,7,1,9,2000,0,3,5,,2,040,"COUNTY ROAD 400","COUNTY ROAD 33",15840.00,N,N,A,-,N,,,,,,,,,,Y,2,0,1,1,A,-,03,22350,,N,F,A,A,A,H,-,A,D,0,,,Y,,Y,,C,02,1,0,0,0,0,0,0,0,1,"- ","- ",37.058670043945312,-119.90972900390625,MADERA,UNINCORPORATED,-119.91146850585938,37.055492401123047
91394935,2020,2021-01-27,9450,2020-09-19,1757,020882,,6,2,4,2002,0,1,3,,2,011,"STATE ROUTE 99 NORTHBOUND","AVENUE 17",1600.00,S,N,A,-,Y,,,99,,,,,,N,Y,1,1,0,2,A,-,01,23152,A,N,E,I,A,A,H,-,A,D,0,,,,,Y,Y,A,07,0,0,0,0,0,0,0,0,0,"- ","- ",36.993671417236328,-120.09768676757812,MADERA,MADERA,-120.09768676757812,36.993679046630859
91404095,2021,2021-02-08,9455,2021-02-02,1300,016876,,2,1,9,2000,0,1,3,,1,002,SR-140,BRIECEBURG,3168.00,W,N,B,-,Y,,,,,,,,,,Y,2,0,1,2,A,-,08,22107,,N,B,C,A,A,H,-,A,D,0,,,Y,,Y,,C,02,1,0,0,0,0,0,0,0,1,"- ","- ",37.598701477050781,-119.95909881591797,MADERA,UNINCORPORATED,,
91409889,2021,2021-02-17,9450,2021-02-07,0420,019105,,7,3,9,2000,0,1,3,,2,012,"SR-99 N/B",SR-152,408.00,N,N,A,-,Y,,,99,,,,,,N,Y,2,0,2,1,A,-,08,22107,,N,E,I,A,A,H,-,C,D,0,,,,,Y,,D,22,2,0,0,0,0,0,0,0,0,"- ","- ",37.08489990234375,-120.21009063720703,MADERA,UNINCORPORATED,-120.21002960205078,37.085006713867188
91413946,2021,2021-02-23,9450,2021-02-15,1035,016946,,1,1,9,2000,0,1,3,,2,011,"STATE ROUTE 99 NORTHBOUND","AVENUE 18 1/2",938.00,N,N,B,-,Y,,,99,,,,,,N,N,2,0,1,3,A,-,07,21658,A,N,C,C,A,A,H,-,A,D,0,,,Y,,Y,,A,01,1,0,0,0,0,0,0,0,1,"- ","- ",37.020389556884766,-120.13081359863281,MADERA,UNINCORPORATED,-120.13078308105469,37.020412445068359
9141937,2020,2020-10-01,2002,2020-08-04,1154,4612,,2,5,4,2002,0,0,0,,0,004,"MADERA AV S","WALNUT ST",0.00,,Y,A,-,Y,MAD,6,145,-,-,8.814,I,5,S,Y,2,0,2,2,A,-,09,21802,,N,D,C,A,A,H,-,A,A,0,,,,,Y,,A,01,1,1,0,0,0,0,0,0,0,"- ","- ",,,MADERA,MADERA,-120.05604553222656,36.949211120605469
91423738,2021,2021-03-09,9456,2021-02-28,1615,021130,,7,2,9,2000,0,1,3,,1,052,"SR-41 S/B","CEDAR VALLEY DR",4224.00,N,N,A,-,Y,,,41,,,,,,S,Y,2,0,1,1,A,-,01,23152,A,N,E,I,A,A,H,-,A,D,0,,,,,Y,Y,A,01,1,0,0,0,0,0,0,0,0,"- ","- ",37.401210784912109,-119.63105773925781,MADERA,UNINCORPORATED,-119.63106536865234,37.401210784912109
91423763,2021,2021-03-09,9456,2021-03-01,1054,020944,,1,1,9,2000,0,3,5,,2,050,"EASTWOOD DRIVE NORTH","PAMELA PLACE",670.00,E,N,A,-,N,,,,,,,,,,Y,2,0,1,1,A,-,01,23152,A,N,E,J,A,A,H,-,A,D,0,,,,,Y,Y,D,22,1,0,0,0,0,0,0,0,0,"- ","- ",37.351680755615234,-119.70439910888672,MADERA,UNINCORPORATED,-119.70458221435547,37.351421356201172
91424999,2021,2021-04-19,9450,2021-03-01,1630,018075,,1,2,9,2000,0,3,5,,2,040,"COUNTY ROAD 35","AVENUE 14 1/2",374.00,S,N,A,-,N,,,,,,,,,,Y,2,0,1,1,A,-,05,21460,A,N,F,A,A,A,H,-,A,D,0,,,Y,,Y,,C,02,1,0,0,0,0,0,0,0,1,"- ","- ",36.958278656005859,-119.91191864013672,MADERA,UNINCORPORATED,-119.91201019287109,36.958301544189453
91425451,2020,2021-03-11,9450,2020-11-03,0517,016950,,2,3,9,2000,0,1,3,,1,041,"STATE ROUTE 145","COUNTY ROAD 33",1500.00,E,N,A,-,Y,,,145,,,,,,,Y,1,1,3,1,A,-,08,22107,,N,F,A,A,A,H,-,D,D,0,,,,,Y,,A,07,1,1,1,0,0,0,0,0,0,"- ","- ",37.010181427001953,-119.93905639648438,MADERA,UNINCORPORATED,-119.93905639648438,37.010147094726562
91428874,2021,2021-03-17,9450,2021-03-09,1825,018551,,2,2,9,2000,0,1,3,,1,041,SR-145,"AVENUE 15 1/2",1641.00,E,N,A,-,Y,,,145,,,,,,,Y,2,0,2,2,A,-,08,22107,,N,A,C,A,A,H,-,D,D,0,,,,,Y,,A,01,1,0,1,0,0,0,0,0,0,"- ","- ",36.977180480957031,-120.03666687011719,MADERA,UNINCORPORATED,-120.03667449951172,36.977188110351562
91430494,2021,2021-03-18,9450,2021-03-08,1608,019105,,1,2,9,2000,0,1,3,,1,041,"STATE ROUTE 145","COUNTY ROAD 33",2640.00,E,N,A,-,Y,,,145,,,,,,,Y,2,0,1,1,A,-,01,23152,F,N,E,I,A,A,H,-,A,D,0,,,,,Y,,A,01,1,0,0,0,0,0,0,0,0,"- ","- ",37.0101318359375,-119.93604278564453,MADERA,UNINCORPORATED,-119.93604278564453,37.010154724121094
91437397,2021,2021-03-29,9450,2021-03-24,1914,018612,,3,2,9,2000,0,3,5,,2,020,"FLORENCE WAY","REGAL DR.",20.00,W,N,A,-,N,,,,,,,,,,N,2,0,1,1,A,-,03,22350,,N,E,I,A,A,H,-,B,D,0,,,Y,,Y,,C,02,1,0,0,0,0,0,0,0,1,"- ","- ",37.0023193359375,-120.07202911376953,MADERA,UNINCORPORATED,-120.07186889648438,37.002208709716797
91441263,2020,2021-04-01,9450,2020-11-14,2500,016946,,6,4,9,2000,0,3,5,,2,030,"FIREBAUGH BOULEVARD","COUNTY ROAD 16",2376.00,W,N,A,-,N,,,,,,,,,,N,1,1,0,2,A,-,03,22350,,F,G,B,E,A,H,-,D,D,0,Y,,,,Y,,-,99,0,0,0,1,0,0,0,0,0,"- ","- ",36.918899536132812,-120.26136779785156,MADERA,UNINCORPORATED,-120.26123809814453,36.918956756591797
91449479,2020,2021-04-13,9450,2020-11-20,0005,021270,,5,3,9,2000,0,1,3,,2,031,"STATE ROUTE 99 (NORTHBOUND)","AVENUE 7",1056.00,N,N,A,-,Y,,,99,,,,,,,Y,1,1,0,5,A,-,01,23152,A,N,B,C,A,A,H,-,D,D,0,,,,Y,Y,Y,A,01,0,0,0,0,0,0,0,0,0,"- ","- ",36.853801727294922,-119.94869232177734,MADERA,UNINCORPORATED,-119.94868469238281,36.853805541992188
91450725,2020,2021-04-14,9456,2020-11-28,2125,021130,,6,2,9,2000,0,3,5,,2,050,"COUNTY ROAD 426","MEADOWVIEW DR",330.00,N,N,A,-,N,,,,,,,,,,Y,1,1,1,1,A,-,01,23152,A,N,E,I,A,A,H,-,D,D,0,,,,,Y,Y,D,22,1,0,0,0,0,0,0,0,0,"- ","- ",37.313949584960938,-119.63162231445312,MADERA,UNINCORPORATED,-119.63179779052734,37.314174652099609
91458697,2021,2021-04-26,9450,2021-04-15,1655,018075,,4,2,9,2000,0,1,3,,1,043,"STATE ROUTE 41","COUNTY ROAD 406",45.00,S,N,A,-,Y,,,41,,,,,,,Y,2,0,1,2,A,-,03,22350,,N,B,D,A,A,H,-,A,D,0,,,Y,,Y,,C,02,1,0,0,0,0,0,0,0,1,"- ","- ",37.094470977783203,-119.75257873535156,MADERA,UNINCORPORATED,-119.75260162353516,37.094490051269531
91460807,2021,2021-05-03,9450,2021-04-18,1918,019105,,7,2,9,2000,0,3,5,,2,020,"COUNTY ROAD 26","AVENUE 20 1/2",1815.00,S,N,A,-,N,,,,,,,,,,N,2,0,3,1,A,-,01,23152,A,N,E,I,A,A,H,-,A,D,0,,,,,Y,Y,A,01,1,1,1,0,0,0,0,0,0,"- ","- ",37.042411804199219,-120.07451629638672,MADERA,UNINCORPORATED,-120.07447052001953,37.042217254638672
91461107,2021,2021-04-29,9450,2021-04-25,0200,020759,,7,3,4,2002,0,1,3,,2,031,"SR-99 N/B","4TH STREET",3115.00,N,N,A,-,Y,,,99,,,,,,N,Y,2,0,2,1,A,-,01,23152,A,N,E,I,A,A,D,-,D,D,0,,,,,Y,Y,D,22,1,1,0,0,0,0,0,0,0,"- ","- ",36.968631744384766,-120.07115173339844,MADERA,MADERA,-120.07106781005859,36.968669891357422
91470050,2021,2021-05-11,9450,2021-04-29,1550,018075,,4,2,9,2000,0,1,3,,1,042,"STATE ROUTE 41","AVENUE 12",5280.00,N,N,A,-,Y,,,41,,,,,,,Y,2,0,3,2,A,-,09,21801,A,N,D,C,A,A,H,-,A,D,0,,,,,Y,,A,01,1,1,1,0,0,0,0,0,0,"- ","- ",36.937728881835938,-119.79395294189453,MADERA,UNINCORPORATED,-119.79396820068359,36.937728881835938
91482438,2021,2021-05-27,9450,2021-05-15,0900,017827,,6,1,9,2000,0,1,3,,2,014,SR-233,"CAMELLIA CT.",4.00,S,N,A,-,N,,,233,,,,,,,Y,2,0,1,2,A,-,05,21752,D,N,B,C,A,A,H,-,A,D,0,,,,,Y,,A,08,1,0,0,0,0,0,0,0,0,"- ","- ",37.102039337158203,-120.28159332275391,MADERA,UNINCORPORATED,-120.28156280517578,37.102020263671875
91486304,2021,2021-06-01,9456,2021-05-23,2110,021555,,7,2,9,2000,0,1,3,,1,052,"STATE ROUTE 41","COUNTY ROAD 222",340.00,S,N,A,-,Y,,,,,,,,,,Y,2,0,1,1,A,-,08,22107,,N,E,I,A,A,H,-,C,D,0,,,Y,,Y,,C,02,1,0,0,0,0,0,0,0,1,"- ","- ",37.215950012207031,-119.37507629394531,MADERA,UNINCORPORATED,-119.6307373046875,37.366157531738281
91511454,2021,2021-10-05,9450,2021-06-22,2041,021188,,2,2,9,2000,0,1,3,,2,012,"SR-99 S/B (GOLDEN STATE HIGHWAY)","CHOWCHILLA RIVER",528.00,S,N,A,-,Y,,,99,,,,,,S,Y,2,0,1,1,A,-,01,23152,A,N,E,I,A,A,H,-,B,D,0,,,,,Y,Y,A,01,1,0,0,0,0,0,0,0,0,"- ","- ",37.150459289550781,-120.28839111328125,MADERA,UNINCORPORATED,-120.288330078125,37.150527954101562
91512329,2021,2021-07-02,9450,2021-06-22,1355,018551,,2,1,9,2000,0,3,5,,2,030,"AVENUE 14","COUNTY ROAD 19",0.00,,Y,A,-,N,,,,,,,,,,Y,2,0,1,2,A,-,09,21802,A,N,D,C,A,A,H,-,A,A,0,,,,Y,Y,,A,07,1,0,0,0,0,0,0,0,0,"- ","- ",36.952728271484375,-120.20221710205078,MADERA,UNINCORPORATED,-120.20194244384766,36.952720642089844
91515193,2021,2021-07-07,9450,2021-06-26,2020,021270,,6,2,9,2000,0,3,5,,2,010,"AVENUE 21","COUNTY ROAD 11",90.00,W,N,A,-,N,,,,,,,,,,Y,2,0,2,1,A,-,08,22107,,N,F,A,A,A,H,-,B,D,0,,,,,Y,,A,07,1,1,0,0,0,0,0,0,0,"- ","- ",37.0543212890625,-120.34732055664062,MADERA,UNINCORPORATED,-120.34710693359375,37.054359436035156
91515464,2021,2021-07-08,9450,2021-06-29,1536,018075,,2,2,9,2000,0,2,4,,2,045,"AVENUE 12","RIVERWALK BOULEVARD",0.00,,Y,A,-,N,,,,,,,,,,Y,2,0,2,2,A,-,09,21802,A,N,D,C,A,A,H,-,A,A,0,,,,,Y,,A,07,1,1,0,0,0,0,0,0,0,"- ","- ",36.923179626464844,-119.79936218261719,MADERA,UNINCORPORATED,-119.799331,36.923205000000003
91518132,2021,2021-07-12,9450,2021-07-01,1510,018075,,4,2,9,2000,0,3,5,,2,040,"COUNTY ROAD 36","AVENUE 13 1/4",0.00,,Y,A,-,N,,,,,,,,,,Y,2,0,1,2,A,-,09,21802,A,N,D,C,A,A,H,-,A,A,0,,,,,Y,,D,22,1,0,0,0,0,0,0,0,0,"- ","- ",36.941051483154297,-119.89408874511719,MADERA,UNINCORPORATED,-119.89408874511719,36.941005706787109
91526842,2021,2021-07-22,9456,2021-07-10,1700,019856,,6,2,9,2000,0,1,3,,1,051,"STATE ROUTE 41","STATE ROUTE 49",315.00,S,N,A,-,Y,,,41,,,,,,,Y,2,0,1,2,A,-,01,23152,A,N,D,C,A,A,H,-,A,D,0,,,Y,,Y,Y,C,02,1,0,0,0,0,0,0,0,1,"- ","- ",37.330310821533203,-119.65643310546875,MADERA,UNINCORPORATED,-119.65640258789062,37.330284118652344
9152839,2020,2020-10-24,2002,2020-08-14,0500,4497,,5,5,4,2002,0,0,0,,0,003,"CLEVELAND AV W","ASPEN LN",131.00,W,N,A,-,N,,,,,,,,,,Y,2,0,1,1,A,-,03,22350,,N,E,I,A,A,H,-,C,A,0,,,,,Y,,D,22,1,0,0,0,0,0,0,0,0,"- ","- ",,,MADERA,MADERA,-120.08818817138672,36.974636077880859
91530102,2021,2021-07-27,9450,2021-07-18,1045,017032,,7,1,9,2000,0,2,4,,2,035,"AVENUE 12","COUNTY ROAD 19",0.00,,Y,A,-,N,,,,,,,,,,Y,2,0,3,2,A,-,05,21752,D,N,D,C,A,A,H,-,A,A,0,,,,,Y,,D,22,1,0,2,0,0,0,0,0,0,"- ","- ",36.923721313476562,-120.20140075683594,MADERA,UNINCORPORATED,-120.20135498046875,36.923725128173828
91535134,2021,2021-08-02,9450,2021-03-04,0155,021188,,4,3,4,2002,0,1,3,,2,011,"SR-99 S/B (GOLDEN STATE HIGHWAY","AVENUE 16",5.00,N,N,A,-,Y,,,99,,,,,,S,N,1,1,0,2,A,-,11,21954,A,F,G,B,E,A,D,H,D,D,0,Y,,,,Y,,N,60,0,0,0,1,0,0,0,0,0,"- ","- ",36.981319427490234,-120.08406066894531,MADERA,MADERA,-120.08403015136719,36.981342315673828
91537437,2021,2021-08-05,9450,2021-07-27,1552,021270,,2,2,9,2000,0,1,3,,1,041,"STATE ROUTE 145","ISLAND DRIVE",647.00,W,N,A,-,Y,,,145,,,,,,,Y,2,0,1,1,A,-,01,23152,A,N,E,I,A,A,H,-,A,D,0,,,,,Y,Y,A,07,1,0,0,0,0,0,0,0,0,"- ","- ",36.993400573730469,-120.00395202636719,MADERA,UNINCORPORATED,-120.00399780273438,36.993511199951172
91549712,2021,2021-08-19,9456,2021-08-11,2055,020635,,3,2,9,2000,0,1,3,,1,051,SR-41,"COUNTY ROAD 425B",1500.00,N,N,A,-,Y,,,41,,,,,,,N,2,0,1,1,A,-,08,22107,,N,F,I,A,A,H,-,A,D,0,,,,,Y,,A,01,1,0,0,0,0,0,0,0,0,"- ","- ",37.30419921875,-119.6505126953125,MADERA,UNINCORPORATED,-119.65053558349609,37.304180145263672
91554827,2021,2021-08-26,9450,2021-08-07,0520,019385,,6,3,9,2000,0,1,3,,2,011,"STATE ROUTE 99 NORTHBOUND","AVE 20 1/2",1056.00,S,N,A,-,Y,,,99,,,,,,N,Y,2,0,1,1,A,-,01,23152,A,N,E,A,A,A,H,-,D,D,0,,,,,Y,Y,A,08,1,0,0,0,0,0,0,0,0,"- ","- ",37.034751892089844,-120.14768218994141,MADERA,UNINCORPORATED,-120.14768981933594,37.034740447998047
91555503,2021,2021-09-02,9450,2021-08-20,1429,021270,,5,2,9,2000,0,1,3,,2,011,"SR-99 S/B TO AVENUE 18 1/2","AVENUE 18 1/2",0.00,,Y,A,-,Y,,,99,,,,R,,S,Y,2,0,1,2,A,-,09,21802,A,N,D,C,A,A,H,-,A,A,0,,,,,Y,,A,07,1,0,0,0,0,0,0,0,0,"- ","- ",37.018241882324219,-120.13117980957031,MADERA,UNINCORPORATED,-120.13117980957031,37.018241882324219
91578374,2021,2021-09-23,9450,2021-07-07,1656,020882,,3,2,9,2000,0,3,5,,2,040,"AVENUE 9","COUNTY ROAD 33 1/2",1020.00,E,N,A,-,N,,,,,,,,,,Y,1,1,2,4,A,-,03,22350,,N,C,C,A,A,H,-,A,D,0,,,,,Y,,D,22,0,1,1,0,0,0,0,0,0,"- ","- ",36.88031005859375,-119.93128967285156,MADERA,UNINCORPORATED,-119.93468475341797,36.880290985107422
91580920,2021,2021-09-27,9450,2021-09-24,1405,018612,,5,2,9,2000,0,3,5,,2,010,"SR-233 (ROBERTSON BLVD)","AVENUE 22 1/2",118.00,N,N,A,-,Y,,,,,,,,,,Y,2,0,3,1,A,-,08,22107,,N,E,I,A,A,H,-,A,D,0,,,,,Y,,A,01,2,1,0,0,0,0,0,0,0,"- ","- ",37.078739166259766,-120.30133819580078,MADERA,UNINCORPORATED,,
91581513,2021,2021-09-28,9450,2021-09-16,1551,018075,,4,2,9,2000,0,2,4,,2,045,"AVENUE 12","RIVERWALK BOULEVARD",67.00,E,N,A,-,N,,,,,,,,,,Y,2,0,1,4,A,-,03,22350,,N,C,C,A,A,H,-,A,D,0,,,,,Y,,D,22,1,0,0,0,0,0,0,0,0,"- ","- ",36.923191070556641,-119.79901123046875,MADERA,UNINCORPORATED,-119.79925537109375,36.923229217529297
91583102,2021,2021-09-29,9450,2021-09-22,1725,018551,,3,2,9,2000,0,3,5,,2,020,"FAIRMEAD BLVD","ARC DRIVE",2400.00,N,N,A,-,N,,,,,,,,,,N,2,0,1,1,A,-,08,22107,,N,F,A,A,A,H,-,A,D,0,,,Y,,Y,,C,02,1,0,0,0,0,0,0,0,1,"- ","- ",37.089271545410156,-120.21259307861328,MADERA,UNINCORPORATED,-120.21305084228516,37.091075897216797
91588796,2021,2021-10-05,9450,2021-09-30,0440,021202,,4,3,9,2000,0,3,5,,2,030,"AVENUE 14","COUNTY ROAD 14",1245.00,W,N,A,-,N,,,,,,,,,,Y,2,0,1,1,A,-,08,22107,,N,E,I,A,A,H,-,D,D,0,,,,,Y,,A,01,1,0,0,0,0,0,0,0,0,"- ","- ",36.952720642089844,-120.29615783691406,MADERA,UNINCORPORATED,-120.29596710205078,36.952770233154297
91589519,2021,2021-10-06,9450,2021-04-15,1400,021202,,4,2,9,2000,0,3,5,,2,020,"ROAD 613","ROAD 800",12197.00,W,N,A,-,N,,,,,,,,,,Y,1,1,0,1,A,-,08,22107,,N,F,A,A,A,H,-,A,D,0,,,Y,,Y,,C,02,0,0,0,0,0,0,0,1,0,"- ","- ",37.262641906738281,-119.93650817871094,MADERA,UNINCORPORATED,-119.92493438720703,37.254013061523438
91594001,2021,2021-10-12,9456,2021-10-04,1120,018923,,1,1,9,2000,0,2,4,,1,053,"COUNTY ROAD 200","QUAIL CREEK ROAD",200.00,S,N,A,-,N,,,,,,,,,,Y,2,0,1,1,C,-,18,,,N,H,H,A,A,H,-,B,D,0,,,Y,,Y,,-,"- ",1,0,0,0,0,0,0,0,1,"- ","- ",37.205379486083984,-119.57141876220703,MADERA,UNINCORPORATED,-119.57148742675781,37.20526123046875
91596747,2021,2021-10-14,9450,2021-10-09,1307,021188,,6,1,9,2000,0,3,5,,2,030,"AVENUE 22 1/2","COUNTY ROAD 22",0.00,,Y,A,-,N,,,,,,,,,,Y,2,0,3,2,A,-,12,22450,A,N,D,C,A,A,H,-,A,A,0,,,,,Y,Y,A,01,1,2,0,0,0,0,0,0,0,"- ","- ",36.945610046386719,-120.11028289794922,MADERA,UNINCORPORATED,-120.14704132080078,37.069057464599609
91605703,2021,2021-10-25,9450,2021-10-13,0825,017827,,3,1,9,2000,0,1,3,,1,042,"SR-41 SOUTHBOUND","AVENUE 12",3696.00,N,N,A,-,Y,,,41,,,,,,S,N,2,0,1,2,A,-,03,22350,,N,C,C,A,A,H,-,A,D,0,,,Y,,Y,,C,02,1,0,0,0,0,0,0,0,1,"- ","- ",36.930648803710938,-119.79405212402344,MADERA,UNINCORPORATED,-119.79395294189453,36.930648803710938