CASE_ID,ACCIDENT_YEAR,PROC_DATE,JURIS,COLLISION_DATE,COLLISION_TIME,OFFICER_ID,REPORTING_DISTRICT,DAY_OF_WEEK,CHP_SHIFT,POPULATION,CNTY_CITY_LOC,SPECIAL_COND,BEAT_TYPE,CHP_BEAT_TYPE,CITY_DIVISION_LAPD,CHP_BEAT_CLASS,BEAT_NUMBER,PRIMARY_RD,SECONDARY_RD,DISTANCE,DIRECTION,INTERSECTION,WEATHER_1,WEATHER_2,STATE_HWY_IND,CALTRANS_COUNTY,CALTRANS_DISTRICT,STATE_ROUTE,ROUTE_SUFFIX,POSTMILE_PREFIX,POSTMILE,LOCATION_TYPE,RAMP_INTERSECTION,SIDE_OF_HWY,TOW_AWAY,COLLISION_SEVERITY,NUMBER_KILLED,NUMBER_INJURED,PARTY_COUNT,PRIMARY_COLL_FACTOR,PCF_CODE_OF_VIOL,PCF_VIOL_CATEGORY,PCF_VIOLATION,PCF_VIOL_SUBSECTION,HIT_AND_RUN,TYPE_OF_COLLISION,MVIW,PED_ACTION,ROAD_SURFACE,ROAD_COND_1,ROAD_COND_2,LIGHTING,CONTROL_DEVICE,CHP_ROAD_TYPE,PEDESTRIAN_ACCIDENT,BICYCLE_ACCIDENT,MOTORCYCLE_ACCIDENT,TRUCK_ACCIDENT,NOT_PRIVATE_PROPERTY,ALCOHOL_INVOLVED,STWD_VEHTYPE_AT_FAULT,CHP_VEHTYPE_AT_FAULT,COUNT_SEVERE_INJ,COUNT_VISIBLE_INJ,COUNT_COMPLAINT_PAIN,COUNT_PED_KILLED,COUNT_PED_INJURED,COUNT_BICYCLIST_KILLED,COUNT_BICYCLIST_INJURED,COUNT_MC_KILLED,COUNT_MC_INJURED,PRIMARY_RAMP,SECONDARY_RAMP,LATITUDE,LONGITUDE,COUNTY,CITY,POINT_X,POINT_Y
91618630,2021,2021-11-08,9450,2021-10-25,0542,017827,,1,3,9,2000,0,1,3,,1,037,"RAYMOND ROAD","ELLIS STREET",528.00,W,N,A,-,N,,,,,,,,,,Y,2,0,1,1,A,-,08,22107,,N,H,I,A,A,H,-,A,D,0,,,,,Y,,A,08,1,0,0,0,0,0,0,0,0,"- ","- ",36.985050201416016,-120.02921295166016,MADERA,UNINCORPORATED,-120.0286865234375,36.986598968505859
91623821,2021,2021-11-19,9450,2021-11-07,0018,021555,,7,3,9,2000,0,1,3,,1,043,"STATE ROUTE 41","JEWEL VISTA COURT",1320.00,S,N,A,-,Y,,,41,,,,,,,Y,2,0,1,1,A,-,08,22107,,N,E,I,A,A,D,-,D,D,0,,,,,Y,,A,01,1,0,0,0,0,0,0,0,0,"- ","- ",37.079288482666016,-119.75939178466797,MADERA,UNINCORPORATED,-119.75936889648438,37.079265594482422
91634269,2021,2021-11-24,9456,2021-11-13,0130,020993,,6,3,9,2000,0,1,3,,1,052,SR-41,"COUNTY ROAD 222",950.00,S,N,B,-,Y,,,41,,,,,,,Y,2,0,2,1,A,-,01,23152,A,N,E,8,A,A,H,-,D,D,0,,,,,Y,Y,A,07,2,0,0,0,0,0,0,0,0,"- ","- ",37.365310668945312,-119.63060760498047,MADERA,UNINCORPORATED,-119.63063812255859,37.365318298339844
91644188,2021,2021-12-06,9450,2021-12-04,0815,016950,,6,1,9,2000,0,3,5,,2,010,"AVENUE 18 1/2","COUNTY ROAD 19",0.00,,Y,E,-,N,,,,,,,,,,Y,2,0,2,2,A,-,01,23152,A,N,D,C,A,B,H,-,A,A,0,,,,Y,Y,Y,A,01,2,0,0,0,0,0,0,0,0,"- ","- ",37.01837158203125,-120.20237731933594,MADERA,UNINCORPORATED,-120.20234680175781,37.018360137939453
91645101,2021,2021-12-07,9450,2021-05-05,1411,018075,,3,2,9,2000,0,3,5,,2,040,"AVENUE 15","COUNTY ROAD 37",4805.00,E,N,A,-,N,,,,,,,,,,Y,1,2,0,3,A,-,08,22107,,N,B,C,A,A,H,-,A,D,0,,,,,Y,,A,01,0,0,0,0,0,0,0,0,0,"- ","- ",36.966598510742188,-119.85923767089844,MADERA,UNINCORPORATED,-119.85938262939453,36.966651916503906
91645133,2021,2021-12-07,9450,2021-06-10,0500,020253,,4,3,9,2000,0,3,5,,2,030,"AVENUE 7","COUNTY ROAD 21",0.00,,Y,A,-,N,,,,,,,,,,Y,1,1,2,2,A,-,05,21752,D,N,D,C,A,A,H,-,B,A,0,,,,,Y,,A,01,2,0,0,0,0,0,0,0,0,"- ","- ",36.851200103759766,-120.1646728515625,MADERA,UNINCORPORATED,-120.16465759277344,36.851230621337891
91652091,2021,2021-12-30,9456,2021-12-10,1748,018923,,5,2,9,2000,0,1,S,,2,001,"STATE HIGHWAY 41","HARMONY LANE",1584.00,S,N,A,-,Y,,,,,,,,,,Y,2,0,1,1,A,-,08,22107,,N,E,I,A,A,H,-,D,D,0,,,,,Y,,D,22,1,0,0,0,0,0,0,0,0,"- ","- ",37.341129302978516,-119.69245147705078,MADERA,UNINCORPORATED,,
91656095,2021,2021-12-20,9450,2021-04-22,1920,017032,,4,2,9,2000,0,3,5,,2,040,"AVENUE 9","COUNTY ROAD 38",1460.00,W,N,A,-,N,,,,,,,,,,Y,1,1,1,2,A,-,01,23152,F,N,A,C,A,A,H,-,A,D,0,,,,,Y,,A,01,1,0,0,0,0,0,0,0,0,"- ","- ",36.880420684814453,-119.86225128173828,MADERA,UNINCORPORATED,-119.86217498779297,36.880409240722656
91660537,2021,2021-12-23,9450,2021-12-15,1430,018612,,3,2,9,2000,0,3,5,,2,010,"AVENUE 18","COUNTY ROAD 23",1584.00,W,N,A,-,N,,,,,,,,,,Y,2,0,1,1,A,-,01,23152,A,N,E,I,A,A,H,-,A,D,0,,,,,Y,Y,A,01,1,0,0,0,0,0,0,0,0,"- ","- ",37.011020660400391,-120.13446807861328,MADERA,UNINCORPORATED,-120.13416290283203,37.010978698730469
91663934,2021,2021-12-28,9456,2021-12-07,2045,020944,,2,2,4,2002,0,3,5,,2,050,"COUNTY ROAD 416","COUNTY ROAD 415",0.00,,Y,A,-,N,,,,,,,,,,Y,2,0,1,1,A,-,12,22450,A,M,E,I,A,A,H,-,D,D,0,,,,,Y,,D,22,1,0,0,0,0,0,0,0,0,"- ","- ",37.232139587402344,-119.74249267578125,MADERA,MADERA,-119.74249267578125,37.232128143310547
91665536,2021,2021-12-29,9450,2021-07-07,2110,018551,,3,2,9,2000,0,1,3,,1,041,"STATE ROUTE 145","ISLAND DRIVE",0.00,,Y,A,-,Y,,,145,,,,,,,Y,1,2,1,2,A,-,09,21801,A,N,D,C,A,A,H,-,D,D,0,,,Y,,Y,,A,01,0,1,0,0,0,0,0,2,0,"- ","- ",36.994518280029297,-120.00092315673828,MADERA,UNINCORPORATED,-120.00091552734375,36.994510650634766
91669131,2021,2022-01-04,9450,2021-12-02,1230,016950,,4,1,9,2000,0,3,5,,2,010,"AVENUE 20","COUNTY ROAD 20",1350.00,W,N,A,-,N,,,,,,,,,,Y,2,0,1,2,A,-,01,23152,A,N,A,C,A,A,H,-,A,D,0,,,,Y,Y,Y,D,22,1,0,0,0,0,0,0,0,0,"- ","- ",37.040130615234375,-120.18878173828125,MADERA,UNINCORPORATED,-120.18870544433594,37.04010009765625
91697672,2022,2022-02-10,9450,2022-02-03,2037,018551,,4,2,9,2000,0,1,3,,1,037,SR-145,"AVENUE 5 1/2",2240.00,S,N,A,-,Y,MAD,,145,,R,0.077,H,,R,N,2,0,1,2,A,-,01,23152,A,N,B,C,A,A,H,-,D,D,0,,,,Y,Y,Y,A,01,1,0,0,0,0,0,0,0,0,"- ","- ",36.824329376220703,-120.05626678466797,MADERA,UNINCORPORATED,-120.05619049072266,36.824329376220703
91700604,2022,2022-02-14,9450,2022-02-03,2038,018551,,4,2,9,2000,0,1,3,,1,037,SR-145,"AVENUE 5 1/2",2290.00,S,N,A,-,Y,MAD,,145,,R,0.016,H,,R,N,2,0,3,2,A,-,03,22350,,N,C,C,A,A,H,-,D,D,0,,,,,Y,Y,A,01,1,1,1,0,0,0,0,0,0,"- ","- ",36.823371887207031,-120.05622863769531,MADERA,UNINCORPORATED,-120.05617523193359,36.823371887207031
91703656,2021,2022-02-17,9450,2021-07-26,2110,018075,,1,2,9,2000,0,3,5,,2,040,"AVENUE 15","COUNTY ROAD 29",4752.00,E,N,A,-,N,,,,,,,,,,Y,1,1,1,2,A,-,01,23152,F,N,A,C,A,A,H,-,D,D,0,,,,,Y,,A,01,1,0,0,0,0,0,0,0,0,"- ","- ",36.966941833496094,-120.00341796875,MADERA,UNINCORPORATED,-120.00333404541016,36.966964721679688
91704018,2022,2023-03-09,9450,2022-02-09,1816,019105,,3,2,9,2000,0,3,5,,2,020,"COUNTY ROAD 27","AVENUE 17",0.00,,Y,A,-,N,,,,,,,,,,Y,1,1,5,3,A,-,01,23153,F,N,D,C,A,A,H,-,B,A,0,,,,,Y,,A,01,2,0,3,0,0,0,0,0,0,"- ","- ",36.996288299560547,-120.05619812011719,MADERA,UNINCORPORATED,-120.05619049072266,36.996273040771484
91705248,2022,2022-02-21,9450,2022-02-12,1145,018612,,6,1,9,2000,0,3,5,,2,030,"AVENUE 6","COUNTY ROAD 26 1/2",430.00,W,N,A,-,N,,,,,,,,,,Y,2,0,1,1,A,-,08,22107,,N,E,J,A,A,H,-,A,D,0,,,,,Y,,A,01,1,0,0,0,0,0,0,0,0,"- ","- ",36.836719512939453,-120.06645965576172,MADERA,UNINCORPORATED,-120.06632232666016,36.836818695068359
91705910,2022,2022-02-22,9450,2022-02-12,1017,018612,,6,1,9,2000,0,3,5,,2,040,"ROAD 145 (MILLERTON ROAD)","COUNTY ROAD 211",5808.00,E,N,A,-,N,,,,,,,,,,Y,2,0,1,2,A,-,05,21460,A,N,A,G,A,A,H,-,A,D,0,,Y,,,Y,,L,04,1,0,0,0,0,0,1,0,0,"- ","- ",37.03070068359375,-119.70616149902344,MADERA,UNINCORPORATED,-119.71157073974609,37.02996826171875
91709956,2021,2022-02-25,9456,2021-08-28,2035,020993,,6,2,9,2000,0,1,3,,1,051,"STATE ROUTE 41","BLACK OAK ROAD",105.00,S,N,A,-,Y,,,41,,,,,,,Y,1,1,2,3,A,-,01,23152,F,N,A,C,A,A,H,-,D,D,0,,,,,Y,,D,22,0,0,2,0,0,0,0,0,0,"- ","- ",37.228271484375,-119.70764923095703,MADERA,UNINCORPORATED,-119.70763397216797,37.228271484375
91724006,2022,2022-03-16,9456,2022-03-09,1700,020787,,3,2,9,2000,0,2,S,,2,057,"COUNTY ROAD 415","THUNDERBIRD WAY",260.00,W,N,A,-,N,,,,,,,,,,Y,2,0,2,2,A,-,08,22107,,N,A,C,A,A,H,-,A,D,0,,,,,Y,,A,07,2,0,0,0,0,0,0,0,0,"- ","- ",37.228240966796875,-119.75540161132812,MADERA,UNINCORPORATED,-119.75514984130859,37.228176116943359
91737540,2021,2022-03-30,9450,2021-08-07,0040,020759,,6,3,9,2000,0,1,3,,2,031,"STATE ROUTE 99 NORTHBOUND","AVENUE 12",1320.00,S,N,A,-,Y,,,99,,,,,,N,Y,1,2,0,1,A,-,01,23152,G,N,E,I,A,A,H,-,C,D,0,,,,,Y,Y,A,07,0,0,0,0,0,0,0,0,0,"- ","- ",36.921371459960938,-120.01875305175781,MADERA,UNINCORPORATED,-120.01876068115234,36.921352386474609
91738950,2021,2022-04-01,9450,2021-10-23,2340,019385,,6,3,9,2000,0,2,4,,2,045,"AVENUE 12","RIVERSTONE BLVD SOUTHEAST",30.00,W,N,A,-,N,,,,,,,,,,Y,1,1,2,2,A,-,01,23152,G,N,D,C,A,A,H,-,C,A,0,,,,,Y,Y,A,07,2,0,0,0,0,0,0,0,0,"- ","- ",36.923229217529297,-119.80751800537109,MADERA,UNINCORPORATED,-119.80752563476562,36.923198699951172
91743745,2022,2022-04-08,9456,2022-04-07,0015,021555,,4,3,9,2000,0,1,3,,1,051,"STATE ROUTE 41","COUNTY ROAD 416",528.00,N,N,A,-,Y,MAD,,41,,,23.568,H,,R,Y,2,0,1,2,A,-,11,21954,A,N,G,B,E,A,H,-,D,D,0,Y,,,,Y,,N,60,1,0,0,0,1,0,0,0,0,"- ","- ",37.203330993652344,-119.72164916992188,MADERA,UNINCORPORATED,-119.72159576416016,37.203289031982422
91744678,2021,2022-04-11,9450,2021-09-30,0510,020253,,4,3,9,2000,0,1,3,,1,037,"AVENUE 7","COUNTY ROAD 32 1/2",1327.00,W,N,A,-,N,,,,,,,,,,Y,1,1,1,2,A,-,01,23152,F,N,A,C,A,A,H,-,D,D,0,,,,,Y,,D,22,1,0,0,0,0,0,0,0,0,"- ","- ",36.851230621337891,-119.9605712890625,MADERA,UNINCORPORATED,-119.96056365966797,36.851261138916016
91745118,2022,2022-04-11,9456,2022-04-06,1110,017686,,3,1,9,2000,0,3,5,,2,050,"ROAD 426 (CRANE  VALLEY ROAD)","EVERGREEN DRIVE",160.00,E,N,A,-,N,,,,,,,,,,Y,2,0,2,2,A,-,05,21650,,N,A,C,A,A,H,-,A,D,0,,,,,Y,,A,01,1,1,0,0,0,0,0,0,0,"- ","- ",37.326030731201172,-119.64182281494141,MADERA,UNINCORPORATED,-119.64200592041016,37.326126098632812
91750034,2022,2022-04-18,9456,2022-04-07,0745,020635,,4,1,9,2000,0,1,3,,1,051,SR-41,"SKYLINE RIDGE RD",125.00,N,N,A,-,Y,MAD,,41,,,26.395,H,,R,Y,2,0,1,1,A,-,08,22107,,N,F,A,A,A,H,-,A,D,0,,,Y,,Y,,C,03,1,0,0,0,0,0,0,0,1,"- ","- ",37.237579345703125,-119.70697021484375,MADERA,UNINCORPORATED,-119.70693206787109,37.237586975097656
91752621,2021,2022-04-20,9450,2021-11-12,1825,021202,,5,2,9,2000,0,1,3,,1,041,"STATE ROUTE 145","COUNTY ROAD 38",6336.00,W,N,A,-,Y,,,145,,,,,,,Y,1,2,0,1,A,-,08,22107,,N,F,A,A,A,H,-,D,D,0,,,,,Y,,A,01,0,0,0,0,0,0,0,0,0,"- ","- ",37.010391235351562,-119.83589935302734,MADERA,UNINCORPORATED,-119.83589935302734,37.010379791259766
91765651,2022,2022-05-05,9450,2022-01-31,2152,020253,,1,2,9,2000,0,3,5,,2,040,"COUNTY ROAD 36","AVENUE 13",0.00,,Y,A,-,N,,,,,,,,,,Y,1,1,2,2,A,-,01,23152,G,N,D,C,A,A,H,-,D,A,0,,,,,Y,Y,A,01,1,1,0,0,0,0,0,0,0,"- ","- ",36.937519073486328,-119.89414978027344,MADERA,UNINCORPORATED,-119.89412689208984,36.937503814697266
91777224,2022,2022-08-19,9450,2022-05-16,1750,021270,,1,2,9,2000,0,1,3,,1,043,"STATE ROUT 41","COUNTY ROAD 406",172.00,N,N,A,-,Y,MAD,,41,,,15.607,H,,R,Y,2,0,3,2,A,-,08,22107,,N,A,C,A,A,H,-,A,D,0,,,,,Y,,A,01,1,1,1,0,0,0,0,0,0,"- ","- ",37.095020294189453,-119.75200653076172,MADERA,UNINCORPORATED,-119.75202941894531,37.095039367675781
91787227,2022,2022-06-02,9450,2022-05-22,1229,019105,,7,1,9,2000,0,2,4,,2,035,"AVENUE 12","COUNTY ROAD 21 1/2",2015.00,W,N,A,-,N,,,,,,,,,,N,2,0,1,2,A,-,08,22107,,F,C,G,A,A,H,-,A,D,0,,Y,,,Y,,L,04,1,0,0,0,0,0,1,0,0,"- ","- ",36.923709869384766,-120.1632080078125,MADERA,UNINCORPORATED,-120.16290283203125,36.923698425292969
91791305,2022,2022-06-08,9450,2022-06-04,1425,019705,,6,2,9,2000,0,3,5,,2,040,"COUNTY ROAD 400","BUCK RIDGE",2640.00,N,N,A,-,N,,,,,,,,,,N,2,0,1,1,A,-,01,23152,A,N,H,A,A,A,H,-,A,D,0,,,,,Y,Y,A,01,1,0,0,0,0,0,0,0,0,"- ","- ",37.122428894042969,-119.85861968994141,MADERA,UNINCORPORATED,,
91792190,2022,2022-06-09,9450,2022-05-31,1850,020993,,2,2,9,2000,0,2,4,,2,035,"AVENUE 12","SR-99 N/B TO AVENUE 12 OFF-RAMP",0.00,,Y,A,-,Y,,,,,,,,,,Y,2,0,4,2,A,-,01,23152,A,N,D,C,A,A,H,-,A,A,0,,,,,Y,Y,A,01,1,2,1,0,0,0,0,0,0,"- ","- ",36.923709869384766,-120.02101135253906,MADERA,UNINCORPORATED,-120.02201080322266,36.923931121826172
91792201,2021,2022-06-09,9456,2021-07-07,2352,021555,,3,3,9,2000,0,3,5,,2,050,"ROAD 427 (SCHOOL ROAD)","ELLIOTT DRIVE",185.00,E,N,A,-,N,,,,,,,,,,N,1,1,0,2,A,-,11,21954,A,F,G,B,E,A,H,-,D,D,0,Y,,,,Y,,N,60,0,0,0,1,0,0,0,0,0,"- ","- ",37.329780578613281,-119.64054870605469,MADERA,UNINCORPORATED,-119.64066314697266,37.329750061035156
91816412,2022,2022-07-13,9450,2022-07-04,1212,017827,,1,1,9,2000,0,1,3,,1,013,"SR-152 E/B","COUNTY ROAD 16",0.00,,Y,A,-,Y,MAD,,152,,,13.044,H,,R,N,2,0,1,2,A,-,09,21802,A,N,D,C,A,A,H,-,A,A,0,,,,,Y,,D,22,1,0,0,0,0,0,0,0,0,"- ","- ",37.083770751953125,-120.25679016113281,MADERA,UNINCORPORATED,-120.25679016113281,37.083759307861328
91820284,2022,2022-07-19,9450,2022-07-12,0148,019705,,2,3,9,2000,0,1,3,,2,031,"SR-99 SOUTHBOUND","MADERA AVENUE",1584.00,N,N,A,-,Y,MAD,,99,,,10.520,H,,L,Y,2,0,2,2,A,-,08,22107,,N,C,C,A,A,C,-,D,D,0,,,,Y,Y,,A,01,1,0,1,0,0,0,0,0,0,"- ","- ",36.955959320068359,-120.05918121337891,MADERA,UNINCORPORATED,-120.05918121337891,36.955959320068359
91824253,2022,2022-07-25,9450,2022-07-15,0900,019105,,5,1,9,2000,0,3,5,,2,020,"SANTA FE DRIVE","AVENUE 26",0.00,,Y,A,-,N,,,,,,,,,,N,2,0,2,2,A,-,12,22450,A,N,D,C,A,A,H,-,A,A,0,,,,,Y,,I,11,1,1,0,0,0,0,0,0,0,"- ","- ",37.127109527587891,-120.15113830566406,MADERA,UNINCORPORATED,-120.15106964111328,37.127052307128906
91831471,2022,2022-08-02,9450,2022-07-22,0805,019105,,5,1,9,2000,0,1,3,,1,041,SR-145,"COUNTY ROAD 36",4224.00,W,N,A,-,Y,MAD,,145,,,19.083,H,,R,Y,2,0,2,2,A,-,05,21650,,N,A,C,A,A,H,-,A,D,0,,,,Y,Y,,A,01,1,0,1,0,0,0,0,0,0,"- ","- ",37.010238647460938,-119.90899658203125,MADERA,UNINCORPORATED,-119.90899658203125,37.010250091552734
91833897,2022,2022-08-05,9450,2022-07-29,2235,021188,,5,3,9,2000,0,3,5,,2,020,"AVENUE 21","COUNTY ROAD 28 1/2",0.00,,Y,A,-,N,,,,,,,,,,Y,2,0,6,2,A,-,12,22450,A,N,D,C,A,A,H,-,D,A,0,,,,,Y,,A,01,1,5,0,0,0,0,0,0,0,"- ","- ",37.054271697998047,-120.02922821044922,MADERA,UNINCORPORATED,-120.02922821044922,37.05426025390625
91835626,2022,2022-08-08,9456,2022-07-24,2114,020944,,7,2,9,2000,0,3,5,,2,050,"COUNTY ROAD 426","ELLIOT DRIVE",0.00,,Y,A,-,N,,,,,,,,,,N,2,0,1,2,A,-,09,21804,A,N,D,G,A,A,H,-,C,D,0,,Y,,,Y,,L,04,1,0,0,0,0,0,1,0,0,"- ","- ",37.326740264892578,-119.64311981201172,MADERA,UNINCORPORATED,-119.64313507080078,37.326717376708984
91837304,2022,2022-08-10,9450,2022-08-07,0545,021202,,7,3,9,2000,0,1,3,,1,013,"STATE ROUTE 152, W/B","STATE ROUTE 99",400.00,W,N,A,-,Y,MAD,,152,,,15.538,H,,L,Y,2,0,4,2,A,-,03,22350,,N,D,C,A,A,H,-,B,D,0,,,,,Y,,A,01,1,3,0,0,0,0,0,0,0,"- ","- ",37.084259033203125,-120.21172332763672,MADERA,UNINCORPORATED,-120.21171569824219,37.084232330322266
91846599,2022,2022-08-23,9450,2022-08-05,0442,016950,,5,3,9,2000,0,1,3,,2,011,"SR-99 NORTHBOUND","AVENUE 17",3696.00,N,N,A,-,Y,MAD,,99,,,14.988,H,,R,Y,2,0,2,2,A,-,03,22350,,N,A,C,A,A,C,-,D,D,0,,,,,Y,,A,01,1,1,0,0,0,0,0,0,0,"- ","- ",37.004928588867188,-120.11118316650391,MADERA,UNINCORPORATED,-120.11119079589844,37.004920959472656
91854496,2022,2022-10-13,9456,2022-05-08,2115,019856,,7,2,9,2000,0,3,5,,2,050,"COUNTY ROAD 426","HIGH SCHOOL ROAD",164.00,W,N,A,-,N,,,,,,,,,,Y,1,2,2,2,A,-,07,21658,A,N,B,C,A,A,H,-,C,D,0,,,,,Y,,A,01,0,0,2,0,0,0,0,0,0,"- ","- ",37.328071594238281,-119.648193359375,MADERA,UNINCORPORATED,-119.64803314208984,37.328014373779297
91854711,2022,2022-08-31,9450,2022-08-19,1722,016950,,5,2,4,2002,0,1,3,,2,011,"SR-99 NORTHBOUND FROM CLEVELAND AVENUE","CLEVELAND AVENUE",16.00,N,N,A,-,Y,,,,,,,,,,N,2,0,1,2,A,-,05,21650,,N,D,G,A,A,H,-,A,A,0,,Y,,,Y,,M,91,1,0,0,0,0,0,1,0,0,"- ","- ",36.974739074707031,-120.07573699951172,MADERA,MADERA,-120.07573699951172,36.974739074707031
91857278,2022,2022-09-05,9450,2022-09-02,1650,021188,,5,2,9,2000,0,3,5,,2,020,"VARDEN DRIVE","VARDEN CT.",50.00,S,N,A,-,N,,,,,,,,,,Y,2,0,1,1,A,-,01,23152,A,N,E,I,A,A,H,-,A,D,0,,,,,Y,Y,A,01,1,0,0,0,0,0,0,0,0,"- ","- ",37.012401580810547,-120.06066131591797,MADERA,UNINCORPORATED,-120.06065368652344,37.012485504150391
91866520,2022,2023-12-21,9456,2022-09-03,2020,020944,,6,2,9,2000,0,1,3,,2,055,SR-41,"COUNTY ROAD 630",4100.00,S,N,A,-,Y,MAD,,41,,,43.595,H,,R,Y,1,1,4,1,A,-,08,22107,,N,E,I,A,A,H,-,D,D,0,,,,,Y,,A,01,1,2,1,0,0,0,0,0,0,"- ","- ",37.421230316162109,-119.63411712646484,MADERA,UNINCORPORATED,-119.63412475585938,37.421298980712891
91868125,2022,2022-09-19,9450,2022-09-17,1358,020993,,6,1,9,2000,0,3,5,,2,040,"COUNTY ROAD 400","COUNTY ROAD 33",9504.00,N,N,A,-,N,,,,,,,,,,Y,2,0,1,1,A,-,08,22107,,N,F,I,A,A,H,-,A,D,0,,,Y,,Y,,C,02,1,0,0,0,0,0,0,0,1,"- ","- ",37.043319702148438,-119.92533874511719,MADERA,UNINCORPORATED,-119.92588043212891,37.042938232421875
91881603,2022,2022-10-04,9450,2022-09-11,2039,016950,,7,2,4,2002,0,3,5,,2,020,"AVENUE 17","MELBA DRIVE",0.00,,Y,A,-,N,,,,,,,,,,Y,2,0,1,2,A,-,09,21801,A,N,D,C,A,A,H,-,D,A,0,,,,,Y,,A,08,1,0,0,0,0,0,0,0,0,"- ","- ",36.996440887451172,-120.08660888671875,MADERA,MADERA,-120.08679962158203,36.996444702148438
91881982,2022,2022-10-04,9450,2022-09-22,0634,018075,,4,1,9,2000,0,1,3,,1,043,"STATE ROUTE 41","COUNTY ROAD 208",11986.00,N,N,A,-,Y,MAD,,41,,,13.676,H,,R,N,2,0,1,1,A,-,08,22107,,N,E,J,A,A,H,-,A,D,0,,,,,Y,,A,07,1,0,0,0,0,0,0,0,0,"- ","- ",37.069858551025391,-119.76573181152344,MADERA,UNINCORPORATED,-119.76567077636719,37.069828033447266
91888494,2022,2022-10-12,9450,2022-10-08,2030,020993,,6,2,9,2000,0,3,5,,2,020,"COUNTY ROAD 28 1/2","AVENUE 21",2640.00,S,N,A,-,N,,,,,,,,,,Y,2,0,1,1,A,-,08,22107,,N,E,I,A,A,H,-,D,D,0,,,,,Y,Y,D,22,1,0,0,0,0,0,0,0,0,"- ","- ",37.047439575195312,-120.02903747558594,MADERA,UNINCORPORATED,-120.02919006347656,37.047012329101562
91895395,2022,2022-10-20,9450,2022-10-14,2254,020253,,5,3,4,2002,0,1,3,,2,011,"STATE ROUTE 99 S/B","ELLIS STREET",1173.00,N,N,A,-,Y,MAD,,99,,,13.318,H,,L,Y,2,0,1,1,A,-,01,23152,F,N,F,A,A,A,H,-,D,D,0,,,Y,,Y,,C,02,1,0,0,0,0,0,0,0,1,"- ","- ",36.987689971923828,-120.09046936035156,MADERA,MADERA,-120.09053039550781,36.987640380859375
91907838,2022,2022-11-02,9450,2022-10-31,1515,021285,,1,2,9,2000,0,1,3,,1,043,SR-41,"JEWEL VISTA COURT",528.00,N,N,A,-,Y,MAD,,41,,,14.403,H,,R,Y,2,0,1,1,A,-,08,22107,,N,E,I,A,A,H,-,A,D,0,,,,,Y,,A,01,1,0,0,0,0,0,0,0,0,"- ","- ",37.078910827636719,-119.75965118408203,MADERA,UNINCORPORATED,-119.75968170166016,37.078926086425781
91913649,2022,2022-11-09,9456,2022-10-31,1930,017677,,1,2,9,2000,0,2,4,,1,053,"COUNTY ROAD 200","QUAIL CREEK ROAD",390.00,S,N,A,-,N,,,,,,,,,,N,2,0,1,1,A,-,08,22107,,N,F,A,A,A,H,-,D,D,0,,,,,Y,,A,07,1,0,0,0,0,0,0,0,0,"- ","- ",37.204738616943359,-119.57154846191406,MADERA,UNINCORPORATED,-119.57161712646484,37.204750061035156
91917215,2022,2022-11-14,9450,2022-10-27,0645,017868,,4,1,9,2000,0,1,3,,1,013,SR-152,"COUNTY ROAD 16",0.00,,Y,A,-,Y,MAD,,152,,,13.044,H,,R,Y,2,0,4,4,A,-,09,21802,A,N,D,C,A,A,H,-,A,A,0,,,,,Y,,A,07,2,2,0,0,0,0,0,0,0,"- ","- ",37.083900451660156,-120.25678253173828,MADERA,UNINCORPORATED,-120.25677490234375,37.083759307861328
91918489,2022,2022-11-15,9450,2022-11-09,0155,018612,,3,3,9,2000,0,1,3,,1,043,SR-41,"COUNTY ROAD 406",950.00,S,N,C,-,Y,MAD,,41,,,15.382,H,,R,Y,2,0,2,2,A,-,05,21460,A,N,A,C,A,B,H,-,D,D,0,,,,,Y,,A,01,1,0,1,0,0,0,0,0,0,"- ","- ",37.092170715332031,-119.75379943847656,MADERA,UNINCORPORATED,-119.75383758544922,37.092178344726562
91922538,2022,2022-11-21,9456,2022-11-10,1115,017686,,4,1,9,2000,0,1,3,,1,051,"STATE ROUTE 41","COUNTY ROAD 425C",220.00,N,N,A,-,Y,MAD,,41,,,31.786,H,,R,Y,2,0,2,3,A,-,03,22350,,N,C,C,A,A,H,-,A,D,0,,,,,Y,,M,47,2,0,0,0,0,0,0,0,0,"- ","- ",37.286941528320312,-119.65361785888672,MADERA,UNINCORPORATED,-119.65362548828125,37.286949157714844
91924716,2022,2022-11-22,9450,2022-04-08,2350,020759,,5,3,9,2000,0,1,3,,1,042,"STATE ROUTE 41","AVENUE 15",6970.00,N,N,A,-,Y,MAD,,41,,,7.555,H,,R,Y,1,4,0,2,A,-,01,23152,G,N,A,C,A,A,H,-,D,D,0,,,,,Y,Y,A,01,0,0,0,0,0,0,0,0,0,"- ","- ",36.986068725585938,-119.79396820068359,MADERA,UNINCORPORATED,-119.79398345947266,36.986068725585938