CASE_ID,ACCIDENT_YEAR,PROC_DATE,JURIS,COLLISION_DATE,COLLISION_TIME,OFFICER_ID,REPORTING_DISTRICT,DAY_OF_WEEK,CHP_SHIFT,POPULATION,CNTY_CITY_LOC,SPECIAL_COND,BEAT_TYPE,CHP_BEAT_TYPE,CITY_DIVISION_LAPD,CHP_BEAT_CLASS,BEAT_NUMBER,PRIMARY_RD,SECONDARY_RD,DISTANCE,DIRECTION,INTERSECTION,WEATHER_1,WEATHER_2,STATE_HWY_IND,CALTRANS_COUNTY,CALTRANS_DISTRICT,STATE_ROUTE,ROUTE_SUFFIX,POSTMILE_PREFIX,POSTMILE,LOCATION_TYPE,RAMP_INTERSECTION,SIDE_OF_HWY,TOW_AWAY,COLLISION_SEVERITY,NUMBER_KILLED,NUMBER_INJURED,PARTY_COUNT,PRIMARY_COLL_FACTOR,PCF_CODE_OF_VIOL,PCF_VIOL_CATEGORY,PCF_VIOLATION,PCF_VIOL_SUBSECTION,HIT_AND_RUN,TYPE_OF_COLLISION,MVIW,PED_ACTION,ROAD_SURFACE,ROAD_COND_1,ROAD_COND_2,LIGHTING,CONTROL_DEVICE,CHP_ROAD_TYPE,PEDESTRIAN_ACCIDENT,BICYCLE_ACCIDENT,MOTORCYCLE_ACCIDENT,TRUCK_ACCIDENT,NOT_PRIVATE_PROPERTY,ALCOHOL_INVOLVED,STWD_VEHTYPE_AT_FAULT,CHP_VEHTYPE_AT_FAULT,COUNT_SEVERE_INJ,COUNT_VISIBLE_INJ,COUNT_COMPLAINT_PAIN,COUNT_PED_KILLED,COUNT_PED_INJURED,COUNT_BICYCLIST_KILLED,COUNT_BICYCLIST_INJURED,COUNT_MC_KILLED,COUNT_MC_INJURED,PRIMARY_RAMP,SECONDARY_RAMP,LATITUDE,LONGITUDE,COUNTY,CITY,POINT_X,POINT_Y
91927666,2022,2022-11-28,9450,2022-11-27,0230,021202,,7,3,9,2000,0,1,3,,1,043,"STATE ROUTE 41","JEWEL VISTA CT",4646.00,S,N,A,-,Y,MAD,,41,,,13.947,H,,R,Y,2,0,6,4,A,-,01,23152,G,N,E,8,A,A,H,-,D,D,0,,,,,Y,Y,A,01,1,0,5,0,0,0,0,0,0,"- ","- ",37.072830200195312,-119.76254272460938,MADERA,UNINCORPORATED,-119.76251220703125,37.072818756103516
91932891,2022,2022-12-02,9450,2022-11-19,2345,019705,,6,3,9,2000,0,1,3,,2,031,"SR-99 SOUTBOUND","CLEVELAND AVENUE",1992.00,S,N,A,-,Y,MAD,,99,,,11.750,H,,L,Y,2,0,2,1,A,-,01,23152,A,N,E,I,A,A,H,-,D,D,0,,,,,Y,Y,A,01,2,0,0,0,0,0,0,0,0,"- ","- ",36.970359802246094,-120.07231140136719,MADERA,UNINCORPORATED,-120.07221984863281,36.970390319824219
9194175,2020,2021-02-09,2002,2020-12-06,2040,4262,,7,5,4,2002,0,0,0,,0,001,"SANTA FE CT","ELM ST",134.00,W,N,A,-,Y,,,,,,,,,,Y,2,0,1,3,A,-,03,22350,,N,A,E,A,A,H,-,C,A,0,,,,,Y,,A,01,1,0,0,0,0,0,0,0,0,"- ","- ",,,MADERA,MADERA,-120.04386138916016,36.969879150390625
91949702,2022,2022-12-22,9456,2022-12-16,1009,020944,,5,1,9,2000,0,3,5,,2,050,"COUNTY ROAD 222","DORSTAN DR",460.00,S,N,A,-,N,,,,,,,,,,Y,2,0,1,1,A,-,03,22350,,N,F,A,A,B,H,-,A,D,0,,,,,Y,,D,22,1,0,0,0,0,0,0,0,0,"- ","- ",37.362571716308594,-119.61566925048828,MADERA,UNINCORPORATED,-119.61692047119141,37.363548278808594
91953474,2022,2022-12-27,9450,2022-12-26,1645,021285,,1,2,9,2000,0,3,5,,2,040,"COUNTY ROAD 211","COUNTY ROAD 145",1500.00,N,N,A,-,N,,,,,,,,,,Y,2,0,1,1,A,-,08,22107,,N,F,A,A,A,H,-,A,D,0,,,Y,,Y,,C,02,1,0,0,0,0,0,0,0,1,"- ","- ",37.030681610107422,-119.72393798828125,MADERA,UNINCORPORATED,-119.72401428222656,37.030551910400391
91955275,2022,2022-12-29,9456,2022-12-18,1010,020944,,7,1,9,2000,0,2,4,,1,053,"COUNTY ROAD 200","MOUNTAIN VIEW PEAK ROAD",10032.00,E,N,A,-,N,,,,,,,,,,Y,2,0,4,1,A,-,03,22350,,N,F,I,A,D,H,-,A,D,0,,,,,Y,,D,22,1,2,1,0,0,0,0,0,0,"- ","- ",37.194110870361328,-119.5948486328125,MADERA,UNINCORPORATED,-119.59506225585938,37.193939208984375
91956710,2022,2022-12-30,9450,2022-04-10,0035,020253,,7,3,9,2000,0,1,3,,2,011,"STATE ROUTE 99 SOUTHBOUND","AVENUE 18 1/2",1932.00,N,N,A,-,Y,MAD,,99,,R,16.708,H,,L,Y,1,1,4,2,A,-,01,23152,G,N,A,C,A,A,H,-,D,D,0,,,,,Y,Y,D,22,4,0,0,0,0,0,0,0,0,"- ","- ",37.022560119628906,-120.13321685791016,MADERA,UNINCORPORATED,-120.13318634033203,37.0225830078125
91963117,2022,2023-01-09,9450,2022-12-25,0719,021270,,7,1,9,2000,0,1,3,,2,031,"STATE ROUTE 99 (NORTHBOUND)","4TH STREET",1742.00,N,N,E,-,Y,MAD,,99,,,11.346,H,,R,Y,2,0,1,1,A,-,08,22107,,N,E,I,A,A,H,-,A,D,0,,,,,Y,,A,07,1,0,0,0,0,0,0,0,0,"- ","- ",36.9652099609375,-120.06867980957031,MADERA,UNINCORPORATED,-120.06859588623047,36.965267181396484
91964356,2023,2023-01-10,9450,2023-01-04,1300,020759,,3,1,9,2000,0,3,5,,2,040,"COUNTY ROAD 400","RIVER ROAD",15.00,N,N,B,-,N,,,,,,,,,,Y,2,0,1,1,A,-,08,22107,,N,E,I,A,A,H,-,A,D,0,,,Y,,Y,,C,02,1,0,0,0,0,0,0,0,1,"- ","- ",37.069530487060547,-119.90809631347656,MADERA,UNINCORPORATED,-119.77149200439453,37.209693908691406
91972223,2023,2023-01-19,9456,2023-01-08,1431,019981,,7,2,9,2000,0,1,3,,2,056,SR-49,"KNICKERBOCKER RD",200.00,S,N,A,-,Y,MAD,,49," "," ",6.881,H,,R,N,2,0,1,2,A,-,08,22107,,N,A,4,A,A,H,-,A,D,0,,,,,Y,,A,01,1,0,0,0,0,0,0,0,0,"- ","- ",37.385078430175781,-119.73677062988281,MADERA,UNINCORPORATED,-119.73679351806641,37.385055541992188
91984008,2022,2023-02-15,9456,2022-07-02,1828,021303,,6,2,9,2000,0,1,3,,1,051,"STATE ROUTE 41","MCALLISTER ROAD",277.00,N,N,A,-,Y,MAD,,41,,,28.267,H,,R,Y,2,0,4,2,A,-,03,22350,,N,D,C,A,A,H,-,A,D,0,,,,,Y,,J,48,1,0,3,0,0,0,0,0,0,"- ","- ",37.262660980224609,-119.69737243652344,MADERA,UNINCORPORATED,-119.69735717773438,37.262577056884766
91990724,2023,2023-02-09,9450,2023-01-30,2120,021270,,1,2,9,2000,0,3,5,,2,020,"AVENUE 26","COUNTY ROAD 26",7920.00,E,N,A,-,N,,,,,,,,,,Y,2,0,1,1,A,-,01,23152,A,N,E,J,A,A,D,G,D,A,0,,,,,Y,Y,D,22,1,0,0,0,0,0,0,0,0,"- ","- ",37.126758575439453,-120.04730224609375,MADERA,UNINCORPORATED,-120.04744720458984,37.126750946044922
91993994,2023,2023-02-14,9450,2023-02-04,1632,021407,,6,2,9,2000,0,1,3,,1,042,SR-41,"CHILDRENS BOULEVARD",1584.00,S,N,B,-,Y,MAD,,41," ",R,0.832,H,,L,Y,2,0,2,3,A,-,08,22107,,N,A,C,A,A,H,-,A,D,0,,,,,Y,,A,01,1,0,1,0,0,0,0,0,0,"- ","- ",36.888088226318359,-119.79312133789062,MADERA,UNINCORPORATED,-119.79308319091797,36.888088226318359
91994130,2023,2023-02-14,9450,2023-02-07,"50  ",021130,,2,3,9,2000,0,1,3,,2,012,"SR-99 NORTHBOUND","AVENUE 18 1/2",4752.00,S,N,A,-,Y,MAD,,99," "," ",15.424,H,,R,Y,2,0,1,1,A,-,01,23152,A,N,E,I,A,A,H,-,D,D,0,,,,,Y,Y,A,01,1,0,0,0,0,0,0,0,0,"- ","- ",37.009380340576172,-120.11679077148438,MADERA,UNINCORPORATED,-120.11669158935547,37.009456634521484
91995552,2023,2023-02-15,9450,2023-02-12,"205 ",021202,,7,3,9,2000,0,3,5,,2,040,"AVENUE 9","COUNTY ROAD 38",2390.00,E,N,A,-,N,,,,,,,,,,Y,2,0,3,1,A,-,01,23152,A,N,F,A,A,A,H,-,D,D,0,,,,,Y,Y,A,07,1,2,0,0,0,0,0,0,0,"- ","- ",36.880409240722656,-119.84896850585938,MADERA,UNINCORPORATED,-119.84902191162109,36.88043212890625
92000071,2023,2023-02-22,9450,2023-02-14,"845 ",017827,,2,1,9,2000,0,3,5,,2,040,"AVENUE 11","COUNTY ROAD 33 1/2",0.00,,Y,A,-,N,,,,,,,,,,Y,2,0,1,2,A,-,09,21802,A,N,D,C,A,A,A,-,A,D,0,,,,,Y,,A,01,1,0,0,0,0,0,0,0,0,"- ","- ",36.909488677978516,-119.93952178955078,MADERA,UNINCORPORATED,-119.93940734863281,36.909458160400391
92017449,2023,2023-03-14,9450,2023-03-05,2225,021530,,7,3,9,2000,0,3,5,,2,030,"FIREBAUGH BOULEVARD","AVENUE 7",6864.00,N,N,A,-,N,,,,,,,,,,Y,2,0,1,1,C,-,18,,,N,E,H,A,A,H,-,D,D,0,,,,,Y,,-,"- ",1,0,0,0,0,0,0,0,0,"- ","- ",36.870510101318359,-120.32122039794922,MADERA,UNINCORPORATED,-120.34091949462891,36.859161376953125
92022951,2023,2023-03-21,9450,2023-03-18,1500,021378,,6,2,9,2000,0,3,5,,2,020,"COUNTY ROAD 26","AVENUE 17 1/2",0.00,,Y,B,-,N,,,,,,,,,,Y,2,0,4,2,A,-,09,21802,A,N,D,C,A,A,H,-,A,D,0,,,,,Y,,A,07,3,0,1,0,0,0,0,0,0,"- ","- ",37.003658294677734,-120.07425689697266,MADERA,UNINCORPORATED,-120.07430267333984,37.003597259521484
92032016,2022,2023-03-29,9450,2022-06-30,1445,019705,,4,2,9,2000,0,2,4,,2,045,"AVENUE 12","COUNTY ROAD 34 1/2",800.00,W,N,A,-,N,,,,,,,,,,Y,1,1,4,3,A,-,01,23152,G,N,B,C,A,A,H,-,A,D,0,,,,,Y,Y,A,01,3,1,0,0,0,0,0,0,0,"- ","- ",36.923110961914062,-119.92442321777344,MADERA,UNINCORPORATED,-119.92421722412109,36.923038482666016
92032957,2023,2023-03-30,9450,2023-03-19,"440 ",021407,,7,3,9,2000,0,1,3,,2,011,"SR-99 NORTHBOUND","AVENUE 18 1/2",560.00,S,N,C,-,Y,MAD,,99," ",R,16.237,H,,R,Y,2,0,2,4,A,-,08,22107,,N,C,B,F,B,H,-,D,D,0,Y,,,,Y,,A,01,1,0,1,0,1,0,0,0,0,"- ","- ",37.017410278320312,-120.12741088867188,MADERA,UNINCORPORATED,-120.12742614746094,37.017391204833984
92039849,2023,2023-04-07,9450,2023-04-02,"240 ",020253,,7,3,9,2000,0,2,4,,2,035,"AVENUE 12","STATE ROUTE 99",660.00,W,N,A,-,N,,,,,,,,,,N,2,0,1,1,A,-,01,23152,A,N,E,I,A,A,H,-,C,A,0,,,,,Y,Y,D,22,1,0,0,0,0,0,0,0,0,"- ","- ",36.923690795898438,-120.02446746826172,MADERA,UNINCORPORATED,-120.02294921875,36.923931121826172
92041417,2022,2023-04-10,9450,2022-10-05,1815,021188,,3,2,9,2000,0,3,5,,2,010,"AVENUE 20","COUNTY ROAD 16",0.00,,Y,A,-,N,,,,,,,,,,Y,1,1,0,2,A,-,12,22450,A,N,D,C,A,A,H,-,A,A,0,,,Y,,Y,,C,02,0,0,0,0,0,0,0,1,0,"- ","- ",37.040218353271484,-120.25686645507812,MADERA,UNINCORPORATED,-120.2568359375,37.040149688720703
92046886,2022,2023-04-17,9450,2022-01-22,1850,019105,,6,2,9,2000,0,3,5,,2,010,"AVENUE 23","COUNTY ROAD 18",15.00,E,N,A,-,N,,,,,,,,,,N,1,1,0,2,A,-,11,21956,A,N,G,B,E,A,H,-,D,D,0,Y,,,,Y,,N,60,0,0,0,1,0,0,0,0,0,"- ","- ",37.08367919921875,-120.22051239013672,MADERA,UNINCORPORATED,,
92047957,2022,2023-04-18,9450,2022-06-30,1605,020253,,4,2,9,2000,0,3,5,,2,020,"COUNTY ROAD 28 1/2","OREGON AVENUE",86.00,N,N,A,-,N,,,,,,,,,,Y,1,1,0,1,A,-,01,23152,A,N,E,I,A,A,H,-,A,D,0,,,,,Y,Y,A,01,0,0,0,0,0,0,0,0,0,"- ","- ",36.994361877441406,-120.02858734130859,MADERA,UNINCORPORATED,-120.02862548828125,36.994247436523438
92050603,2022,2023-04-21,9450,2022-08-17,2150,021300,,3,2,9,2000,0,3,5,,2,010,"AVENUE 19","COUNTY ROAD 12",1056.00,E,N,A,-,N,,,,,,,,,,Y,1,1,0,1,A,-,01,23152,F,N,F,A,A,A,G,-,D,D,0,,,Y,,Y,,C,02,0,0,0,0,0,0,0,1,0,"- ","- ",37.025459289550781,-120.3250732421875,MADERA,UNINCORPORATED,-120.32498168945312,37.025409698486328
92050760,2022,2023-04-21,9450,2022-04-14,1000,017827,,4,1,9,2000,0,1,3,,2,011,"STATE ROUTE 99 (NORTHBOUND)","ELLIS STREET",1482.00,N,N,A,-,Y,MAD,,99,,,13.413,H,,R,Y,1,1,0,2,A,-,08,22107,,N,C,E,A,A,H,-,A,D,0,,,,Y,Y,,A,01,0,0,0,0,0,0,0,0,0,"- ","- ",36.988651275634766,-120.09130859375,MADERA,UNINCORPORATED,-120.09136962890625,36.988605499267578
92050772,2022,2023-04-21,9450,2022-10-11,0245,018612,,2,3,9,2000,0,2,4,,2,035,"AVENUE 12","COUNTY ROAD 30",242.00,W,N,A,-,N,,,,,,,,,,Y,1,1,0,1,A,-,01,23152,A,N,E,9,A,A,H,-,D,D,0,,,,,Y,Y,A,01,0,0,0,0,0,0,0,0,0,"- ","- ",36.923450469970703,-120.00318908691406,MADERA,UNINCORPORATED,-120.00206756591797,36.923503875732422
92058389,2022,2023-05-01,9450,2022-10-20,1830,020993,,4,2,9,2000,0,1,3,,1,043,SR-41,"COUNTY ROAD 208",0.00,,Y,A,-,Y,MAD,,41,,,11.408,H,,R,Y,1,1,4,2,A,-,01,23152,F,N,D,C,A,A,H,-,B,A,0,,,,,Y,,A,01,1,3,0,0,0,0,0,0,0,"- ","- ",37.039340972900391,-119.78118133544922,MADERA,UNINCORPORATED,-119.78115844726562,37.039329528808594
92058485,2022,2023-05-01,9450,2022-12-22,0640,021270,,4,1,9,2000,0,3,5,,2,040,"AVENUE 9","COUNTY ROAD 40 1/2",464.00,E,N,A,-,N,,,,,,,,,,Y,1,2,2,2,A,-,08,22107,,N,A,C,A,A,H,-,B,D,0,,,,,Y,,A,01,1,1,0,0,0,0,0,0,0,"- ","- ",36.880748748779297,-119.80934143066406,MADERA,UNINCORPORATED,-119.80968475341797,36.879829406738281
92061646,2023,2023-05-04,9456,2023-05-02,2050,021563,,2,2,9,2000,0,1,3,,2,056,SR-49,"KNICKERBOCKER RD",218.00,S,N,C,-,Y,MAD,,49," "," ",6.898,H,,R,Y,2,0,1,1,A,-,08,22107,,N,E,I,A,B,H,-,D,A,0,,,,,Y,,A,07,1,0,0,0,0,0,0,0,0,"- ","- ",37.385150909423828,-119.73709869384766,MADERA,UNINCORPORATED,-119.73700714111328,37.385215759277344
92065249,2023,2023-05-09,9450,2023-04-26,"847 ",018075,,3,1,9,2000,0,1,3,,1,042,"STATE ROUTE 41","AVENUE 12",3914.00,N,N,A,-,Y,MAD,,41," "," ",3.944,H,,R,N,2,0,3,3,A,-,08,22107,,N,B,C,A,A,H,-,A,D,0,,,,,Y,,A,01,1,2,0,0,0,0,0,0,0,"- ","- ",36.934040069580078,-119.79399108886719,MADERA,UNINCORPORATED,-119.79399108886719,36.934040069580078
92074648,2023,2023-05-22,9450,2023-05-21,"51  ",021407,,7,3,9,2000,0,3,5,,2,020,"COUNTY ROAD 24","AVENUE 19",3168.00,N,N,A,-,N,,,,,,,,,,Y,2,0,1,1,A,-,08,22107,,N,E,I,A,A,H,-,D,D,0,,,,,Y,Y,A,01,1,0,0,0,0,0,0,0,0,"- ","- ",37.027698516845703,-120.11049652099609,MADERA,UNINCORPORATED,-120.11063385009766,37.034168243408203
92082354,2023,2023-05-31,9456,2023-05-20,1105,017686,,6,1,9,2000,0,1,3,,1,051,"STATE ROUTE 41","HUMMINGBIRD LANE",2640.00,N,N,A,-,Y,MAD,,41," "," ",29.672,H,,R,Y,2,0,3,1,A,-,08,22107,,N,F,I,A,A,H,-,A,D,0,,,,,Y,,D,22,1,2,0,0,0,0,0,0,0,"- ","- ",37.26776123046875,-119.67436981201172,MADERA,UNINCORPORATED,-119.67446899414062,37.267803192138672
92098271,2023,2023-06-20,9450,2023-06-13,2035,021270,,2,2,9,2000,0,3,5,,2,010,"ROBERTSON BOULEVARD","AVENUE 22",0.00,,N,A,-,N,,,,,,,,,,Y,2,0,1,1,A,-,01,23152,A,N,F,I,A,A,H,-,B,D,0,,,,,Y,Y,A,07,1,0,0,0,0,0,0,0,0,"- ","- ",37.070709228515625,-120.30841827392578,MADERA,UNINCORPORATED,-120.30982971191406,37.068946838378906
92110171,2023,2023-07-05,9450,2023-06-26,"914 ",018551,,1,1,4,2002,0,3,5,,2,030,"AVENUE 9","COUNTY ROAD 37",0.00,,Y,A,-,N,,,,,,,,,,N,2,0,2,2,A,-,09,21802,A,N,D,C,A,A,H,-,A,D,0,,,,,Y,,M,46,1,1,0,0,0,0,0,0,0,"- ","- ",36.880420684814453,-119.87518310546875,MADERA,MADERA,-117.63432312011719,34.793209075927734
92111040,2023,2023-07-06,9456,2023-06-26,1654,019856,,1,2,9,2000,0,1,3,,1,051,"STATE ROUTE 41","KONKLIN ROAD",0.00,,Y,A,-,Y,MAD,,41," "," ",27.780,H,,R,Y,2,0,2,2,A,-,09,21801,A,N,D,C,A,A,H,-,A,D,0,,,,,Y,,A,01,1,0,1,0,0,0,0,0,0,"- ","- ",37.258098602294922,-119.70307159423828,MADERA,UNINCORPORATED,-119.70310974121094,37.258110046386719
92111505,2023,2023-07-07,9450,2023-06-28,1410,021270,,3,2,9,2000,0,1,3,,2,012,"STATE ROUTE 99","AVENUE 21 1/2 (OVERCROSSING)",5650.00,N,N,A,-,Y,MAD,,99," "," ",21.957,H,,R,N,2,0,1,1,C,-,18,,,N,E,J,A,A,B,-,A,D,0,,,Y,,Y,,-,"- ",1,0,0,0,0,0,0,0,1,"- ","- ",37.076770782470703,-120.19960021972656,MADERA,UNINCORPORATED,-120.19965362548828,37.076728820800781
92111757,2023,2023-07-07,9450,2023-07-02,"345 ",021188,,7,3,9,2000,0,1,3,,2,012,"SR-99 N/B (GOLDEN STATE HIGHWAY)","SR-99 N/B TO SR-152 W/B",0.00,,Y,A,-,Y,MAD,,99," "," ",22.695,H,,R,Y,2,0,2,1,A,-,01,23152,A,N,E,I,A,A,H,-,D,D,0,,,,,Y,Y,A,01,1,1,0,0,0,0,0,0,0,"- ","- ",37.084220886230469,-120.20909881591797,MADERA,UNINCORPORATED,-120.20896911621094,37.084342956542969
92116282,2023,2023-07-13,9450,2023-06-26,"420 ",021530,,1,3,9,2000,0,1,3,,1,013,"SR-152 EB","COUNTY ROAD 16",0.00,,Y,A,-,Y,MAD,,152," "," ",13.040,H,,R,Y,2,0,2,3,A,-,09,21800,A,N,D,C,A,A,H,-,D,D,0,,,,Y,Y,,A,01,1,1,0,0,0,0,0,0,0,"- ","- ",37.08380126953125,-120.25685119628906,MADERA,UNINCORPORATED,-120.25685119628906,37.083759307861328
92123181,2023,2023-07-21,9456,2023-07-14,1215,017686,,5,1,9,2000,0,1,3,,1,051,"STATE ROUTE 41","OLD CORRAL ROAD",250.00,N,N,A,-,Y,MAD,,41," "," ",26.128,H,,R,Y,2,0,1,1,A,-,08,22107,,N,E,I,A,A,H,-,A,D,0,,,,,Y,,D,22,1,0,0,0,0,0,0,0,0,"- ","- ",37.235088348388672,-119.70651245117188,MADERA,UNINCORPORATED,-119.7064208984375,37.235092163085938
92137990,2023,2023-08-07,9456,2023-07-28,"945 ",017686,,5,1,9,2000,0,3,5,,2,050,"COUNTY ROAD 222","ROAD 229A",0.00,,Y,A,-,N,,,,,,,,,,Y,2,0,1,1,A,-,03,22350,,N,F,A,A,A,H,-,A,D,0,,,Y,,Y,,C,02,1,0,0,0,0,0,0,0,1,"- ","- ",37.293949127197266,-119.53265380859375,MADERA,UNINCORPORATED,-119.52165985107422,37.256488800048828
92145171,2023,2023-08-16,9450,2023-08-10,"810 ",021188,,4,1,9,2000,0,1,3,,2,031,"SR-99 S/B (GOLDEN STATE HIGHWAY)","AVENUE 12",1430.00,S,N,A,-,Y,MAD,,99," ",R,7.197,H,,L,Y,2,0,1,3,A,-,03,22350,,N,B,C,A,A,D,-,A,D,0,,,,Y,Y,,F,25,1,0,0,0,0,0,0,0,0,"- ","- ",36.920829772949219,-120.01851654052734,MADERA,UNINCORPORATED,-120.01844787597656,36.9208984375
92162450,2023,2023-09-05,9456,2023-06-25,1748,020685,,7,2,9,2000,0,1,3,,2,056,"STATE ROUTE 49","HARMONY LANE",839.00,S,N,A,-,Y,MAD,,49," "," ",2.380,H,,R,Y,2,0,2,2,A,-,01,23152,A,N,A,C,A,A,H,-,A,D,0,,,Y,,Y,Y,C,02,1,1,0,0,0,0,0,0,1,"- ","- ",37.340579986572266,-119.69412994384766,MADERA,UNINCORPORATED,-119.69412994384766,37.340583801269531
92185730,2023,2023-10-02,9456,2023-09-21,1210,017677,,4,1,9,2000,0,1,3,,1,052,"STATE ROUTE 41","STATE ROUTE 49",329.00,N,N,A,-,Y,MAD,,41," "," ",35.531,H,,R,N,2,0,1,2,A,-,09,21804,A,N,D,C,A,A,H,-,A,D,0,,,Y,,Y,,D,22,1,0,0,0,0,0,0,0,1,"- ","- ",37.331729888916016,-119.65460205078125,MADERA,UNINCORPORATED,-119.65457916259766,37.331703186035156
92187637,2023,2023-10-02,9456,2023-09-23,1137,019981,,6,1,9,2000,0,2,4,,1,054,"COUNTY ROAD 274","RD 434",528.00,W,N,A,-,N,,,,,,,,,,N,2,0,1,1,A,-,08,22107,,N,E,I,A,A,H,-,A,D,0,,,Y,,Y,,C,02,1,0,0,0,0,0,0,0,1,"- ","- ",37.329540252685547,-119.56836700439453,MADERA,UNINCORPORATED,-119.55693817138672,37.322658538818359
92196258,2023,2023-10-11,9450,2023-09-29,"747 ",017827,,5,1,9,2000,0,3,5,,2,020,"AVENUE 21","RD.  28 1/2",0.00,,Y,A,-,N,,,,,,,,,,Y,2,0,1,2,A,-,09,21802,A,N,D,C,A,A,H,-,A,A,0,,,,,Y,,A,07,1,0,0,0,0,0,0,0,0,"- ","- ",37.054210662841797,-120.02970123291016,MADERA,UNINCORPORATED,-120.02922821044922,37.05426025390625
9221927,2021,2021-03-15,2001,2021-02-05,1752,530,,5,5,3,2001,0,0,0,,0,12A,"WEST ROBERTSON BL","WASHINGTON RD",0.00,,Y,A,-,N,,,,,,,,,,Y,2,0,1,2,A,-,09,21804,A,N,D,C,A,A,H,-,B,A,0,,,Y,,Y,,A,,1,0,0,0,0,0,0,0,1,"- ","- ",,,MADERA,CHOWCHILLA,-120.27236938476562,37.112785339355469
92234108,2023,2023-11-13,9456,2023-11-05,1356,019981,,7,1,9,2000,0,1,3,,2,056,SR-49,"HILLTOP LN",400.00,S,N,A,-,Y,MAD,,49," "," ",6.736,H,,R,N,2,0,1,2,A,-,03,22350,,N,B,C,A,A,H,-,A,D,0,,,Y,,Y,,C,02,1,0,0,0,0,0,0,0,1,"- ","- ",37.384109497070312,-119.73452758789062,MADERA,UNINCORPORATED,-119.73454284667969,37.384101867675781
92234610,2023,2023-11-13,9456,2023-11-07,1350,019981,,2,1,9,2000,0,2,4,,1,053,"COUNTY ROAD 200","WILD PLUM LN",1584.00,S,N,A,-,N,,,,,,,,,,N,2,0,1,1,A,-,08,22107,,N,E,I,A,A,H,-,A,D,0,,,,,Y,,A,01,1,0,0,0,0,0,0,0,0,"- ","- ",37.215839385986328,-119.51296997070312,MADERA,UNINCORPORATED,-119.51334381103516,37.215599060058594
92242146,2023,2023-11-21,9456,2023-11-18,1330,019981,,6,1,9,2000,0,3,5,,2,050,"RD 415","BEAN GULCH RANCH RD",233.00,W,N,B,-,N,,,,,,,,,,Y,2,0,1,1,A,-,08,22107,,N,E,I,A,B,H,-,A,D,0,,,,,Y,,A,07,1,0,0,0,0,0,0,0,0,"- ","- ",37.239330291748047,-119.77694702148438,MADERA,UNINCORPORATED,-119.77658843994141,37.239044189453125
92242877,2023,2023-11-22,9450,2023-09-19,"720 ",017827,,2,1,9,2000,0,3,5,,2,020,"ELLIS STREET","OWENS STREET",55.00,E,N,A,-,N,,,,,,,,,,N,2,0,1,2,A,-,03,22350,,N,G,B,D,A,H,-,A,D,0,Y,,,,Y,,A,01,1,0,0,0,1,0,0,0,0,"- ","- ",36.986888885498047,-120.07002258300781,MADERA,UNINCORPORATED,-120.06996154785156,36.986888885498047
92252028,2023,2023-12-04,9456,2023-11-24,"833 ",019981,,5,1,9,2000,0,1,3,,1,051,SR49,SR41,0.00,,Y,A,-,Y,MAD,,49," "," ",0.013,H,,R,N,2,0,1,2,A,-,09,21453,B,N,G,B,B,A,H,-,A,A,0,Y,,,,Y,,D,22,1,0,0,0,1,0,0,0,0,"- ","- ",37.331089019775391,-119.65583801269531,MADERA,UNINCORPORATED,-119.65576934814453,37.331188201904297
9225238,2021,2021-03-05,2002,2021-01-31,1650,4515,MSC,7,5,4,2002,0,0,0,,0,003,"SUNSET AV","4TH ST W",181.00,N,N,B,-,N,,,,,,,,,,Y,2,0,1,1,A,-,01,23152,A,N,E,I,A,A,H,-,A,A,0,,,,,Y,Y,A,01,1,0,0,0,0,0,0,0,0,"- ","- ",,,MADERA,MADERA,-120.06767272949219,36.960136413574219
92257292,2023,2023-12-08,9450,2023-11-25,2146,021270,,6,2,9,2000,0,3,5,,2,020,"COUNTY ROAD 600","COUNTY ROAD 407",4594.00,N,N,A,-,N,,,,,,,,,,Y,2,0,2,2,A,-,01,23152,A,N,A,C,A,A,H,-,D,D,0,,,,,Y,Y,A,07,1,0,1,0,0,0,0,0,0,"- ","- ",37.160800933837891,-119.91024017333984,MADERA,UNINCORPORATED,-119.91027069091797,37.160602569580078
9227388,2021,2021-04-19,2002,2021-03-06,2354,4483,,6,5,4,2002,0,0,0,,0,001,"CLINTON ST","MAGNOLIA ST",118.00,W,N,A,-,N,,,,,,,,,,Y,2,0,1,2,A,-,01,23152,A,N,C,E,A,A,H,-,C,D,0,,,,,Y,Y,A,01,1,0,0,0,0,0,0,0,0,"- ","- ",,,MADERA,MADERA,-120.04563903808594,36.965774536132812