CASE_ID,ACCIDENT_YEAR,PROC_DATE,JURIS,COLLISION_DATE,COLLISION_TIME,OFFICER_ID,REPORTING_DISTRICT,DAY_OF_WEEK,CHP_SHIFT,POPULATION,CNTY_CITY_LOC,SPECIAL_COND,BEAT_TYPE,CHP_BEAT_TYPE,CITY_DIVISION_LAPD,CHP_BEAT_CLASS,BEAT_NUMBER,PRIMARY_RD,SECONDARY_RD,DISTANCE,DIRECTION,INTERSECTION,WEATHER_1,WEATHER_2,STATE_HWY_IND,CALTRANS_COUNTY,CALTRANS_DISTRICT,STATE_ROUTE,ROUTE_SUFFIX,POSTMILE_PREFIX,POSTMILE,LOCATION_TYPE,RAMP_INTERSECTION,SIDE_OF_HWY,TOW_AWAY,COLLISION_SEVERITY,NUMBER_KILLED,NUMBER_INJURED,PARTY_COUNT,PRIMARY_COLL_FACTOR,PCF_CODE_OF_VIOL,PCF_VIOL_CATEGORY,PCF_VIOLATION,PCF_VIOL_SUBSECTION,HIT_AND_RUN,TYPE_OF_COLLISION,MVIW,PED_ACTION,ROAD_SURFACE,ROAD_COND_1,ROAD_COND_2,LIGHTING,CONTROL_DEVICE,CHP_ROAD_TYPE,PEDESTRIAN_ACCIDENT,BICYCLE_ACCIDENT,MOTORCYCLE_ACCIDENT,TRUCK_ACCIDENT,NOT_PRIVATE_PROPERTY,ALCOHOL_INVOLVED,STWD_VEHTYPE_AT_FAULT,CHP_VEHTYPE_AT_FAULT,COUNT_SEVERE_INJ,COUNT_VISIBLE_INJ,COUNT_COMPLAINT_PAIN,COUNT_PED_KILLED,COUNT_PED_INJURED,COUNT_BICYCLIST_KILLED,COUNT_BICYCLIST_INJURED,COUNT_MC_KILLED,COUNT_MC_INJURED,PRIMARY_RAMP,SECONDARY_RAMP,LATITUDE,LONGITUDE,COUNTY,CITY,POINT_X,POINT_Y
92282723,2024,2024-01-09,9450,2024-01-08,2010,020253,,1,2,9,2000,0,3,5,,2,040,"COUNTY ROAD 400","COUNTY ROAD 33",9504.00,N,N,A,-,N,,,,,,,,,,N,2,0,1,1,A,-,08,22107,,N,F,A,A,A,H,-,D,D,0,,,Y,,Y,,C,02,1,0,0,0,0,0,0,0,1,"- ","- ",37.042430877685547,-119.92658233642578,MADERA,UNINCORPORATED,-119.92588043212891,37.042938232421875
92291816,2023,2024-01-19,9450,2023-07-02,"250 ",021300,,7,3,9,2000,0,2,4,,2,035,"AVENUE 12","COUNTY ROAD 30 1/2",190.00,W,N,A,-,N,,,,,,,,,,Y,1,1,0,1,A,-,01,23152,A,N,E,I,A,A,H,-,D,D,0,,,,,Y,Y,A,07,0,0,0,0,0,0,0,0,0,"- ","- ",36.923309326171875,-119.99288177490234,MADERA,UNINCORPORATED,-119.99281311035156,36.923423767089844
92291822,2023,2024-01-19,9450,2023-07-09,1426,021387,,7,2,9,2000,0,1,3,,1,042,"STATE ROUTE 41 NORTHBOUND","AVENUE 12",270.00,N,N,A,-,Y,MAD,,41," "," ",3.249,H,,R,Y,1,1,0,1,A,-,03,22350,,N,F,A,A,A,H,-,A,A,0,,,Y,,Y,,C,02,0,0,0,0,0,0,0,1,0,"- ","- ",36.924060821533203,-119.79393005371094,MADERA,UNINCORPORATED,-119.79404449462891,36.924064636230469
92295771,2024,2024-01-24,9450,2024-01-20,1025,021378,,6,1,9,2000,0,3,5,,2,040,"S/B RD 211","COUNTY ROAD 210",1056.00,S,N,C,-,N,,,,,,,,,,Y,2,0,1,1,A,-,08,22107,,N,E,I,A,B,H,-,A,D,0,,,,,Y,,A,07,1,0,0,0,0,0,0,0,0,"- ","- ",37.111640930175781,-119.69448089599609,MADERA,UNINCORPORATED,-119.71509552001953,37.053764343261719
92298187,2023,2024-01-26,9450,2023-01-31,2001,018075,,2,2,9,2000,0,2,4,,2,045,"AVENUE 12","COUNTY ROAD 39 1/2",1318.00,W,N,A,-,N,,,,,,,,,,Y,1,1,0,2,A,-,09,21804,A,N,D,C,A,A,H,-,D,D,0,,,,Y,Y,,G,25,0,0,0,0,0,0,0,0,0,"- ","- ",36.923099517822266,-119.83521270751953,MADERA,UNINCORPORATED,-119.83505249023438,36.923076629638672
92302707,2024,2024-02-01,9456,2024-01-28,1130,018970,,7,1,9,2000,0,1,3,,2,056,SR-49,"KNICKERBOCKER RD",180.00,S,N,A,-,Y,MAD,,49," "," ",6.902,H,,R,Y,2,0,1,1,A,-,08,22107,,N,F,A,A,A,H,-,A,D,0,,,Y,,Y,,C,02,1,0,0,0,0,0,0,0,1,"- ","- ",37.385219573974609,-119.73710632324219,MADERA,UNINCORPORATED,-119.73705291748047,37.385261535644531
92313122,2024,2024-02-13,9450,2024-02-09,1620,019259,,5,2,9,2000,0,2,4,,2,038,"AVENUE 7","COUNTY ROAD 28 1/2",25.00,E,N,A,-,N,,,,,,,,,,N,2,0,1,2,A,-,03,22350,,N,F,A,A,A,H,-,A,D,0,,,Y,,Y,,C,02,1,0,0,0,0,0,0,0,1,"- ","- ",36.851360321044922,-120.02799224853516,MADERA,UNINCORPORATED,-120.02808380126953,36.851341247558594
92316285,2024,2024-02-16,9450,2024-02-14,1103,018075,,3,1,9,2000,0,3,5,,2,010,"COUNTY ROAD 23","AVENUE 15 1/2",0.00,,Y,A,-,N,,,,,,,,,,N,2,0,1,2,A,-,09,21802,A,N,D,C,A,A,H,-,A,A,0,,,,,Y,,A,01,1,0,0,0,0,0,0,0,0,"- ","- ",36.974639892578125,-120.12846374511719,MADERA,UNINCORPORATED,-120.12852478027344,36.974662780761719
92343834,2023,2024-03-21,9450,2023-10-19,"555 ",021270,,4,3,9,2000,0,1,3,,2,012,"SR-99 S/B TO CHOWCHILLA BOULEVARD (BLVD.)","AVENUE 27",720.00,N,N,A,-,Y,MAD,,99," "," ",28.465,H,,L,N,1,1,0,2,A,-,08,22107,,F,G,B,E,A,H,-,C,D,0,Y,,,,Y,,D,22,0,0,0,1,0,0,0,0,0,"- ","- ",37.143360137939453,-120.27938079833984,MADERA,UNINCORPORATED,-120.27928161621094,37.143478393554688
92344871,2023,2024-03-22,9450,2023-03-18,1204,019105,,6,1,9,2000,0,1,3,,2,011,"STATE ROUTE 99 NORTHBOUND","AVENUE 20 1/2",7392.00,S,N,A,-,Y,MAD,,99," "," ",17.266,H,,R,Y,1,1,0,2,A,-,07,21658,A,F,H,C,A,A,H,-,A,D,0,,,Y,,Y,,-,99,0,0,0,0,0,0,0,1,0,"- ","- ",37.028610229492188,-120.14018249511719,MADERA,UNINCORPORATED,-120.14012145996094,37.028652191162109
92345087,2023,2024-03-22,9450,2023-07-10,"355 ",021530,,1,3,9,2000,0,3,5,,2,020,"ELLIS STREET","FAIRVIEW STREET",18.00,W,N,A,-,N,,,,,,,,,,Y,1,1,1,2,A,-,01,23152,F,N,A,C,A,A,H,-,D,D,0,,,,,Y,,D,22,1,0,0,0,0,0,0,0,0,"- ","- ",36.986930847167969,-120.07720947265625,MADERA,UNINCORPORATED,-120.07707977294922,36.986911773681641
92353989,2024,2024-04-03,9450,2024-03-21,1953,021508,,4,2,9,2000,0,3,5,,2,040,"COUNTY ROAD 36","BLOSSOM AVENUE",10.00,S,N,A,-,N,,,,,,,,,,N,2,0,1,2,A,-,10,21950,A,N,G,B,B,A,H,-,C,A,0,Y,,,,Y,,D,22,1,0,0,0,1,0,0,0,0,"- ","- ",36.926040649414062,-119.89424133300781,MADERA,UNINCORPORATED,-119.89427185058594,36.926063537597656
92355843,2024,2024-04-04,9456,2024-03-28,"755 ",017677,,4,1,9,2000,0,3,5,,2,050,"COUNTY ROAD 426","WASHBURN LANE",180.00,E,N,C,-,N,,,,,,,,,,Y,2,0,2,2,A,-,03,22350,,N,D,C,A,B,H,-,A,D,0,,,,,Y,,-,"- ",1,0,1,0,0,0,0,0,0,"- ","- ",37.324459075927734,-119.63648986816406,MADERA,UNINCORPORATED,-119.63636779785156,37.324386596679688
92391812,2024,2024-05-16,9456,2024-05-12,"250 ",021854,,7,3,9,2000,0,3,5,,2,050,"COUNTY ROAD 426","COUNTY ROAD 423",0.00,,Y,A,-,N,,,,,,,,,,Y,2,0,2,2,A,-,01,23152,A,N,D,C,A,A,H,-,D,A,0,,,,,Y,Y,D,22,2,0,0,0,0,0,0,0,0,"- ","- ",37.308601379394531,-119.62132263183594,MADERA,UNINCORPORATED,-119.62138366699219,37.308574676513672
92393271,2024,2024-05-20,9450,2024-05-16,1550,021387,,4,2,9,2000,0,1,3,,1,042,"SR-41 SOUTHBOUND",SR-145,120.00,S,N,A,-,Y,MAD,,41," "," ",9.215,H,,L,Y,2,0,6,3,A,-,09,21804,A,N,D,C,A,A,H,-,A,D,0,,,,,Y,,A,01,1,1,4,0,0,0,0,0,0,"- ","- ",37.009979248046875,-119.79393005371094,MADERA,UNINCORPORATED,-119.79401397705078,37.009979248046875
92396184,2024,2024-05-23,9450,2024-05-21,"30  ",021202,,2,3,9,2000,0,1,3,,2,014,SR-233,"AVENUE 23 1/2",1700.00,N,N,A,-,Y,MAD,,233," "," ",1.093,H,,R,Y,2,0,1,1,A,-,01,23152,F,N,E,I,A,A,H,-,D,D,0,,,,,Y,,A,01,1,0,0,0,0,0,0,0,0,"- ","- ",37.096981048583984,-120.28607177734375,MADERA,UNINCORPORATED,-120.28597259521484,37.096927642822266
92412014,2024,2024-06-11,9450,2024-05-30,1858,021407,,4,2,9,2000,0,3,5,,2,040,"COUNTY ROAD 35","AVENUE 7",2640.00,N,N,A,-,N,,,,,,,,,,Y,2,0,1,2,A,-,05,21651,A,N,A,C,A,A,H,-,A,D,0,,,,,Y,,A,07,1,0,0,0,0,0,0,0,0,"- ","- ",36.859329223632812,-119.91116333007812,MADERA,UNINCORPORATED,-119.91118621826172,36.858795166015625
92413866,2024,2024-06-13,9450,2024-06-04,1658,021320,,2,2,4,2002,0,3,5,,2,030,"AVE 7 1/2","COUNTY ROAD 6",600.00,E,N,A,-,N,,,,,,,,,,Y,2,0,1,1,A,-,08,22107,,N,E,8,A,A,H,-,A,D,0,,,,,Y,,A,07,1,0,0,0,0,0,0,0,0,"- ","- ",36.858280181884766,-120.43287658691406,MADERA,MADERA,-117.63432312011719,34.793209075927734
92414386,2024,2024-06-13,9450,2024-06-05,1257,019070,,3,1,9,2000,0,3,5,,2,010,"AVENUE 18 1/2","COUNTY ROAD 19",0.00,,Y,A,-,N,,,,,,,,,,Y,2,0,3,3,A,-,09,21802,A,N,D,C,A,A,H,-,A,A,0,,,,,Y,,A,01,1,1,1,0,0,0,0,0,0,"- ","- ",37.018379211425781,-120.20242309570312,MADERA,UNINCORPORATED,-120.20234680175781,37.018360137939453
92417406,2024,2024-06-24,9450,2024-06-03,"808 ",021760,,1,1,9,2000,0,3,5,,2,040,"AVENUE 12","COUNTY ROAD 30 1/2",0.00,,Y,A,-,N,,,,,,,,,,N,2,0,1,2,A,-,09,21802,A,N,D,C,A,A,H,-,A,D,0,,,,,Y,Y,A,01,1,0,0,0,0,0,0,0,0,"- ","- ",36.923408508300781,-119.9921875,MADERA,UNINCORPORATED,-119.99215698242188,36.923416137695312
92424898,2023,2024-06-27,9450,2023-09-04,2040,018551,,1,2,9,2000,0,3,5,,2,030,"AVENUE 15","COUNTY ROAD 28",21.00,E,N,A,-,N,,,,,,,,,,N,1,1,0,3,A,-,03,22350,,F,G,B,B,A,H,-,D,D,0,Y,,,,Y,,D,22,0,0,0,1,0,0,0,0,0,"- ","- ",36.967109680175781,-120.03755950927734,MADERA,UNINCORPORATED,-120.03762817382812,36.967109680175781
9256551,2021,2023-06-17,2002,2021-07-30,2158,4467,,5,5,4,2002,0,0,0,,0,004,"RT 145","STANFORD AV",556.00,S,N,A,-,Y,MAD,6,145,-,-,7.710,H,-,N,Y,1,1,0,2,A,-,11,21954,A,N,G,B,E,A,H,-,D,D,0,Y,,,,Y,Y,N,60,0,0,0,1,0,0,0,0,0,"- ","- ",,,MADERA,MADERA,-120.05605316162109,36.933261871337891
9258556,2021,2021-05-06,2002,2021-04-13,2019,3624,,2,5,4,2002,0,0,0,,0,001,"TOZER ST","SUNRISE AV",1301.00,N,N,A,-,N,,,,,,,,,,N,2,0,1,2,A,-,11,21954,A,N,G,B,E,A,H,-,D,D,0,Y,,,,Y,,N,60,1,0,0,0,1,0,0,0,0,"- ","- ",,,MADERA,MADERA,-120.03768100000001,36.963408000000001
92595520,2024,2024-07-23,9456,2024-07-03,2125,020685,,3,2,9,2000,0,1,3,,2,056,SR-49,"COUNTY ROAD 621",385.00,S,N,A,-,N,,,,,,,,,,Y,2,0,3,2,A,-,03,22350,,N,A,C,A,A,H,-,D,D,0,,,,,Y,,A,01,2,1,0,0,0,0,0,0,0,"- ","- ",37.360569000244141,-119.72438812255859,MADERA,UNINCORPORATED,-119.72441864013672,37.360565185546875
92596686,2024,2024-07-24,9450,2024-07-23,1145,019070,,2,1,9,2000,0,3,5,,2,030,"COUNTY ROAD 29","AVENUE 12",1056.00,N,N,A,-,N,,,,,,,,,,Y,2,0,2,1,A,-,08,22107,,N,E,8,A,A,H,-,A,D,0,,,,,Y,,A,01,2,0,0,0,0,0,0,0,0,"- ","- ",39.924858093261719,-120.01923370361328,MADERA,UNINCORPORATED,-120.02755737304688,36.923740386962891
9264069,2021,2021-05-26,2002,2021-04-12,1027,3567,CITY,1,5,4,2002,0,0,0,,0,001,"YOSEMITE AV E","C ST N",0.00,,Y,A,-,Y,MAD,6,145,-,-,9.910,I,5,S,N,2,0,1,2,A,-,10,21950,,N,G,B,B,A,-,-,A,A,0,Y,,,,Y,,A,01,1,0,0,0,1,0,0,0,0,"- ","- ",,,MADERA,MADERA,-120.05743408203125,36.963306427001953
9274349,2021,2021-07-28,2002,2021-06-05,2141,4634,,6,5,4,2002,0,0,0,,0,002,"RAYMOND RD","CLEVELAND AV E",465.00,E,N,A,-,N,,,,,,,,,,N,2,0,1,2,A,-,11,21954,A,N,G,B,D,A,H,-,C,D,0,Y,,,,Y,,N,60,1,0,0,0,1,0,0,0,0,"- ","- ",,,MADERA,MADERA,-120.04350280761719,36.975582122802734
92800830,2024,2024-07-29,9450,2024-07-20,"435 ",021530,,6,3,9,2000,0,1,3,,1,013,"EB SR-152","COUNTY ROAD 11",1320.00,E,N,A,-,Y,MAD,,152," "," ",8.322,H,,R,Y,2,0,2,2,A,-,03,22350,,M,C,C,A,A,H,-,D,D,0,,,,,Y,,A,01,1,0,1,0,0,0,0,0,0,"- ","- ",37.083209991455078,-120.34224700927734,MADERA,UNINCORPORATED,-120.34225463867188,37.083377838134766
9282306,2021,2021-10-14,2002,2021-06-15,0234,3386,MADER,2,5,4,2002,0,0,0,,0,001,"4TH ST E","D ST N",11.00,E,N,A,-,N,,,,,,,,,,N,1,1,0,2,A,-,11,21456,C,N,G,B,B,A,H,-,C,A,0,Y,,,,Y,,N,60,0,0,0,1,0,0,0,0,0,"- ","- ",,,MADERA,MADERA,-120.06033325195312,36.964458465576172
9294517,2021,2021-08-10,2001,2021-06-05,0440,18,,6,5,3,2001,0,0,0,,0,00B,"WEST ROBERTSON BL","PALM PKY",0.00,,N,A,-,N,,,,,,,,,,Y,2,0,1,2,A,-,07,21658,,N,C,E,A,A,H,-,B,D,0,,,,Y,Y,,A,,1,0,0,0,0,0,0,0,0,"- ","- ",,,MADERA,CHOWCHILLA,-120.27619171142578,37.1082763671875
92997243,2024,2024-07-31,9450,2024-07-30,"55  ",021508,,2,3,9,2000,0,1,3,,2,031,"N/B STATE ROUTE 99","AVENUE 12",1584.00,S,N,A,-,Y,MAD,,99," ",R,7.121,H,,R,Y,2,0,4,2,A,-,01,23153,A,N,C,C,A,A,C,D,D,D,0,,,,Y,Y,Y,A,07,3,1,0,0,0,0,0,0,0,"- ","- ",36.920341491699219,-120.01731109619141,MADERA,UNINCORPORATED,-120.01734161376953,36.920318603515625
93281143,2024,2024-10-02,9450,2024-07-31,"430 ",020253,,3,3,9,2000,0,3,5,,2,020,"COUNTY ROAD 26","MATEO WAY",0.00,,Y,A,-,N,,,,,,,,,,Y,2,0,1,2,A,-,09,21801,A,N,D,C,A,A,H,-,D,D,0,,,Y,,Y,Y,D,22,1,0,0,0,0,0,0,0,1,"- ","- ",36.997718811035156,-120.07425689697266,MADERA,UNINCORPORATED,-120.07427978515625,36.997631072998047
9389588,2022,2022-02-02,2002,2022-01-11,1828,3608,,2,5,4,2002,0,0,0,,0,004,"OLIVE AV W","L ST S",0.00,,Y,A,-,N,,,,,,,,,,Y,2,0,1,2,A,-,10,21950,A,N,G,B,B,A,H,-,C,A,0,Y,,,,Y,,D,22,1,0,0,0,1,0,0,0,0,"- ","- ",,,MADERA,MADERA,-120.06253814697266,36.952919006347656
94019520,2024,2024-08-09,9456,2024-08-03,1740,021563,,6,2,9,2000,0,2,4,,1,054,"COUNTY ROAD 274","ROAD 434",3696.00,W,N,A,-,N,,,,,,,,,,Y,2,0,1,1,A,-,01,23152,A,N,F,A,A,A,H,-,A,D,0,,,Y,,Y,Y,C,02,1,0,0,0,0,0,0,0,1,"- ","- ",37.328151702880859,-119.56459808349609,MADERA,UNINCORPORATED,-119.56401824951172,37.327674865722656
94364323,2024,2024-08-21,9456,2024-06-22,1553,020944,,6,2,9,2000,0,1,3,,2,056,"STATE ROUTE 49","HILLTOP LANE",550.00,S,N,A,-,Y,MAD,,49," "," ",6.736,H,,R,Y,1,1,0,2,A,-,03,22350,,N,A,C,A,A,H,-,A,D,0,,,Y,,Y,,-,"- ",0,0,0,0,0,0,0,1,0,"- ","- ",37.384109497070312,-119.73452758789062,MADERA,UNINCORPORATED,-119.73454284667969,37.384101867675781
94366083,2024,2024-08-22,9450,2024-01-07,1858,018551,,7,2,9,2000,0,3,5,,2,030,"AVENUE 7","FIREBAUGH BOULEVARD",1055.00,E,N,A,-,N,,,,,,,,,,N,1,1,1,1,A,-,08,22107,,N,F,A,A,A,H,-,D,D,0,,,,,Y,Y,A,01,0,1,0,0,0,0,0,0,0,"- ","- ",36.857688903808594,-120.33717346191406,MADERA,UNINCORPORATED,-120.33795928955078,36.857959747314453
94390058,2024,2024-09-11,9450,2024-09-09,"20  ",021202,,1,3,4,2002,0,3,5,,2,010,"STATE ROUTE 99, S/B","CLEVELAND AVENUE",100.00,S,N,A,-,Y,MAD,,99," "," ",12.061,H,,L,Y,2,0,3,2,A,-,01,23152,A,F,C,C,A,A,H,-,C,D,0,,,,,Y,Y,D,22,1,1,1,0,0,0,0,0,0,"- ","- ",36.973930358886719,-120.07566833496094,MADERA,MADERA,-120.07565307617188,36.973941802978516
94390690,2024,2025-07-23,9450,2024-08-27,"731 ",021320,,2,1,9,2000,0,1,3,,1,042,SR-41,"AVE 12",528.00,S,N,A,-,Y,MAD,,41," "," ",3.077,H,,R,Y,2,0,5,6,A,-,03,22350,,N,C,C,A,A,H,-,A,D,0,,,,Y,Y,,-,"- ",1,2,2,0,0,0,0,0,0,"- ","- ",36.921600341796875,-119.79386138916016,MADERA,UNINCORPORATED,-119.79401397705078,36.921592712402344
94399068,2024,2024-09-18,9456,2024-09-10,2110,018970,,2,2,4,2002,0,1,3,,2,056,SR-49,"KNICKERBOCKER RD",230.00,S,N,A,-,Y,MAD,,49," "," ",6.892,H,,R,N,2,0,1,1,A,-,08,22107,,N,E,I,A,A,H,-,D,D,0,,,Y,,Y,,C,02,1,0,0,0,0,0,0,0,1,"- ","- ",37.3851318359375,-119.73696899414062,MADERA,MADERA,-119.7369384765625,37.385154724121094
94422072,2024,2024-10-07,9450,2024-09-27,1744,021508,,5,2,9,2000,0,3,5,,2,030,"AVENUE 8","COUNTY ROAD 25",0.00,,Y,A,-,N,,,,,,,,,,Y,2,0,2,2,A,-,12,22450,A,N,D,C,A,A,H,-,A,A,0,,,,,Y,,E,22,1,1,0,0,0,0,0,0,0,"- ","- ",36.865768432617188,-120.09220123291016,MADERA,UNINCORPORATED,-120.09214782714844,36.865737915039062
94434734,2024,2024-10-17,9450,2024-09-24,1430,019105,,2,2,9,2000,0,3,5,,2,010,"COUNTY ROAD 9","AVENUE 25",0.00,,Y,A,-,N,,,,,,,,,,N,2,0,4,2,A,-,12,22450,A,N,D,C,A,A,H,-,A,A,0,,,,,Y,,A,07,3,1,0,0,0,0,0,0,0,"- ","- ",37.112651824951172,-120.38265991210938,MADERA,UNINCORPORATED,-120.38268280029297,37.112659454345703
94435660,2024,2024-10-17,9450,2024-10-10,"130 ",021508,,4,3,9,2000,0,1,3,,2,031,"SR-99 (S/B)","AVENUE 9",3670.00,N,N,A,-,Y,MAD,,99," "," ",4.272,H,,R,Y,2,0,2,2,A,-,01,23152,A,N,C,C,A,A,H,-,D,D,0,,,,Y,Y,Y,A,01,1,1,0,0,0,0,0,0,0,"- ","- ",36.888420104980469,-119.98444366455078,MADERA,UNINCORPORATED,-119.98427581787109,36.888530731201172
94450612,2024,2024-10-30,9450,2024-10-05,1445,017827,,6,2,9,2000,0,3,5,,2,020,"COUNTY ROAD 22","AVE 24",2640.00,N,N,A,-,N,,,,,,,,,,N,2,0,1,1,A,-,08,22107,,N,E,I,A,A,H,-,A,D,0,,,,,Y,,A,01,1,0,0,0,0,0,0,0,0,"- ","- ",37.113048553466797,-120.14717864990234,MADERA,UNINCORPORATED,-120.14707183837891,37.105377197265625
94450647,2024,2024-10-30,9450,2024-10-27,1255,021378,,7,1,9,2000,0,3,5,,2,040,"COUNTY ROAD 211","COUNTY ROAD 208",4224.00,N,N,B,-,N,,,,,,,,,,Y,2,0,1,1,A,-,08,22107,,N,E,I,A,A,H,-,A,D,0,,,,,Y,,A,01,1,0,0,0,0,0,0,0,0,"- ","- ",37.063411712646484,-119.70316314697266,MADERA,UNINCORPORATED,-119.70320129394531,37.062427520751953
94450713,2024,2024-10-30,9450,2024-10-27,1915,021378,,7,2,9,2000,0,3,5,,2,040,"S/B ROAD 206","COUNTY ROAD 145",1584.00,S,N,A,-,N,,,,,,,,,,Y,2,0,1,1,A,-,01,23152,A,N,F,A,A,A,H,-,D,D,0,,,Y,,Y,Y,C,02,1,0,0,0,0,0,0,0,1,"- ","- ",37.007038116455078,-119.73683929443359,MADERA,UNINCORPORATED,-119.73745727539062,37.006572723388672
94469404,2024,2024-11-14,9450,2024-11-02,"144 ",021811,,6,3,9,2000,0,3,5,,2,040,"STATE ROUTE 41 BUSINESS","AVENUE 11",2112.00,N,N,B,C,Y,,,,,,,,,,Y,2,0,2,1,A,-,01,23152,A,N,E,I,A,B,H,-,D,D,0,,,,,Y,Y,A,01,1,1,0,0,0,0,0,0,0,"- ","- ",36.916358947753906,-119.7940673828125,MADERA,UNINCORPORATED,,
94473806,2024,2024-11-18,9450,2024-05-04,1737,021508,,6,2,9,2000,0,1,3,,1,043,"STATE ROUTE 41","JEWEL VISTA DRIVE",365.00,S,N,C,-,Y,MAD,,41," "," ",14.764,H,,R,Y,1,1,5,3,A,-,03,22350,,N,E,I,A,B,H,-,A,D,0,,,,,Y,,A,07,3,2,0,0,0,0,0,0,0,"- ","- ",37.083709716796875,-119.75733184814453,MADERA,UNINCORPORATED,-119.75735473632812,37.083713531494141
94486793,2024,2025-01-08,9450,2024-11-24,2150,021387,,7,2,9,2000,0,1,3,,2,011,"SR-99 NB","AVENUE 18 1/2",2112.00,N,N,B,-,Y,MAD,,99," ",R,16.729,H,,R,Y,2,0,2,1,A,-,08,22107,,N,F,A,A,A,H,-,D,D,0,,,,,Y,,A,07,2,0,0,0,0,0,0,0,0,"- ","- ",37.022838592529297,-120.13307952880859,MADERA,UNINCORPORATED,-120.13306427001953,37.022850036621094
94488981,2024,2024-12-26,9450,2024-11-21,1450,017827,,4,2,9,2000,0,3,5,,2,020,"HANOVER DRIVE","AVENUE 18 1/2",0.00,,Y,A,-,N,,,,,,,,,,N,2,0,2,1,A,-,03,22350,,N,E,I,A,A,H,-,A,D,0,,,,,Y,,A,01,1,0,1,0,0,0,0,0,0,"- ","- ",37.018039703369141,-120.07470703125,MADERA,UNINCORPORATED,-120.07488250732422,37.018196105957031
94492304,2024,2024-12-04,9450,2024-12-02,"520 ",019105,,1,3,9,2000,0,1,3,,2,012,"STATE ROUTE 99 N/B TO STATE ROUTE 152 W/B",SR-152,10.00,S,N,A,-,Y,MAD,,99," "," ",22.697,H,,R,N,2,0,2,1,A,-,08,22107,,N,E,I,A,A,H,-,C,D,0,,,,,Y,,A,07,1,1,0,0,0,0,0,0,0,"- ","- ",37.084251403808594,-120.20912170410156,MADERA,UNINCORPORATED,-120.20899963378906,37.084362030029297
94509030,2024,2024-12-18,9450,2024-07-13,2125,021489,,6,2,9,2000,0,3,5,,2,020,"ELLIS STREET","CHAPIN STREET",334.00,E,N,A,-,N,,,,,,,,,,Y,1,1,0,1,A,-,01,23152,G,N,E,J,A,A,H,-,B,D,0,,,,,Y,Y,A,01,0,0,0,0,0,0,0,0,0,"- ","- ",36.986770629882812,-120.04039001464844,MADERA,UNINCORPORATED,-120.04031372070312,36.986740112304688
94510086,2024,2024-12-19,9450,2024-09-03,2112,017868,,2,2,9,2000,0,1,3,,2,012,"SR-99 NORTHBOUND","ROBERTSON BOULEVARD",5702.00,S,N,A,-,Y,MAD,,99," "," ",25.486,H,,R,Y,1,1,0,2,A,-,00,21960,A,N,G,B,E,A,H,-,D,D,0,Y,,,,Y,,N,60,0,0,0,1,0,0,0,0,0,"- ","- ",37.116031646728516,-120.23798370361328,MADERA,UNINCORPORATED,-120.23799133300781,37.116020202636719
94512184,2024,2024-12-20,9450,2024-04-22,1655,020253,,1,2,9,2000,0,1,3,,2,014,"STATE ROUTE 233","AVENUE 23 1/2",0.00,,Y,A,-,Y,MAD,,233," "," ",0.577,H,,R,Y,1,1,1,2,A,-,09,21802,A,N,D,C,A,A,H,-,A,A,0,,,,,Y,,A,01,0,1,0,0,0,0,0,0,0,"- ","- ",37.090709686279297,-120.29134368896484,MADERA,UNINCORPORATED,-120.29129028320312,37.090682983398438
94523604,2024,2025-03-18,9456,2024-11-28,"138 ",021563,,4,3,9,2000,0,1,3,,2,056,"STATE ROUTE 49","HARMONY LANE",1056.00,S,N,B,-,Y,MAD,,49," "," ",2.381,H,,R,Y,1,1,0,1,A,-,01,23152,A,N,E,I,A,B,H,-,D,D,0,,,,,Y,Y,-,"- ",0,0,0,0,0,0,0,0,0,"- ","- ",37.340549468994141,-119.69416046142578,MADERA,UNINCORPORATED,-119.69415283203125,37.340587615966797
94538818,2025,2025-01-15,9456,2025-01-02,"40  ",021854,,4,3,9,2000,0,1,3,,1,051,SR-41,"STONE CREEK DR.",122.00,N,N,A,-,Y,MAD,,41," "," ",27.258,H,,R,Y,2,0,1,1,A,-,01,23152,F,N,E,I,A,A,H,-,D,D,0,,,,,Y,,A,01,1,0,0,0,0,0,0,0,0,"- ","- ",37.250171661376953,-119.70549774169922,MADERA,UNINCORPORATED,-119.70538330078125,37.250152587890625
94552373,2025,2025-01-28,9450,2025-01-19,2335,021530,,7,3,9,2000,0,3,5,,2,030,"AVENUE 9","COUNTY ROAD 30",2376.00,E,N,A,-,N,,,,,,,,,,Y,2,0,2,2,A,-,01,23152,A,N,C,D,A,A,H,-,D,D,0,,,,,Y,Y,A,01,1,1,0,0,0,0,0,0,0,"- ","- ",36.88031005859375,-119.99342346191406,MADERA,UNINCORPORATED,-119.99332427978516,36.880279541015625