CASE_ID,ACCIDENT_YEAR,PROC_DATE,JURIS,COLLISION_DATE,COLLISION_TIME,OFFICER_ID,REPORTING_DISTRICT,DAY_OF_WEEK,CHP_SHIFT,POPULATION,CNTY_CITY_LOC,SPECIAL_COND,BEAT_TYPE,CHP_BEAT_TYPE,CITY_DIVISION_LAPD,CHP_BEAT_CLASS,BEAT_NUMBER,PRIMARY_RD,SECONDARY_RD,DISTANCE,DIRECTION,INTERSECTION,WEATHER_1,WEATHER_2,STATE_HWY_IND,CALTRANS_COUNTY,CALTRANS_DISTRICT,STATE_ROUTE,ROUTE_SUFFIX,POSTMILE_PREFIX,POSTMILE,LOCATION_TYPE,RAMP_INTERSECTION,SIDE_OF_HWY,TOW_AWAY,COLLISION_SEVERITY,NUMBER_KILLED,NUMBER_INJURED,PARTY_COUNT,PRIMARY_COLL_FACTOR,PCF_CODE_OF_VIOL,PCF_VIOL_CATEGORY,PCF_VIOLATION,PCF_VIOL_SUBSECTION,HIT_AND_RUN,TYPE_OF_COLLISION,MVIW,PED_ACTION,ROAD_SURFACE,ROAD_COND_1,ROAD_COND_2,LIGHTING,CONTROL_DEVICE,CHP_ROAD_TYPE,PEDESTRIAN_ACCIDENT,BICYCLE_ACCIDENT,MOTORCYCLE_ACCIDENT,TRUCK_ACCIDENT,NOT_PRIVATE_PROPERTY,ALCOHOL_INVOLVED,STWD_VEHTYPE_AT_FAULT,CHP_VEHTYPE_AT_FAULT,COUNT_SEVERE_INJ,COUNT_VISIBLE_INJ,COUNT_COMPLAINT_PAIN,COUNT_PED_KILLED,COUNT_PED_INJURED,COUNT_BICYCLIST_KILLED,COUNT_BICYCLIST_INJURED,COUNT_MC_KILLED,COUNT_MC_INJURED,PRIMARY_RAMP,SECONDARY_RAMP,LATITUDE,LONGITUDE,COUNTY,CITY,POINT_X,POINT_Y
94554193,2024,2025-01-29,9456,2024-06-12,1231,017677,,3,1,9,2000,0,1,3,,1,052,"STATE ROUTE 41","RIVER FALLS ROAD",835.00,S,N,A,-,Y,MAD,,41," "," ",38.317,H,,R,Y,1,1,4,3,A,-,03,22350,,N,C,C,A,A,H,-,A,D,0,,,,,Y,,A,01,1,2,1,0,0,0,0,0,0,"- ","- ",37.362758636474609,-119.63997650146484,MADERA,UNINCORPORATED,-119.63995361328125,37.362724304199219
94569922,2025,2025-02-07,9456,2025-01-26,1500,018970,,7,2,9,2000,0,3,5,,2,050,"COUNTY ROAD 235","REDINGER WAY",5280.00,S,N,A,-,N,,,,,,,,,,Y,2,0,1,2,A,-,03,22350,,N,B,C,A,A,H,-,A,D,0,,,Y,,Y,,C,02,1,0,0,0,0,0,0,0,1,"- ","- ",37.155769348144531,-119.43746948242188,MADERA,UNINCORPORATED,-119.43770599365234,37.155250549316406
94589727,2024,2025-02-25,9450,2024-02-23,"615 ",019259,,5,1,9,2000,0,3,5,,2,030,"AVENUE 7","COUNTY ROAD 22",702.00,W,N,B,E,N,,,,,,,,,,Y,1,8,1,2,A,-,05,21650,,N,A,C,A,A,H,-,D,D,0,,,,,Y,,D,22,1,0,0,0,0,0,0,0,0,"- ","- ",36.851249694824219,-120.14865875244141,MADERA,UNINCORPORATED,-120.14881134033203,36.851238250732422
94593720,2025,2025-03-03,9456,2025-02-24,1848,021563,,1,2,9,2000,0,2,S,,2,057,"COUNTY ROAD 415","RIO WAY",735.00,W,N,A,-,N,,,,,,,,,,Y,2,0,1,1,A,-,01,23152,A,N,E,8,A,A,H,-,B,D,0,,,,,Y,Y,D,22,1,0,0,0,0,0,0,0,0,"- ","- ",37.235641479492188,-119.77445220947266,MADERA,UNINCORPORATED,-119.77443695068359,37.235671997070312
94595113,2025,2025-03-03,9456,2025-02-26,1449,019856,,3,2,9,2000,0,1,3,,2,056,"STATE ROUTE 49","OAK PARK WAY",110.00,S,N,A,-,Y,MAD,,49," "," ",0.555,H,,R,Y,2,0,1,2,A,-,05,21650,,N,D,G,A,A,H,-,A,D,0,,Y,,,Y,,L,04,1,0,0,0,0,0,1,0,0,"- ","- ",37.335868835449219,-119.66332244873047,MADERA,UNINCORPORATED,-119.66326904296875,37.335929870605469
94613098,2025,2025-03-21,9450,2025-01-19,"913 ",021320,,7,1,9,2000,0,1,3,,1,043,"STATE ROUTE 41 (SR-41)","COUNTY ROAD 209",0.00,,Y,A,-,Y,MAD,,41," "," ",9.914,H,,R,Y,1,1,1,2,A,-,01,23152,G,N,D,C,A,A,H,-,A,D,0,,,,,Y,Y,A,01,0,1,0,0,0,0,0,0,0,"- ","- ",37.020118713378906,-119.79353332519531,MADERA,UNINCORPORATED,-119.79345703125,37.020107269287109
94627871,2024,2025-03-26,9450,2024-01-18,"555 ",017827,,4,3,9,2000,0,1,3,,1,013,SR-152,"COUNTY ROAD 9",0.00,,Y,E,-,Y,MAD,,152," "," ",6.090,H,,R,Y,1,1,1,6,A,-,03,22350,,N,D,C,A,A,H,-,D,A,0,,,,Y,Y,,A,01,0,1,0,0,0,0,0,0,0,"- ","- ",37.083450317382812,-120.38273620605469,MADERA,UNINCORPORATED,-120.38274383544922,37.083320617675781
9464380,2022,2022-09-14,2002,2022-01-18,0630,4467,,2,5,4,2002,0,0,0,,0,001,"RT 145","VINEYARD AV",0.00,,Y,A,-,Y,MAD,6,145,-,-,10.240,I,5,N,Y,1,1,1,3,A,-,22,23123,A,N,D,C,A,A,H,-,C,A,0,,,,,Y,,A,01,0,0,1,0,0,0,0,0,0,"- ","- ",,,MADERA,MADERA,-120.05307769775391,36.966259002685547
94667242,2025,2025-04-28,9450,2025-04-12,1745,021530,,6,2,9,2000,0,1,3,,2,011,"BROOK DRIVE","LARWOOD DRIVE",253.00,E,N,A,-,N,,,,,,,,,,N,2,0,2,3,A,-,01,23152,A,F,G,B,F,A,H,-,A,D,0,Y,,,,Y,Y,D,22,2,0,0,0,2,0,0,0,0,"- ","- ",37.000900268554688,-120.09587097167969,MADERA,UNINCORPORATED,-120.09589385986328,37.000965118408203
94677105,2025,2025-05-06,9456,2025-04-24,"949 ",017677,,4,1,9,2000,0,2,4,,1,053,"COUNTY ROAD 200","HADLEY ROAD",822.00,W,N,A,-,N,,,,,,,,,,Y,2,0,1,1,A,-,08,22107,,N,E,I,A,A,H,-,A,D,0,,,,,Y,,A,01,1,0,0,0,0,0,0,0,0,"- ","- ",37.210208892822266,-119.56751251220703,MADERA,UNINCORPORATED,-119.56748962402344,37.210205078125
9468296,2022,2023-01-31,2002,2022-12-30,2057,4762,MSC,5,5,4,2002,0,0,0,,0,004,"RT 145","SAN JOSE AV",67.00,N,N,B,-,Y,MAD,6,145,-,-,7.730,H,-,N,Y,2,0,2,3,A,-,01,23152,A,N,A,C,A,B,H,-,C,D,0,,,,,Y,Y,A,07,1,1,0,0,0,0,0,0,0,"- ","- ",,,MADERA,MADERA,-120.05605316162109,36.933612823486328
94690427,2025,2025-05-16,9450,2025-05-06,1645,020253,,2,2,9,2000,0,1,3,,1,043,"STATE ROUTE 41 S/B","COUNTY ROAD 8063",2584.00,N,N,A,-,Y,MAD,,41," "," ",16.440,H,,L,N,2,0,1,1,A,-,01,23152,A,N,E,C,A,A,H,-,A,D,0,,,,,Y,Y,A,01,1,0,0,0,0,0,0,0,0,"- ","- ",37.105339050292969,-119.74546051025391,MADERA,UNINCORPORATED,-119.74544525146484,37.105339050292969
94692103,2025,2025-05-19,9456,2025-05-09,1155,020635,,5,1,9,2000,0,1,3,,1,051,"RT 41","COUNTY ROAD 416",0.00,,Y,A,-,Y,MAD,,41," "," ",23.462,H,,R,Y,2,0,2,2,A,-,09,21802,A,N,D,C,A,A,H,-,A,A,0,,,,,Y,,A,07,1,0,1,0,0,0,0,0,0,"- ","- ",37.202060699462891,-119.72271728515625,MADERA,UNINCORPORATED,-119.72261810302734,37.202022552490234
94744119,2025,2025-06-30,9456,2025-06-22,"340 ",021563,,7,3,9,2000,0,1,3,,1,051,SR-41,"YOSEMITE SPRINGS PKWY",528.00,N,N,A,-,Y,MAD,,41," "," ",20.168,H,,R,N,2,0,1,1,A,-,01,23152,A,N,E,I,A,A,H,-,D,A,0,,,,,Y,Y,-,"- ",1,0,0,0,0,0,0,0,0,"- ","- ",37.157371520996094,-119.73075103759766,MADERA,UNINCORPORATED,-119.73072814941406,37.157360076904297
94746111,2025,2025-07-01,9450,2025-06-28,"429 ",021555,,6,3,4,2002,0,1,3,,2,031,"STATE ROUTE 99","SOUTH GATEWAY DRIVE",800.00,S,N,A,-,Y,MAD,,99," "," ",9.582,H,,R,Y,2,0,2,1,A,-,08,22107,,N,E,I,A,A,H,-,C,D,0,,,,,Y,,A,01,2,0,0,0,0,0,0,0,0,"- ","- ",36.947830200195312,-120.04609680175781,MADERA,MADERA,-120.04616546630859,36.947761535644531
94748397,2024,2025-07-07,9450,2024-07-25,1213,021285,,4,1,9,2000,0,1,3,,2,031,"SR-99 NORTHBOUND","AVENUE 11",4752.00,S,N,A,-,Y,MAD,,99," "," ",5.243,H,,R,Y,1,1,0,3,A,-,08,22107,,N,C,4,E,A,H,-,A,D,0,Y,,,Y,Y,,G,25,0,0,0,1,0,0,0,0,0,"- ","- ",36.899421691894531,-119.99542999267578,MADERA,UNINCORPORATED,-119.9954833984375,36.899387359619141
94752137,2025,2025-07-07,9450,2025-06-29,1600,019105,,7,2,9,2000,0,3,5,,2,020,"COUNTY ROAD 26","HALEY WAY",255.00,S,N,A,-,N,,,,,,,,,,N,2,0,1,1,D,-,00,,,N,F,A,A,A,H,-,A,D,0,,,Y,,Y,,-,"- ",1,0,0,0,0,0,0,0,1,"- ","- ",37.000431060791016,-120.07425689697266,MADERA,UNINCORPORATED,-120.07427978515625,37.000511169433594
94752367,2024,2025-07-07,9450,2024-08-18,2315,021508,,7,3,9,2000,0,1,3,,1,041,SR-145,"SANTA FE TRACKS",918.00,W,N,A,-,Y,MAD,,145," "," ",11.964,H,,R,Y,1,1,4,5,A,-,01,23152,G,N,A,C,A,A,H,-,D,D,0,,,,,Y,Y,A,01,1,3,0,0,0,0,0,0,0,"- ","- ",36.981361389160156,-120.02925872802734,MADERA,UNINCORPORATED,-120.02927398681641,36.981376647949219
94797569,2024,2025-08-11,9450,2024-08-30,"535 ",018075,,5,3,9,2000,0,2,4,,2,045,"AVENUE 12","RIVERSTONE BOULEVARD SW",60.00,W,N,A,-,N,,,,,,,,,,Y,1,1,1,3,A,-,03,22350,,N,C,C,A,A,H,-,B,D,0,,,,Y,Y,,G,25,0,1,0,0,0,0,0,0,0,"- ","- ",36.923198699951172,-119.81532287597656,MADERA,UNINCORPORATED,-119.81568145751953,36.923160552978516
94823344,2025,2025-08-29,9450,2025-01-22,1018,019105,,3,1,9,2000,0,3,5,,2,030,"AVENUE 7","AVENUE 7 1/2",0.00,,Y,A,-,N,,,,,,,,,,Y,1,1,0,2,A,-,12,22450,A,N,D,C,A,A,H,-,A,A,0,,,,,Y,,A,01,0,0,0,0,0,0,0,0,0,"- ","- ",36.859138488769531,-120.34092712402344,MADERA,UNINCORPORATED,-120.31700897216797,36.851131439208984
9484993,2022,2022-08-31,2002,2022-08-16,1410,4666,,2,5,4,2002,0,0,0,,0,003,"CLEVELAND AV W","SCHNOOR AV N",650.00,E,N,A,-,N,,,,,,,,,,Y,2,0,2,3,A,-,01,23153,A,N,C,C,A,A,H,-,A,A,0,,,,,Y,Y,A,01,1,1,0,0,0,0,0,0,0,"- ","- ",,,MADERA,MADERA,-120.08232879638672,36.974540710449219
9520113,2022,2022-12-16,2002,2022-09-09,2027,3608,MSC,5,5,4,2002,0,0,0,,0,003,"CLEVELAND AV","RT 99",0.00,,Y,A,-,Y,MAD,6,99,-,-,12.304,R,1,S,N,1,1,0,2,A,-,01,21200,5,N,D,G,A,A,H,-,C,A,0,,Y,,,Y,Y,L,04,0,0,0,0,0,1,0,0,0,"- ","- ",,,MADERA,MADERA,-120.07872772216797,36.976474761962891
9520225,2022,2023-01-12,2002,2022-08-17,0214,3608,,3,5,4,2002,0,0,0,,0,004,"GOLDEN STATE BL","PECAN AV",1950.00,N,N,A,-,N,,,,,,,,,,N,1,1,0,2,A,-,11,21956,A,F,G,B,E,A,H,-,D,A,0,Y,,,,Y,,N,60,0,0,0,1,0,0,0,0,0,"- ","- ",,,MADERA,MADERA,-120.04112243652344,36.942642211914062
9520537,2022,2023-09-27,2002,2022-10-20,1559,3608,,4,5,4,2002,0,0,0,,0,001,"KNOX ST S","ALMOND AV E",75.00,N,N,A,-,N,,,,,,,,,,Y,2,0,1,3,C,-,18,,,N,G,B,E,A,B,-,A,D,0,Y,,,,Y,,-,"- ",1,0,0,0,1,0,0,0,0,"- ","- ",,,MADERA,MADERA,-120.04198455810547,36.945415496826172
9524202,2022,2023-01-12,2001,2022-11-06,1713,033,,7,5,3,2001,0,0,0,,0,,"GOLF DR W","PLUM CREEK WY",0.00,,Y,A,-,N,,,,,,,,,,N,2,0,1,1,A,-,00,4000,A,N,E,I,A,A,H,-,A,D,0,,,Y,,Y,,C,02,1,0,0,0,0,0,0,0,1,"- ","- ",37.11492919921875,-120.22078704833984,MADERA,CHOWCHILLA,-120.22075653076172,37.114921569824219
9539243,2022,2023-01-31,2001,2022-12-18,0027,030,12A,7,5,3,2001,0,0,0,,0,00A,"VENTURA AV","N 6TH ST",244.00,W,N,E,-,N,,,,,,,,,,Y,2,0,2,3,A,-,07,21658,A,N,D,E,A,B,H,-,C,D,0,,,,,Y,,A,01,1,0,1,0,0,0,0,0,0,"- ","- ",37.124168395996094,-120.26960754394531,MADERA,CHOWCHILLA,-120.26949310302734,37.123882293701172
9544345,2023,2023-02-16,2002,2023-01-18,1622,4738,MSC,3,5,4,2002,0,0,0,,0,001,"A ST","11TH ST",182.00,N,N,A,-,N,,,,,,,,,,Y,2,0,1,2,A,-,01,23152,A,N,A,C,A,A,H,-,A,D,0,,,,,Y,Y,A,01,1,0,0,0,0,0,0,0,0,"- ","- ",,,MADERA,MADERA,-120.04948425292969,36.959117889404297
9576416,2023,2023-08-09,2002,2023-07-17,1217,4808,,1,5,4,2002,0,0,0,,0,004,"RT 145","G ST",0.00,,Y,A,-,Y,MAD,6,145,-,-,9.210,I,5,N,N,2,0,1,2,A,-,09,21802,A,N,D,C,A,A,H,-,A,A,0,,,,,Y,,A,01,1,0,0,0,0,0,0,0,0,"- ","- ",,,MADERA,MADERA,-120.0560302734375,36.955192565917969
9587735,2023,2023-06-15,2002,2023-05-05,2300,4750,,5,5,4,2002,0,0,0,,0,001,"6TH ST E","D ST N",15.00,W,N,A,-,N,,,,,,,,,,N,2,0,1,2,A,-,10,21950,A,F,G,B,B,A,H,-,C,A,0,Y,,,,Y,,A,01,1,0,0,0,1,0,0,0,0,"- ","- ",,,MADERA,MADERA,-120.05754852294922,36.961643218994141
9617866,2023,2023-10-13,2002,2023-09-14,1252,4758,,4,5,4,2002,0,0,0,,0,002,"GATEWAY DR","CENTRAL AV",1268.00,N,N,A,-,N,,,,,,,,,,Y,2,0,1,3,A,-,09,21804,A,N,D,C,A,A,H,-,A,D,0,,,,,Y,,A,08,1,0,0,0,0,0,0,0,0,"- ","- ",,,MADERA,MADERA,-120.06939697265625,36.970211029052734
9620800,2023,2023-10-23,2001,2023-09-24,1950,030,4B,7,5,3,2001,0,0,0,,0,,"COUNTY ROAD 16","AVE 24",0.00,,Y,A,-,N,,,,,,,,,,Y,2,0,1,2,A,-,12,22450,A,N,D,C,A,A,H,-,D,A,0,,,Y,,Y,,C,02,1,0,0,0,0,0,0,0,1,"- ","- ",37.098258972167969,-120.25672912597656,MADERA,CHOWCHILLA,-120.25678253173828,37.098251342773438
9624046,2023,2023-10-05,2002,2023-09-11,2014,4535,,1,5,4,2002,0,0,0,,0,004,"MADERA AV S","MAPLE ST",65.00,N,N,A,-,Y,MAD,6,145,-,-,8.890,H,-,S,Y,1,1,0,3,A,-,11,21954,A,N,A,B,D,A,H,-,C,D,0,Y,,,,Y,Y,N,60,0,0,0,1,0,0,0,0,0,"- ","- ",,,MADERA,MADERA,-120.05606079101562,36.950305938720703
9624111,2023,2025-06-26,2002,2023-10-01,1908,4765,MADER,7,5,4,2002,0,0,0,,0,004,"G ST S","12TH ST W",187.00,N,N,A,-,N,,,,,,,,,,Y,1,1,0,2,A,-,11,21954,A,N,G,B,D,A,H,-,B,D,0,Y,,,,Y,Y,N,60,0,0,0,1,0,0,0,0,0,"- ","- ",,,MADERA,MADERA,-120.0546875,36.953914642333984
9624112,2023,2025-06-26,2002,2023-10-02,"29  ",4750,MSC,1,5,4,2002,0,0,0,,0,004,RT-145,"GARY LN E",21.00,S,N,A,-,Y,MAD,6,145,-,-,8.310,H,-,S,Y,1,1,0,1,A,-,03,22350,,N,F,J,A,A,H,-,C,D,0,,,,,Y,Y,A,01,0,0,0,0,0,0,0,0,0,"- ","- ",,,MADERA,MADERA,-120.05602264404297,36.941757202148438
9628326,2023,2023-11-01,2002,2023-09-29,"813 ",4808,,5,5,4,2002,0,0,0,,0,004,"6TH ST E","GATEWAY DR S",213.00,E,N,A,-,Y,MAD,6,145,-,-,9.600,I,6,N,Y,2,0,1,1,A,-,00,22526,D,N,H,F,A,A,H,-,A,A,0,,,,,Y,,A,01,1,0,0,0,0,0,0,0,0,"- ","- ",,,MADERA,MADERA,-120.05953979492188,36.960357666015625
9635721,2023,2024-01-05,2001,2023-11-23,2159,036,,4,5,3,2001,0,0,0,,0,00B,"E ROBERTSON",ROBERTSON,0.00,,Y,A,-,N,,,,,,,,,,Y,2,0,3,2,A,-,01,23152,A,N,E,C,A,A,H,-,D,D,0,,,,,Y,Y,-,,1,1,1,0,0,0,0,0,0,"- ","- ",37.125179290771484,-120.251708984375,MADERA,CHOWCHILLA,-120.24951171875,37.127311706542969
9636140,2023,2023-12-28,2001,2023-10-23,1151,036,12A,1,5,3,2001,0,0,0,,0,00A,"LAKE AV","LAKE AV 600 BLOCK",0.00,,-,A,-,N,,,,,,,,,,N,2,0,1,1,A,-,01,23152,A,N,H,J,A,A,H,-,A,D,0,,,Y,,Y,Y,C,02,1,0,0,0,0,0,0,0,1,"- ","- ",37.122249603271484,-120.26625823974609,MADERA,CHOWCHILLA,-120.05622100830078,36.986831665039062
9636927,2023,2023-11-30,2001,2023-10-09,1358,033,12B,1,5,3,2001,0,0,0,,0,00B,"COUNTY ROAD 16","AVE 24 1/2",1056.00,N,N,A,B,N,,,,,,,,,,Y,2,0,6,2,A,-,09,21801,A,N,D,C,A,A,H,-,A,D,0,,,,,Y,,A,01,1,5,0,0,0,0,0,0,0,"- ","- ",37.105518341064453,-120.24774169921875,MADERA,CHOWCHILLA,-120.25675964355469,37.108417510986328
9638005,2023,2023-11-28,2001,2023-09-29,1100,028,12B,5,5,3,2001,0,0,0,,0,00B,"AVENUE 24 1/2","COUNTY ROAD 16",0.00,,Y,A,-,N,,,,,,,,,,N,2,0,1,2,A,-,09,21802,A,N,C,G,A,A,H,-,A,A,0,,Y,,,Y,,L,04,1,0,0,0,0,0,1,0,0,"- ","- ",37.105499267578125,-120.25672912597656,MADERA,CHOWCHILLA,-120.25675964355469,37.105522155761719
9640285,2024,2024-07-31,2002,2024-02-13,2028,4804,,2,5,4,2002,0,0,0,,0,001,"B ST","RT 145",0.00,,Y,A,-,Y,MAD,6,145,-,-,9.990,I,5,N,N,1,1,0,2,A,-,10,21950,A,N,G,B,B,A,H,-,C,A,0,Y,,,,Y,,A,01,0,0,0,1,0,0,0,0,0,"- ","- ",,,MADERA,MADERA,-120.05635070800781,36.964023590087891
9640411,2024,2024-05-28,2002,2024-04-06,1903,4785,MADER,6,5,4,2002,0,0,0,,0,004,"RT 145","GARY LN W",668.00,S,N,A,-,Y,MAD,6,145,-,-,8.170,H,-,S,Y,1,1,0,1,A,-,08,22107,,N,E,I,A,A,H,-,A,D,0,,,,,Y,,A,01,0,0,0,0,0,0,0,0,0,"- ","- ",,,MADERA,MADERA,-120.05602264404297,36.939830780029297
9640755,2024,2024-08-27,2002,2024-08-03,"509 ",4750,MSC,6,5,4,2002,0,0,0,,0,004,"PECAN AV E","MONTEREY ST",0.00,,Y,A,-,N,,,,,,,,,,Y,1,1,0,1,A,-,03,22350,,N,E,J,A,A,H,-,C,A,0,,,Y,,Y,Y,C,02,0,0,0,0,0,0,0,1,0,"- ","- ",,,MADERA,MADERA,-120.060546875,36.938339233398438
9648910,2023,2024-01-30,2002,2023-11-21,"20  ",4666,MADER,2,5,4,2002,0,0,0,,0,099,"AVE 18 1/2","RT 99",111.00,E,N,A,-,N,,,,,,,,,,Y,2,0,1,1,A,-,01,23152,A,N,F,J,A,A,H,-,C,D,0,,,,,Y,Y,D,22,1,0,0,0,0,0,0,0,0,"- ",NO,,,MADERA,MADERA,-120.11795043945312,37.010822296142578
9660078,2024,2024-06-04,2002,2024-02-03,1746,4861,MSC,6,5,4,2002,0,0,0,,0,004,"PECAN AVE E","RT 145",120.00,E,N,A,B,Y,MAD,6,145,-,-,8.060,I,6,N,N,2,0,1,2,A,-,03,22350,,N,D,C,A,B,H,-,B,A,0,,,Y,,Y,,C,02,1,0,0,0,0,0,0,0,1,"- ","- ",,,MADERA,MADERA,-120.05602264404297,36.938316345214844
9660569,2024,2024-04-24,2002,2024-02-13,"827 ",4799,,2,5,4,2002,0,0,0,,0,001,"C ST","13TH ST",24.00,S,N,A,-,N,,,,,,,,,,Y,2,0,1,1,A,-,03,22350,,N,A,I,A,A,H,-,A,D,0,,,,,Y,,A,01,1,0,0,0,0,0,0,0,0,"- ","- ",,,MADERA,MADERA,-120.04904937744141,36.955268859863281
9662593,2024,2024-03-15,2002,2024-01-19,1717,4750,MSC,5,5,4,2002,0,0,0,,0,004,"MADERA AV S","STANFORD AV",0.00,,Y,A,-,Y,MAD,6,145,-,-,7.820,I,5,S,Y,2,0,2,2,A,-,09,21801,A,N,D,C,A,-,H,-,A,D,0,,,,,Y,,A,01,1,0,1,0,0,0,0,0,0,"- ","- ",,,MADERA,MADERA,-120.05606842041016,36.934925079345703
9675646,2024,2024-03-15,2002,2024-02-08,1650,4778,,4,5,4,2002,0,0,0,,0,001,"RT 145","TOZER ST",495.00,W,N,A,-,Y,MAD,6,145,-,-,11.020,I,5,S,Y,2,0,2,3,A,-,09,21801,,N,D,C,A,A,H,-,A,D,0,,,,,Y,,-,,1,0,1,0,0,0,0,0,0,"- ","- ",,,MADERA,MADERA,-120.04300689697266,36.973556518554688
9677865,2024,2024-06-26,2002,2024-05-15,"749 ",4666,MADER,3,5,4,2002,0,0,0,,0,004,"PINE ST S","ALMOND AV W",208.00,S,N,A,-,N,,,,,,,,,,N,2,0,1,2,A,-,09,21801,,N,D,C,A,A,-,-,A,D,0,,,,,Y,,A,01,1,0,0,0,0,0,0,0,0,"- ","- ",,,MADERA,MADERA,-120.07402801513672,36.944828033447266
9680751,2024,2024-05-24,2002,2024-03-02,2221,4808,,6,5,4,2002,0,0,0,,0,004,"GATEWAY DR S","12TH ST W",0.00,,Y,C,-,N,,,,,,,,,,Y,2,0,2,2,A,-,01,23153,A,F,C,E,A,B,H,-,C,D,0,,,,,Y,Y,A,07,1,1,0,0,0,0,0,0,0,"- ","- ",,,MADERA,MADERA,-120.05325317382812,36.954235076904297
9712191,2024,2024-11-13,2001,2024-07-13,2356,036,12A,6,5,3,2001,0,0,0,,0,00A,"CYPRESS LN","OLEANDER DR",0.00,,N,A,-,N,,,,,,,,,,N,2,0,1,2,A,-,03,22350,,M,A,E,A,A,H,-,C,A,0,,,,,Y,Y,A,01,1,0,0,0,0,0,0,0,0,"- ","- ",37.118518829345703,-120.27887725830078,MADERA,CHOWCHILLA,-120.27952575683594,37.118717193603516
9712192,2024,2024-09-11,2001,2024-07-13,2355,036,12A,6,5,3,2001,0,0,0,,0,00A,"15TH ST","15TH ST 205 N",0.00,,N,A,-,N,,,,,,,,,,Y,2,0,1,2,A,-,03,22350,,M,C,E,A,A,H,-,C,A,0,,,,,Y,Y,A,01,1,0,0,0,0,0,0,0,0,"- ","- ",37.114650726318359,-120.27253723144531,MADERA,CHOWCHILLA,-120.27127075195312,37.113967895507812
9722772,2024,2024-09-16,2002,2024-08-26,2143,4762,MADER,1,5,4,2002,0,0,0,,0,003,"COUNTY ROAD 23","AVE 16",0.00,,Y,A,-,N,,,,,,,,,,Y,2,0,2,2,A,-,09,21802,A,N,D,C,A,A,H,-,D,A,0,,,,Y,Y,,F,27,1,1,0,0,0,0,0,0,0,"- ","- ",,,MADERA,MADERA,-120.12853240966797,36.981952667236328
9724303,2024,2024-10-15,2001,2024-06-14,"849 ",027,12A,5,5,3,2001,0,0,0,,0,00A,"260 N 15TH ST",RIVERSIDE,0.00,,Y,A,-,N,,,,,,,,,,N,2,0,1,2,D,-,00,,,N,H,G,A,A,H,-,A,D,0,,Y,,,Y,,-,"- ",1,0,0,0,0,0,1,0,0,"- ","- ",37.115390777587891,-120.27266693115234,MADERA,CHOWCHILLA,-120.27310943603516,37.115486145019531
9729206,2024,2024-10-01,2002,2024-08-26,"538 ",4780,MADER,1,5,4,2002,0,0,0,,0,004,"PECAN AV W","PINE ST S",0.00,,Y,A,-,N,,,,,,,,,,Y,2,0,1,2,A,-,01,23152,,N,D,C,A,A,H,-,A,A,0,,,,Y,Y,Y,A,01,1,0,0,0,0,0,0,0,0,"- ","- ",,,MADERA,MADERA,-120.07404327392578,36.938304901123047
9735092,2024,2024-10-25,2002,2024-09-27,1921,4804,MADER,5,5,4,2002,0,0,0,,0,001,"COUNTY ROAD 28","OLIVE AV",257.00,N,N,A,-,N,,,,,,,,,,N,2,0,1,2,A,-,10,21950,,N,G,B,E,A,H,-,C,D,0,Y,,,,Y,,D,22,1,0,0,0,1,0,0,0,0,"- ","- ",,,MADERA,MADERA,-119.0572509765625,35.412391662597656
9777560,2025,2025-03-07,2002,2025-02-10,1954,4762,MADER,1,5,4,2002,0,0,0,,0,002,"RAYMOND RD","LAGUNA WY",201.00,S,N,A,-,N,,,,,,,,,,N,2,0,1,2,A,-,11,21954,A,N,G,B,D,A,H,-,C,D,0,Y,,,,Y,,N,60,1,0,0,0,1,0,0,0,0,"- ","- ",,,MADERA,MADERA,-120.04301452636719,36.976303100585938
9786142,2024,2025-05-06,2002,2024-11-18,"626 ",4649,MPD,1,5,4,2002,0,0,0,,0,003,"CLEVELAND AV W","RT 99",334.00,W,N,A,-,N,,,,,,,,,,Y,1,1,0,2,A,-,03,22350,,N,G,B,E,A,H,-,B,A,0,Y,,,,Y,Y,A,01,0,0,0,1,0,0,0,0,0,"- ",NO,,,MADERA,MADERA,-122.52770233154297,37.885841369628906
9821491,2025,2025-08-12,2001,2025-06-17,1549,027,12A,2,5,3,2001,0,0,0,,0,00A,"HOWELL RD",OLEANDER,0.00,,Y,A,-,N,,,,,,,,,,Y,2,0,1,2,A,-,12,22450,,N,D,C,A,A,H,-,A,A,0,,,Y,,Y,,A,01,1,0,0,0,0,0,0,0,1,"- ","- ",37.120399475097656,-120.27950286865234,MADERA,CHOWCHILLA,-120.27952575683594,37.119987487792969
6291570,2014,2014-11-07,9450,2014-10-06,1225,012279,,1,1,9,2000,0,3,5,,2,020,"AVENUE 26","COUNTY ROAD 24",714.00,E,N,A,-,N,,,,,,,,,,Y,1,1,0,1,A,-,01,23152,A,N,E,J,A,A,H,-,A,D,0,,,,,Y,Y,A,07,0,0,0,0,0,0,0,0,0,"- ","- ",37.126719999999999,-120.10903,MADERA,UNINCORPORATED,-120.10866222999999,37.126726249999997
6404563,2014,2014-06-24,9450,2014-02-28,0850,12319,,5,1,9,2000,0,3,5,,2,020,"FAIRMEAD BL","ARC DR",1584.00,N,N,B,-,N,,,,,,,,,,Y,2,0,1,1,A,-,05,21650,,N,E,I,A,B,H,-,A,D,0,,,,,Y,,D,22,1,0,0,0,0,0,0,0,0,"- ","- ",37.089379999999998,-120.21262,MADERA,UNINCORPORATED,-120.21245865,37.088886410000001
6458649,2014,2016-04-09,9450,2014-04-23,2045,016341,,3,2,9,2000,0,1,3,,2,031,"RT 99","AVE 7",34.00,S,N,A,-,Y,MAD,6,99,-,R,0.980,H,-,S,Y,2,0,2,2,A,-,21,22106,,N,D,C,A,A,H,-,D,D,1,,,,,Y,,K,45,1,0,1,0,0,0,0,0,0,"- ","- ",36.851610000000001,-119.94714999999999,MADERA,UNINCORPORATED,-119.94704160000001,36.851381859999996