CASE_ID,ACCIDENT_YEAR,PROC_DATE,JURIS,COLLISION_DATE,COLLISION_TIME,OFFICER_ID,REPORTING_DISTRICT,DAY_OF_WEEK,CHP_SHIFT,POPULATION,CNTY_CITY_LOC,SPECIAL_COND,BEAT_TYPE,CHP_BEAT_TYPE,CITY_DIVISION_LAPD,CHP_BEAT_CLASS,BEAT_NUMBER,PRIMARY_RD,SECONDARY_RD,DISTANCE,DIRECTION,INTERSECTION,WEATHER_1,WEATHER_2,STATE_HWY_IND,CALTRANS_COUNTY,CALTRANS_DISTRICT,STATE_ROUTE,ROUTE_SUFFIX,POSTMILE_PREFIX,POSTMILE,LOCATION_TYPE,RAMP_INTERSECTION,SIDE_OF_HWY,TOW_AWAY,COLLISION_SEVERITY,NUMBER_KILLED,NUMBER_INJURED,PARTY_COUNT,PRIMARY_COLL_FACTOR,PCF_CODE_OF_VIOL,PCF_VIOL_CATEGORY,PCF_VIOLATION,PCF_VIOL_SUBSECTION,HIT_AND_RUN,TYPE_OF_COLLISION,MVIW,PED_ACTION,ROAD_SURFACE,ROAD_COND_1,ROAD_COND_2,LIGHTING,CONTROL_DEVICE,CHP_ROAD_TYPE,PEDESTRIAN_ACCIDENT,BICYCLE_ACCIDENT,MOTORCYCLE_ACCIDENT,TRUCK_ACCIDENT,NOT_PRIVATE_PROPERTY,ALCOHOL_INVOLVED,STWD_VEHTYPE_AT_FAULT,CHP_VEHTYPE_AT_FAULT,COUNT_SEVERE_INJ,COUNT_VISIBLE_INJ,COUNT_COMPLAINT_PAIN,COUNT_PED_KILLED,COUNT_PED_INJURED,COUNT_BICYCLIST_KILLED,COUNT_BICYCLIST_INJURED,COUNT_MC_KILLED,COUNT_MC_INJURED,PRIMARY_RAMP,SECONDARY_RAMP,LATITUDE,LONGITUDE,COUNTY,CITY,POINT_X,POINT_Y
6509750,2014,2016-04-13,9456,2014-05-15,0017,15905,,4,3,9,2000,0,1,3,,1,051,"RT 41","COUNTY ROAD 416",3168.00,S,N,A,-,Y,MAD,6,41,-,-,22.860,H,-,S,Y,2,0,2,1,A,-,08,22107,,N,E,I,A,A,H,-,D,D,0,,,,,Y,,A,01,1,1,0,0,0,0,0,0,0,"- ","- ",37.19314,-119.72185,MADERA,UNINCORPORATED,-119.72165447,37.193587649999998
6768135,2014,2015-01-29,2002,2014-11-29,0107,3971,,6,5,4,2002,0,0,0,,0,003,"SCHNOOR AV","DUTRA WY",161.00,N,N,A,-,N,,,,,,,,,,Y,2,0,1,1,A,-,01,23152,A,N,E,I,A,A,H,-,C,D,0,,,Y,,Y,Y,C,02,1,0,0,0,0,0,0,0,1,"- ","- ",,,MADERA,MADERA,-120.08334058,36.970816460000002
6772377,2015,2016-10-28,9450,2015-01-04,1956,018554,,7,2,9,2000,0,1,3,,1,042,"RT 41","CHILDRENS BL",6336.00,N,N,A,-,Y,MAD,6,41,-,-,2.370,H,-,S,Y,2,0,2,3,A,-,01,23152,A,N,B,C,A,A,H,-,D,D,0,,,,,Y,Y,D,22,1,1,0,0,0,0,0,0,0,"- ","- ",36.911290000000001,-119.79268999999999,MADERA,UNINCORPORATED,-119.79271774,36.910720650000002
6797078,2015,2015-03-16,9450,2015-01-17,1150,015256,,6,1,9,2000,0,3,5,,2,020,"COUNTY ROAD 28 1/2","AVENUE 20",193.00,N,N,A,-,N,,,,,,,,,,Y,2,0,1,1,A,-,08,22107,,N,E,I,A,A,H,-,A,D,0,,,,,Y,,D,22,1,0,0,0,0,0,0,0,0,"- ","- ",37.040669999999999,-120.02901,MADERA,UNINCORPORATED,-120.0291065,37.0402998
6842169,2015,2015-03-25,9450,2015-03-09,1400,017899,,1,2,9,2000,0,2,4,,2,045,"AVENUE 12","BNSF RAILWAY TRACKS",0.00,,Y,A,-,N,,,,,,,,,,Y,2,0,1,2,A,-,12,22451,B,N,D,F,A,A,H,-,A,A,0,,,Y,,Y,,C,02,1,0,0,0,0,0,0,0,1,"- ","- ",36.923290000000001,-119.97348,MADERA,UNINCORPORATED,-119.97377068,36.923244629999999
6934326,2015,2016-12-03,2002,2015-05-02,0128,3567,CITY,6,5,4,2002,0,0,0,,0,001,"RT 145","LAKE ST",0.00,,Y,A,-,Y,MAD,6,145,-,-,10.150,I,5,S,N,2,0,2,2,A,-,01,23152,A,N,D,C,A,A,H,-,C,A,0,,,,,Y,Y,-,,1,1,0,0,0,0,0,0,0,"- ","- ",,,MADERA,MADERA,-120.05429375999999,36.965434080000001
6986289,2015,2015-07-16,2002,2015-06-28,0041,3651,CITY,7,5,4,2002,0,0,0,,0,001,"LILLY ST","CLINTON ST",33.00,S,N,A,-,N,,,,,,,,,,Y,2,0,1,1,A,-,08,22107,,M,E,I,A,A,H,-,C,A,0,,,,,Y,Y,A,01,1,0,0,0,0,0,0,0,0,"- ","- ",,,MADERA,MADERA,-120.04724247999999,36.964252770000002
6995950,2015,2015-08-05,9450,2015-07-12,2130,017475,,7,2,9,2000,0,3,5,,2,010,"COUNTY ROAD 9","AVENUE 18 1/2",10560.00,S,N,A,-,N,,,,,,,,,,Y,2,0,4,2,A,-,21,22106,,N,C,C,A,A,H,-,D,D,0,,,Y,,Y,,C,06,1,1,2,0,0,0,0,0,3,"- ","- ",36.988999999999997,-120.38319,MADERA,UNINCORPORATED,-120.38313884999999,36.989046440000003
7006650,2015,2015-10-05,2002,2015-02-27,1212,3277,,5,5,4,2002,0,0,0,,0,,"COUNTRY CLUB DR","CLARK ST",11.00,S,N,A,-,N,,,,,,,,,,N,1,1,0,2,A,-,12,21453,A,N,G,G,A,A,H,-,A,A,0,,Y,,,Y,,L,04,0,0,0,0,0,1,0,0,0,"- ","- ",,,MADERA,MADERA,-120.07424957000001,36.980019800000001
7033071,2015,2017-01-12,9450,2015-08-03,1620,014917,,1,2,9,2000,0,1,3,,2,031,"RT 99","AVENUE 8",50.00,S,N,A,-,Y,MAD,6,99,-,-,2.220,H,-,S,Y,2,0,4,3,A,-,03,22350,,N,C,C,A,A,H,-,A,D,1,,,,,Y,,A,01,1,1,2,0,0,0,0,0,0,"- ","- ",36.865639999999999,-119.96077,MADERA,UNINCORPORATED,-119.96086409,36.865705679999998
8148134,2016,2016-10-20,2002,2016-09-12,2039,4224,,1,5,4,2002,0,0,0,,0,003,"HOWARD RD","AMERINE AV",58.00,E,N,A,G,N,,,,,,,,,,N,2,0,1,2,A,-,08,22107,,N,B,G,A,A,H,-,C,D,0,,Y,,,Y,Y,L,04,1,0,0,0,0,0,1,0,0,"- ","- ",,,MADERA,MADERA,-120.08079164,36.952713150000001
8148597,2016,2017-02-17,2002,2016-09-14,1505,3651,,3,5,4,2002,0,0,0,,0,001,"TOZER ST","YOSEMITE AV E",116.00,N,N,A,-,Y,MAD,6,145,-,-,11.020,I,6,S,N,2,0,1,2,A,-,09,21802,A,M,D,A,A,A,H,-,A,-,0,,,,,Y,,A,01,1,0,0,0,0,0,0,0,0,"- ","- ",,,MADERA,MADERA,-120.04306035,36.973525160000001
8450150,2017,2017-09-25,2002,2017-08-25,1216,4364,,5,5,4,2002,0,0,0,,0,004,"6TH ST","H ST",0.00,,Y,A,-,N,,,,,,,,,,Y,2,0,1,2,A,-,06,21751,,N,D,C,A,A,H,-,A,D,0,,,Y,,Y,,C,02,1,0,0,0,0,0,0,0,1,"- ","- ",,,MADERA,MADERA,-120.06159993,36.958910000000003
8648114,2018,2020-05-22,2001,2018-05-10,1851,047,A,4,5,3,2001,0,0,0,,0,,"N 4TH ST","VENTURA AV",0.00,,Y,A,-,N,,,,,,,,,,Y,1,1,0,2,A,-,08,22107,,N,G,B,E,A,H,-,A,D,0,Y,,,,Y,,D,22,0,0,0,1,0,0,0,0,0,"- ","- ",37.125560760498047,-120.26680755615234,MADERA,CHOWCHILLA,-120.26708984375,37.125770568847656
8939216,2019,2019-12-11,2002,2019-10-14,2233,3567,CITY,1,5,4,2002,0,0,0,,0,003,"GRANADA DR N","RIVERVIEW DR",8.00,S,N,A,-,N,,,,,,,,,,N,1,1,0,1,A,-,01,23152,B,N,H,I,A,A,H,-,C,A,0,,,,,Y,Y,-,,0,0,0,0,0,0,0,0,0,"- ","- ",,,MADERA,MADERA,-120.0921630859375,36.967018127441406
8969312,2019,2019-11-14,2002,2019-10-18,1605,4262,,5,5,4,2002,0,0,0,,0,003,"N GATEWAY DR","CLEVELAND AV",24.00,N,N,A,-,N,,,,,,,,,,N,2,0,1,2,A,-,05,21650,,N,D,A,A,A,-,-,A,A,0,,Y,,,Y,,L,04,1,0,0,0,0,0,1,0,0,"- ","- ",,,MADERA,MADERA,-120.07472991943359,36.974906921386719
90015702,2015,2015-10-19,9450,2015-08-22,0855,014712,,6,1,9,2000,0,3,5,,2,040,"AVENUE 9","COUNTY ROAD 35",471.00,E,N,A,-,N,,,,,,,,,,Y,2,0,5,2,A,-,05,21460,A,N,A,C,A,A,H,-,A,D,0,,,,,Y,Y,D,22,2,1,2,0,0,0,0,0,0,"- ","- ",36.880310000000001,-119.90961,MADERA,UNINCORPORATED,-119.90962057,36.880316319999999
90036786,2015,2015-10-22,9450,2015-09-20,1239,016486,,7,1,9,2000,0,1,3,,2,011,"SR-99 NORTHBOUND","AVENUE 17",1675.00,N,N,A,-,Y,,,99,,,,,,N,Y,2,0,3,1,C,-,18,,,N,E,I,A,A,H,-,A,D,0,,,,,Y,,-,"- ",1,2,0,0,0,0,0,0,0,"- ","- ",37.001199999999997,-120.10683,MADERA,UNINCORPORATED,-120.10677652,37.001260100000003
90113085,2016,2016-02-10,9456,2016-02-01,0515,019070,,1,3,9,2000,0,1,3,,1,051,"SR-41 S/B","KONKLIN RD",128.00,S,N,B,-,Y,,,,,,,,,,Y,2,0,1,1,A,-,08,22107,,N,E,I,A,C,H,-,D,D,0,,,,,Y,,A,07,1,0,0,0,0,0,0,0,0,"- ","- ",37.152799999999999,-119.4211,MADERA,UNINCORPORATED,-119.70326414,37.257747670000001
90166336,2016,2016-04-27,9450,2016-04-11,0702,014354,,1,1,9,2000,0,3,5,,2,040,"AVENUE 15 1/2","COUNTY ROAD 29",148.00,E,N,B,-,N,,,,,,,,,,Y,2,0,1,2,A,-,12,22451,B,N,H,F,A,A,H,-,A,A,0,,,,,Y,,A,01,1,0,0,0,0,0,0,0,0,"- ","- ",36.974820000000001,-120.01864999999999,MADERA,UNINCORPORATED,-120.01908361,36.974359999999997
90209309,2016,2016-06-27,9450,2016-06-22,0120,017899,,3,3,9,2000,0,2,4,,2,044,"COUNTY ROAD 145",SR-41,5808.00,E,N,A,-,N,,,,,,,,,,Y,2,0,1,1,A,-,01,23152,A,N,F,A,A,A,H,-,D,D,0,,,Y,,Y,Y,C,02,1,0,0,0,0,0,0,0,1,"- ","- ",37.010559999999998,-119.77361000000001,MADERA,UNINCORPORATED,-119.77402205,37.010525199999996
90236452,2016,2016-08-03,9456,2016-06-26,0500,015905,,7,3,9,2000,0,1,3,,1,051,"SR-41 S/B","KONKLIN ROAD",38.00,S,N,A,-,Y,,,41,,,,,,S,Y,2,0,1,1,A,-,08,22107,,N,E,I,A,A,H,-,D,D,0,,,,,Y,,A,01,1,0,0,0,0,0,0,0,0,"- ","- ",37.258470000000003,-119.703,MADERA,UNINCORPORATED,-119.70293784,37.258447879999999
90242429,2016,2016-08-11,9450,2016-08-02,0857,019604,,2,1,9,2000,0,1,3,,2,014,"SR-233 (ROBERTSON BLVD)","AVENUE 23 1/2",0.00,,Y,A,-,Y,,,233,,,,,,,Y,2,0,3,2,A,-,03,22350,,N,C,C,A,A,H,-,A,D,0,,,,,Y,,A,01,1,1,1,0,0,0,0,0,0,"- ","- ",37.093110000000003,-120.28924000000001,MADERA,UNINCORPORATED,-120.28920604,37.093080999999998
90248095,2016,2016-08-18,9450,2016-05-26,0459,012114,,4,3,9,2000,0,1,3,,2,031,"SR-99 SOUTHBOUND","AVENUE 7",4136.00,N,N,A,-,Y,,,99,,,,,,S,N,1,1,0,2,A,-,11,21954,A,N,G,B,E,A,H,-,D,D,0,Y,,,Y,Y,,N,60,0,0,0,1,0,0,0,0,0,"- ","- ",36.861420000000003,-119.95650999999999,MADERA,UNINCORPORATED,-119.95646373,36.861468189999997
90283834,2016,2016-11-07,9456,2016-09-13,1328,018088,,2,1,9,2000,0,3,5,,2,050,SR-41,"SERPA CANYON RD",2350.00,S,N,A,-,Y,,,41,,,,,,,Y,1,1,1,1,A,-,08,22107,,N,E,I,A,A,H,-,A,D,0,,,,,Y,,A,01,1,0,0,0,0,0,0,0,0,"- ","- ",37.275539999999999,-119.667,MADERA,UNINCORPORATED,-119.66707452999999,37.275515650000003
90308144,2016,2016-11-01,9450,2016-10-27,1355,017032,,4,1,9,2000,0,3,5,,2,020,"RAYMOND ROAD","COUNTY ROAD 28",74.00,S,N,C,-,N,,,,,,,,,,Y,2,0,3,2,A,-,05,21460,A,N,A,C,A,B,H,-,A,D,0,,,,,Y,,A,01,1,1,1,0,0,0,0,0,0,"- ","- ",36.98122,-120.03809,MADERA,UNINCORPORATED,-120.03817642999999,36.981203260000001
90311371,2016,2016-11-04,9450,2016-10-28,1639,020253,,5,2,9,2000,0,3,5,,2,040,"SANTA FE RAILROAD TRACKS","AVENUE 15 1/2",0.00,,Y,B,-,N,,,,,,,,,,Y,1,1,0,2,A,-,12,22451,B,N,H,F,A,A,H,-,A,A,0,,,,,Y,,D,22,0,0,0,0,0,0,0,0,0,"- ","- ",36.974460000000001,-120.01916,MADERA,UNINCORPORATED,-120.01904011000001,36.974364690000002
90378875,2016,2017-01-26,9450,2016-12-14,1450,018551,,3,2,9,2000,0,1,3,,1,043,"STATE ROUTE 41 NORTHBOUND","JEWEL VISTA COURT",5808.00,S,N,A,-,Y,,,41,,,,,,N,Y,1,1,3,4,A,-,05,21460,A,N,A,C,A,A,H,-,A,D,0,,,,,Y,,A,01,1,0,2,0,0,0,0,0,0,"- ","- ",37.069000000000003,-119.7662,MADERA,UNINCORPORATED,-119.76622766,37.069013599999998
9043928,2020,2020-05-27,2002,2020-02-01,0006,4562,MADEA,6,5,4,2002,0,0,0,,0,002,"6TH ST E","C ST S",0.00,,Y,A,-,N,,,,,,,,,,Y,2,0,1,2,A,-,01,23153,,N,D,C,A,A,H,-,C,A,0,,,,,Y,Y,A,01,1,0,0,0,0,0,0,0,0,"- ","- ",,,MADERA,MADERA,-120.05642700195312,36.962379455566406
90547451,2017,2017-09-14,9450,2017-08-25,2207,020882,,5,3,9,2000,0,3,5,,2,020,"AVENUE 15","SANTA FE DRIVE",3168.00,E,N,A,-,N,,,,,,,,,,Y,2,0,5,1,A,-,03,22350,,N,E,I,A,A,D,-,D,A,0,,,,,Y,,A,07,1,2,2,0,0,0,0,0,0,"- ","- ",36.966940000000001,-120.00166,MADERA,UNINCORPORATED,-120.00142507,36.966932589999999
90556416,2017,2017-10-23,9450,2017-05-27,2115,018612,,6,2,9,2000,0,2,4,,2,044,"COUNTY ROAD 145","COUNTY ROAD 211",5808.00,E,N,A,-,N,,,,,,,,,,Y,1,1,2,1,A,-,01,23152,A,N,E,I,A,A,H,-,D,D,0,,,,,Y,Y,A,01,2,0,0,0,0,0,0,0,0,"- ","- ",37.030970000000003,-119.70834000000001,MADERA,UNINCORPORATED,-119.70828295,37.030937190000003
90557518,2017,2017-09-27,9456,2017-09-17,0135,021555,,7,3,9,2000,0,3,5,,2,050,"GRIFFIN DR","GOLDSIDE DR",0.00,,Y,A,-,N,,,,,,,,,,Y,2,0,3,1,A,-,01,23153,A,N,F,A,A,A,H,-,C,D,0,,,,,Y,Y,A,07,1,1,1,0,0,0,0,0,0,"- ","- ",37.343249999999998,-119.71221,MADERA,UNINCORPORATED,-119.71214988,37.343279930000001
90569974,2017,2017-10-13,9456,2017-10-05,1955,020993,,4,2,9,2000,0,1,3,,1,051,SR-41,"VAN TERI ROAD",5.00,N,N,A,-,Y,,,41,,,,,,,Y,2,0,2,2,A,-,08,22107,,N,A,C,A,A,H,-,D,D,0,,,,,Y,,A,07,1,1,0,0,0,0,0,0,0,"- ","- ",37.246879999999997,-119.70509,MADERA,UNINCORPORATED,-119.70506372,37.246880349999998
90571037,2017,2017-10-16,9450,2017-10-09,1610,017868,,1,2,9,2000,0,1,3,,2,031,"SR-99 N/B","AVENUE 7",4224.00,N,N,A,-,Y,,,99,,,,,,N,Y,2,0,2,2,A,-,07,21658,A,F,F,A,A,A,H,-,A,D,0,,,Y,,Y,,A,01,1,1,0,0,0,0,0,0,2,"- ","- ",36.862110000000001,-119.95696,MADERA,UNINCORPORATED,-119.95689347,36.862178700000001
90588150,2017,2017-11-06,9450,2017-11-01,0954,019105,,3,1,9,2000,0,3,5,,2,010,"COUNTY ROAD 19","AVENUE 18 1/2",0.00,,Y,A,-,N,,,,,,,,,,Y,2,0,2,2,A,-,12,22450,A,N,D,C,A,A,H,-,A,A,0,,,,,Y,,A,07,1,0,1,0,0,0,0,0,0,"- ","- ",37.018380000000001,-120.2024,MADERA,UNINCORPORATED,-120.20234992,37.018360110000003
90649321,2017,2018-01-26,9450,2017-12-30,2110,018612,,6,2,9,2000,0,3,5,,2,040,"COUNTY ROAD 38","AVENUE 12",3696.00,S,N,A,-,N,,,,,,,,,,Y,1,1,0,1,A,-,08,22107,,N,E,I,A,A,H,-,D,D,0,,,,,Y,Y,A,01,0,0,0,0,0,0,0,0,0,"- ","- ",36.91348,-119.85773,MADERA,UNINCORPORATED,-119.85774678,36.912905760000001
90662104,2018,2018-02-15,9450,2018-02-02,1436,017032,,5,2,9,2000,0,3,5,,2,010,"COUNTY ROAD 16","AVENUE 20",0.00,,Y,A,-,N,,,,,,,,,,Y,2,0,3,2,A,-,09,21802,A,N,D,C,A,A,H,-,A,A,0,,,,,Y,,A,01,1,2,0,0,0,0,0,0,0,"- ","- ",37.040351867675781,-120.25691223144531,MADERA,UNINCORPORATED,-120.25684356689453,37.040149688720703
90671181,2017,2018-02-27,9450,2017-11-12,1907,020882,,7,2,9,2000,0,3,5,,2,030,"COUNTY ROAD 25","AVENUE 10",528.00,S,N,A,-,N,,,,,,,,,,Y,1,1,0,2,A,-,11,21954,A,N,G,B,E,A,H,-,D,D,0,Y,,,,Y,,N,60,0,0,0,1,0,0,0,0,0,"- ","- ",36.892560000000003,-120.09237,MADERA,UNINCORPORATED,-120.09231997000001,36.89328046
90677176,2018,2018-03-07,9456,2018-02-23,1840,020635,,5,2,9,2000,0,1,3,,1,051,SR-41,"HIGH SIERRA CT",200.00,N,N,A,-,Y,,,41,,,,,,,Y,2,0,3,4,A,-,08,22107,,N,B,C,A,A,H,-,D,D,0,,,,,Y,,A,01,1,0,2,0,0,0,0,0,0,"- ","- ",37.239608764648438,-119.70741271972656,MADERA,UNINCORPORATED,-119.70736694335938,37.239620208740234
90707103,2018,2018-04-17,9450,2018-04-10,1430,016938,,2,2,9,2000,0,3,5,,2,040,"AVENUE 15","COUNTY ROAD 35",788.00,W,N,A,-,N,,,,,,,,,,Y,2,0,2,2,A,-,03,22350,,N,C,C,A,A,H,-,A,D,0,,,,,Y,,A,01,1,0,1,0,0,0,0,0,0,"- ","- ",36.966701507568359,-119.91488647460938,MADERA,UNINCORPORATED,-119.91461944580078,36.966632843017578
90724121,2018,2018-05-10,9450,2018-05-02,0610,016425,,3,1,9,2000,0,3,5,,2,040,"AVENUE 6","COUNTY ROAD 20",309.00,E,N,A,-,N,,,,,,,,,,Y,2,0,3,1,C,-,18,,,N,A,I,A,A,H,-,A,D,0,,,,,Y,,-,"- ",1,2,0,0,0,0,0,0,0,"- ","- ",36.836750030517578,-120.18609619140625,MADERA,UNINCORPORATED,-120.18607330322266,36.836601257324219
90732678,2018,2018-05-23,9456,2018-05-19,1505,020635,,6,2,9,2000,0,2,4,,1,053,"COUNTY ROAD 200","MERCER RD",250.00,E,N,A,B,N,,,,,,,,,,N,2,0,3,3,A,-,03,22350,,N,H,A,A,A,H,-,A,D,0,,Y,,,Y,,L,04,2,1,0,0,0,0,3,0,0,"- ","- ",37.131679534912109,-119.69081115722656,MADERA,UNINCORPORATED,-119.69117736816406,37.13092041015625
90794308,2018,2018-08-20,9450,2018-08-11,2304,019604,,6,3,9,2000,0,3,5,,2,030,"FIREBAUGH BLVD","CHOWCHILLA BLVD",5280.00,N,N,A,-,N,,,,,,,,,,N,2,0,1,2,A,-,08,22107,,F,G,B,E,A,H,-,D,D,0,Y,,,,Y,,-,99,1,0,0,0,1,0,0,0,0,"- ","- ",36.883468627929688,-120.30412292480469,MADERA,UNINCORPORATED,-120.30410003662109,36.883441925048828
90840403,2018,2018-10-19,9450,2018-10-14,0820,016425,,7,1,9,2000,0,3,5,,2,020,"CRYSTAL DRIVE","AVENUE 17",131.00,N,N,A,-,N,,,,,,,,,,N,2,0,1,2,A,-,21,22106,,N,H,E,A,A,H,-,A,D,0,,,,,Y,,A,01,1,0,0,0,0,0,0,0,0,"- ","- ",36.996799468994141,-120.07276916503906,MADERA,UNINCORPORATED,-120.07279968261719,36.996707916259766
90872395,2018,2018-11-30,9456,2018-09-18,1350,018970,,2,1,9,2000,0,3,5,,2,050,"COUNTY ROAD 222","COUNTY ROAD 200",3696.00,S,N,A,-,N,,,,,,,,,,Y,1,1,0,1,C,-,18,,,N,H,H,A,A,H,-,A,D,0,,,Y,,Y,,-,"- ",0,0,0,0,0,0,0,1,0,"- ","- ",37.211029052734375,-119.50222778320312,MADERA,UNINCORPORATED,-119.50221252441406,37.211032867431641
90902381,2019,2019-01-11,9450,2019-01-01,1743,018676,,2,2,9,2000,0,1,3,,2,012,"SR-99 NORTHBOUND",SR-152,350.00,N,N,A,-,Y,,,99,,,,,,N,Y,2,0,1,1,A,-,08,22107,,N,E,I,A,A,H,-,D,D,0,,,,,Y,,A,01,1,0,0,0,0,0,0,0,0,"- ","- ",37.084861755371094,-120.21015167236328,MADERA,UNINCORPORATED,-120.21005249023438,37.08502197265625
90913858,2018,2019-01-28,9450,2018-12-10,2500,019604,,1,4,9,2000,0,1,3,,2,031,"STATE ROUTE 99 (N/B) FROM AVENUE 12","AVENUE 12",880.00,N,N,A,-,Y,,,99,,,,R,,,N,1,1,0,2,A,-,00,21960,,F,G,B,E,A,H,-,D,D,0,Y,,,,Y,,N,60,0,0,0,1,0,0,0,0,0,"- ","- ",36.92572021484375,-120.02329254150391,MADERA,UNINCORPORATED,-120.02329254150391,36.92572021484375
90921550,2019,2019-02-07,9450,2019-01-25,0925,017032,,5,1,9,2000,0,2,4,,2,038,"AVENUE 7","COUNTY ROAD 24",0.00,,Y,A,-,N,,,,,,,,,,Y,2,0,3,2,A,-,12,22450,A,N,D,C,A,A,H,-,A,A,0,,,,,Y,,A,07,2,0,1,0,0,0,0,0,0,"- ","- ",36.851398468017578,-120.11029052734375,MADERA,UNINCORPORATED,-120.11019134521484,36.851268768310547
90972264,2019,2019-04-22,9450,2019-04-15,1712,018612,,1,2,9,2000,0,3,5,,2,020,"COUNTY ROAD 28 1/2","HARPER BLVD.",0.00,,Y,A,-,N,,,,,,,,,,Y,2,0,2,2,A,-,09,21801,A,N,D,C,A,A,H,-,A,D,0,,,,,Y,,A,07,1,0,1,0,0,0,0,0,0,"- ","- ",36.988990783691406,-120.02870178222656,MADERA,UNINCORPORATED,-120.02867126464844,36.989021301269531
91011401,2019,2019-06-17,9450,2019-06-07,1614,019105,,5,2,9,2000,0,1,3,,2,031,"SR-99 S/B","AVENUE 12",30.00,N,N,A,-,Y,,,99,,,,,,S,Y,2,0,2,3,A,-,03,22350,,N,C,C,A,A,H,-,A,D,0,,,,Y,Y,,A,01,1,0,1,0,0,0,0,0,0,"- ","- ",36.924060821533203,-120.02239227294922,MADERA,UNINCORPORATED,-120.02241516113281,36.924034118652344
91055601,2019,2019-08-20,9450,2019-04-13,1624,018923,,6,2,9,2000,0,2,4,,2,045,"AVENUE 12","COUNTY ROAD 34 1/2",550.00,E,N,A,-,N,,,,,,,,,,Y,1,2,4,2,A,-,05,21650,,N,A,C,A,A,H,-,A,D,0,,,,,Y,,A,01,2,2,0,0,0,0,0,0,0,"- ","- ",36.923061370849609,-119.91973876953125,MADERA,UNINCORPORATED,-119.91960144042969,36.92303466796875
91096498,2019,2019-11-08,9450,2019-08-19,1815,018551,,1,2,9,2000,0,3,5,,2,020,"COUNTY ROAD 22","AVENUE 24",0.00,,Y,A,-,N,,,,,,,,,,Y,1,2,6,2,A,-,12,22450,A,N,D,C,A,A,H,-,A,A,0,,,,,Y,,A,07,6,0,0,0,0,0,0,0,0,"- ","- ",37.098018646240234,-120.14707946777344,MADERA,UNINCORPORATED,-120.14707183837891,37.098129272460938
91160373,2019,2020-01-06,9450,2019-09-20,1425,018551,,5,2,9,2000,0,3,5,,2,030,"AVENUE 7","SANTA FE RAILROAD",388.00,W,N,A,-,N,,,,,,,,,,Y,1,1,0,1,A,-,01,23152,A,N,E,I,A,A,H,-,A,D,0,,,,,Y,Y,A,07,0,0,0,0,0,0,0,0,0,"- ","- ",36.851528167724609,-119.91110229492188,MADERA,UNINCORPORATED,-119.91049194335938,36.851634979248047
91182355,2019,2020-02-07,9450,2019-05-08,2138,015905,,3,2,9,2000,0,1,3,,2,014,"STATE ROUTE 233 (ROBERTSON BOULEVARD)","AVENUE 23 1/2",1056.00,N,N,A,-,Y,,,233,,,,,,,Y,1,1,1,1,A,-,01,23152,F,N,E,I,A,A,H,-,D,D,0,,,,,Y,,A,01,1,0,0,0,0,0,0,0,0,"- ","- ",37.095401763916016,-120.28719329833984,MADERA,UNINCORPORATED,-120.28720855712891,37.095417022705078
91314466,2020,2020-09-29,9450,2020-06-20,2050,020882,,6,2,9,2000,0,3,5,,2,030,"COUNTY ROAD 25","AVENUE 8",580.00,N,N,A,-,N,,,,,,,,,,Y,1,1,0,1,A,-,01,23152,A,N,E,I,A,A,H,-,D,D,0,,,,,Y,Y,A,07,0,0,0,0,0,0,0,0,0,"- ","- ",36.867111206054688,-120.09232330322266,MADERA,UNINCORPORATED,-120.0921630859375,36.867332458496094
91316787,2020,2020-10-02,9450,2020-09-04,1120,017032,,5,1,9,2000,0,1,3,,1,043,"SR-41 (NORTHBOUND)","COUNTY ROAD 406",1056.00,N,N,A,-,Y,,,41,,,,,,,Y,2,0,4,1,A,-,08,22107,,N,F,A,A,A,H,-,A,D,0,,,,,Y,,A,01,1,1,2,0,0,0,0,0,0,"- ","- ",37.097068786621094,-119.74947357177734,MADERA,UNINCORPORATED,-119.74951171875,37.097118377685547
91384433,2021,2021-01-08,9450,2021-01-04,1740,020882,,1,2,9,2000,0,1,3,,1,042,"STATE ROUTE 41 S/B","AVENUE 15",300.00,N,N,B,-,Y,,,41,,,,,,S,Y,2,0,2,2,A,-,01,23152,A,N,C,C,A,A,H,-,C,A,0,,,Y,,Y,Y,C,02,1,0,1,0,0,0,0,0,1,"- ","- ",36.967800140380859,-119.79402160644531,MADERA,UNINCORPORATED,-119.79395294189453,36.967800140380859
91452086,2021,2021-04-16,9450,2021-04-11,2250,020882,,7,3,9,2000,0,1,3,,1,042,"STATE ROUTE 145","COUNTY ROAD 38",1585.00,W,N,A,-,Y,,,145,,,,,,,Y,2,0,2,1,A,-,01,23152,F,N,F,A,A,A,H,-,D,D,0,,,,,Y,,A,07,1,1,0,0,0,0,0,0,0,"- ","- ",37.010311126708984,-119.86393737792969,MADERA,UNINCORPORATED,-119.86393737792969,37.010295867919922
91452548,2021,2021-04-19,9450,2021-04-10,1304,018551,,6,1,9,2000,0,3,5,,2,020,"AVENUE 17","COUNTY ROAD 26",144.00,E,N,A,-,N,,,,,,,,,,Y,2,0,1,1,A,-,01,23152,A,N,E,I,A,A,H,-,A,D,0,,,,,Y,Y,A,01,1,0,0,0,0,0,0,0,0,"- ","- ",36.996238708496094,-120.07383728027344,MADERA,UNINCORPORATED,-120.07375335693359,36.996349334716797