CASE_ID,ACCIDENT_YEAR,PROC_DATE,JURIS,COLLISION_DATE,COLLISION_TIME,OFFICER_ID,REPORTING_DISTRICT,DAY_OF_WEEK,CHP_SHIFT,POPULATION,CNTY_CITY_LOC,SPECIAL_COND,BEAT_TYPE,CHP_BEAT_TYPE,CITY_DIVISION_LAPD,CHP_BEAT_CLASS,BEAT_NUMBER,PRIMARY_RD,SECONDARY_RD,DISTANCE,DIRECTION,INTERSECTION,WEATHER_1,WEATHER_2,STATE_HWY_IND,CALTRANS_COUNTY,CALTRANS_DISTRICT,STATE_ROUTE,ROUTE_SUFFIX,POSTMILE_PREFIX,POSTMILE,LOCATION_TYPE,RAMP_INTERSECTION,SIDE_OF_HWY,TOW_AWAY,COLLISION_SEVERITY,NUMBER_KILLED,NUMBER_INJURED,PARTY_COUNT,PRIMARY_COLL_FACTOR,PCF_CODE_OF_VIOL,PCF_VIOL_CATEGORY,PCF_VIOLATION,PCF_VIOL_SUBSECTION,HIT_AND_RUN,TYPE_OF_COLLISION,MVIW,PED_ACTION,ROAD_SURFACE,ROAD_COND_1,ROAD_COND_2,LIGHTING,CONTROL_DEVICE,CHP_ROAD_TYPE,PEDESTRIAN_ACCIDENT,BICYCLE_ACCIDENT,MOTORCYCLE_ACCIDENT,TRUCK_ACCIDENT,NOT_PRIVATE_PROPERTY,ALCOHOL_INVOLVED,STWD_VEHTYPE_AT_FAULT,CHP_VEHTYPE_AT_FAULT,COUNT_SEVERE_INJ,COUNT_VISIBLE_INJ,COUNT_COMPLAINT_PAIN,COUNT_PED_KILLED,COUNT_PED_INJURED,COUNT_BICYCLIST_KILLED,COUNT_BICYCLIST_INJURED,COUNT_MC_KILLED,COUNT_MC_INJURED,PRIMARY_RAMP,SECONDARY_RAMP,LATITUDE,LONGITUDE,COUNTY,CITY,POINT_X,POINT_Y
91460772,2021,2021-05-12,9456,2021-04-20,1459,021555,,2,2,9,2000,0,1,3,,2,056,"STATE ROUTE 49","JUNCTION DR",240.00,S,N,A,-,Y,,,49,,,,,,,Y,2,0,2,2,A,-,09,21801,A,N,D,C,A,A,H,-,A,D,0,,,Y,,Y,,A,07,1,0,1,0,0,0,0,0,1,"- ","- ",37.332401275634766,-119.65827178955078,MADERA,UNINCORPORATED,-119.65829467773438,37.332370758056641
91464555,2021,2021-05-03,9450,2021-04-30,2135,020882,,5,2,9,2000,0,1,3,,1,042,"STATE ROUTE 41","AVENUE 12",1056.00,S,N,A,-,Y,,,41,,,,,,,Y,2,0,1,1,A,-,01,23152,A,N,E,I,A,A,H,-,C,D,0,,,,,Y,Y,D,22,1,0,0,0,0,0,0,0,0,"- ","- ",36.919990539550781,-119.79376220703125,MADERA,UNINCORPORATED,-119.79389190673828,36.919986724853516
91489823,2021,2021-06-04,9450,2021-05-23,1615,018612,,7,2,4,2002,0,1,3,,2,031,"SR-99 SOUTHBOUND","4TH STREET",1056.00,N,N,A,-,Y,,,99,,,,,,S,Y,2,0,1,2,A,-,03,22350,,N,C,C,A,A,D,-,A,D,0,,,Y,,Y,,C,02,1,0,0,0,0,0,0,0,1,"- ","- ",36.963890075683594,-120.06743621826172,MADERA,MADERA,-120.06745147705078,36.963878631591797
91490658,2020,2021-06-07,9450,2020-12-19,1238,019105,,6,1,9,2000,0,1,3,,1,037,"STATE ROUTE 145","AVENUE 8 1/2",6336.00,N,N,A,-,Y,,,145,,,,,,,Y,1,1,4,2,A,-,05,21460,A,N,A,C,A,A,H,-,A,D,0,,,,,Y,,A,01,4,0,0,0,0,0,0,0,0,"- ","- ",36.890758514404297,-120.05589294433594,MADERA,UNINCORPORATED,-120.05594635009766,36.890777587890625
91502112,2021,2021-06-21,9450,2021-01-06,1850,021188,,3,2,9,2000,0,3,5,,2,030,"AVENUE 7 1/2","COUNTY ROAD 7",2640.00,W,N,A,-,N,,,,,,,,,,Y,1,1,0,1,A,-,01,23152,F,N,E,I,A,A,H,-,D,D,0,,,,,Y,,A,01,0,0,0,0,0,0,0,0,0,"- ","- ",36.85845947265625,-120.42669677734375,MADERA,UNINCORPORATED,-120.42681884765625,36.858356475830078
91506762,2021,2021-06-25,9456,2021-06-16,1645,020993,,3,2,9,2000,0,3,5,,2,050,"EASTWOOD DRIVE SOUTH","HARMONY LANE",770.00,W,N,A,-,N,,,,,,,,,,Y,2,0,2,1,A,-,08,22107,,N,E,I,A,A,H,-,A,D,0,,,,,Y,,A,01,1,1,0,0,0,0,0,0,0,"- ","- ",37.345851898193359,-119.69841003417969,MADERA,UNINCORPORATED,-119.69822692871094,37.345859527587891
91515175,2021,2021-07-07,9456,2021-06-25,1715,020993,,5,2,4,2002,0,2,S,,2,057,"COUNTY ROAD 415","RODEO GROUNDS LANE",290.00,W,N,A,-,N,,,,,,,,,,Y,2,0,2,2,A,-,08,22107,,N,A,C,A,A,H,-,A,D,0,,,,,Y,,D,22,1,1,0,0,0,0,0,0,0,"- ","- ",37.251819610595703,-119.72413635253906,MADERA,MADERA,-119.72418212890625,37.251918792724609
91525760,2021,2021-08-13,9450,2021-07-13,1425,018551,,2,2,9,2000,0,1,3,,1,042,"AVENUE 12","COUNTY ROAD 30 1/2",1056.00,E,N,A,-,N,,,,,,,,,,Y,1,1,1,2,A,-,08,22107,,N,A,C,A,A,H,-,A,D,0,,,,,Y,,D,22,1,0,0,0,0,0,0,0,0,"- ","- ",36.923381805419922,-119.98914337158203,MADERA,UNINCORPORATED,-119.98854827880859,36.923385620117188
91535116,2021,2021-08-02,9450,2021-07-21,1105,017032,,3,1,9,2000,0,3,5,,2,030,"AVENUE 9","COUNTY ROAD 28",579.00,E,N,A,-,N,,,,,,,,,,Y,2,0,1,2,A,-,08,22107,,N,B,C,A,A,H,-,A,D,0,,,,,Y,,A,07,1,0,0,0,0,0,0,0,0,"- ","- ",36.880348205566406,-120.03547668457031,MADERA,UNINCORPORATED,-120.03546905517578,36.880325317382812
91535731,2021,2021-08-03,9456,2021-07-27,0620,020787,,2,1,9,2000,0,2,4,,1,054,"COUNTY ROAD 274","GILPIN LANE",2112.00,S,N,A,-,N,,,,,,,,,,Y,2,0,1,1,A,-,08,22107,,N,F,A,A,A,H,-,B,D,0,,,,,Y,,A,01,1,0,0,0,0,0,0,0,0,"- ","- ",37.247020721435547,-119.50604248046875,MADERA,UNINCORPORATED,-119.50605773925781,37.248741149902344
91552470,2021,2021-08-24,9450,2021-08-15,0520,020253,,7,3,9,2000,0,1,3,,2,031,"STATE ROUTE 99 N/B","AVENUE 12",1815.00,N,N,A,-,Y,,,99,,,,,,N,Y,2,0,1,1,A,-,08,22107,,N,F,A,A,A,H,-,D,D,0,,,Y,,Y,,C,02,1,0,0,0,0,0,0,0,1,"- ","- ",36.927879333496094,-120.02548217773438,MADERA,UNINCORPORATED,-120.02532958984375,36.928016662597656
91559859,2021,2021-08-31,9450,2021-08-21,0119,019604,,6,3,9,2000,0,3,5,,2,020,"COUNTY ROAD 600","COUNTY ROAD 31",10560.00,N,N,A,-,N,,,,,,,,,,Y,2,0,2,1,A,-,08,22107,,N,F,A,A,A,H,-,D,D,0,,,,,Y,,A,07,2,0,0,0,0,0,0,0,0,"- ","- ",37.0814208984375,-119.96317291259766,MADERA,UNINCORPORATED,-119.96469879150391,37.079513549804688
91582696,2021,2021-09-29,9450,2021-09-21,0458,019105,,2,3,9,2000,0,1,3,,1,042,"SR-41 NORTHBOUND","COUNTY ROAD 406",1056.00,S,N,A,-,Y,,,41,,,,,,N,Y,2,0,2,1,A,-,08,22107,,N,E,I,A,A,H,-,D,D,0,,,,,Y,,A,07,1,1,0,0,0,0,0,0,0,"- ","- ",37.091480255126953,-119.75402069091797,MADERA,UNINCORPORATED,-119.75400543212891,37.091476440429688
91608845,2021,2021-10-28,9450,2021-10-18,0625,017827,,1,1,9,2000,0,1,3,,1,037,"SR-145 SOUTHBOUND","JOHN F. KENNEDY CT.",160.00,S,N,A,-,Y,,,145,,,,,,S,N,2,0,1,3,A,-,03,22350,,N,C,C,A,A,H,-,B,D,0,,,,,Y,,A,08,1,0,0,0,0,0,0,0,0,"- ","- ",36.853038787841797,-120.05596160888672,MADERA,UNINCORPORATED,-120.055908203125,36.853038787841797
91665718,2021,2021-12-29,9450,2021-07-21,1140,016950,,3,1,9,2000,0,3,5,,2,010,"AVENUE 21","COUNTY ROAD 10",0.00,,Y,A,-,N,,,,,,,,,,Y,1,1,1,2,A,-,12,22450,A,N,D,C,A,A,H,-,A,A,0,,,,Y,Y,,D,22,0,1,0,0,0,0,0,0,0,"- ","- ",37.054328918457031,-120.36488342285156,MADERA,UNINCORPORATED,-120.36489868164062,37.054313659667969
91729044,2021,2022-03-22,9450,2021-08-27,1222,017032,,5,1,9,2000,0,3,5,,2,040,"AVENUE 10","COUNTY ROAD 38",19.00,W,N,A,-,N,,,,,,,,,,Y,1,1,0,1,A,-,03,22350,,N,E,I,A,A,H,-,A,A,0,,,,,Y,,A,01,0,0,0,0,0,0,0,0,0,"- ","- ",36.894859313964844,-119.85762023925781,MADERA,UNINCORPORATED,-119.85746765136719,36.894840240478516
91759438,2021,2022-04-28,9450,2021-11-14,0011,020253,,7,3,9,2000,0,2,4,,2,045,"AVENUE 12","COUNTY ROAD 36 1/2",0.00,,Y,E,-,N,,,,,,,,,,Y,1,1,4,2,A,-,01,23152,G,N,A,C,A,B,H,-,D,D,0,,,,,Y,Y,A,07,4,0,0,0,0,0,0,0,0,"- ","- ",36.923049926757812,-119.88520050048828,MADERA,UNINCORPORATED,-119.88514709472656,36.923038482666016
91769120,2021,2022-05-10,9450,2021-12-10,1809,018612,,5,2,9,2000,0,1,3,,2,012,"STATE ROUTE 99 NORTHBOUND","AVENUE 21 1/2",6864.00,N,N,A,-,Y,,,99,,,,,,N,Y,1,1,1,3,A,-,08,22107,,N,C,E,E,A,H,-,D,D,0,Y,,,,Y,,D,22,0,1,0,1,0,0,0,0,0,"- ","- ",37.07952880859375,-120.20291900634766,MADERA,UNINCORPORATED,-120.20297241210938,37.0794677734375
91771768,2022,2022-05-13,9456,2022-05-03,1545,019856,,2,2,9,2000,0,1,3,,1,052,"STATE ROUTE 41","COUNTY ROAD 416",65.00,N,N,A,-,Y,MAD,,41,,,23.492,H,,R,Y,2,0,2,2,A,-,03,22350,,N,C,C,A,A,H,-,A,D,0,,,Y,,Y,,C,02,1,0,1,0,0,0,0,0,1,"- ","- ",37.202358245849609,-119.72226715087891,MADERA,UNINCORPORATED,-119.72238922119141,37.202411651611328
9180161,2020,2020-11-24,2002,2020-10-16,1915,4499,MSC,5,5,4,2002,0,0,0,,0,003,"CLEVELAND AV W","RT 99",0.00,,Y,A,-,Y,MAD,6,99,-,-,12.242,R,4,N,Y,2,0,1,2,A,-,09,21804,B,N,D,C,A,A,H,-,B,A,0,,,Y,,Y,,C,02,1,0,0,0,0,0,0,0,1,"- ","- ",,,MADERA,MADERA,-120.07763671875,36.975818634033203
91848813,2022,2022-08-25,9450,2022-01-24,0901,018612,,1,1,9,2000,0,1,3,,1,037,SR-145,"AVENUE 8 1/2",120.00,S,N,A,-,Y,MAD,,145,,,3.486,H,,R,Y,1,1,0,1,A,-,08,22107,,N,E,I,A,A,H,-,A,D,0,,,,,Y,,A,01,0,0,0,0,0,0,0,0,0,"- ","- ",36.872810363769531,-120.05599975585938,MADERA,UNINCORPORATED,-120.05598449707031,36.872810363769531
91872075,2022,2022-09-23,9450,2022-09-14,1100,016938,,3,1,9,2000,0,1,A,,2,710,"CHOWCHILLA CANAL BYPASS FOR THE SAN JOAQUIN RIVER","AVENUE 13",2500.00,S,N,A,-,N,,,,,,,,,,N,2,0,1,1,B,-,22,,,N,F,A,A,A,H,-,A,D,0,,,Y,,Y,,C,06,1,0,0,0,0,0,0,0,1,"- ","- ",36.931728363037109,-120.33943176269531,MADERA,UNINCORPORATED,,
91877238,2022,2022-09-29,9450,2022-09-21,1625,020993,,3,2,9,2000,0,3,5,,2,030,"AVENUE 7 1/2","COUNTY ROAD 9",100.00,W,N,A,-,N,,,,,,,,,,Y,2,0,4,3,A,-,03,22350,,N,C,C,A,A,H,-,A,D,0,,,,,Y,,A,01,1,3,0,0,0,0,0,0,0,"- ","- ",36.858589172363281,-120.38221740722656,MADERA,UNINCORPORATED,-120.38219451904297,36.858596801757812
91920753,2022,2022-11-17,9450,2022-11-13,0125,021202,,7,3,9,2000,0,1,3,,1,013,"STATE ROUTE 152","COUNTY ROAD 15 1/2",520.00,W,N,A,-,Y,MAD,,152,,,12.446,H,,R,Y,2,0,2,1,A,-,08,22107,,N,E,8,A,A,H,-,D,D,0,,,,,Y,,E,22,1,1,0,0,0,0,0,0,0,"- ","- ",37.08380126953125,-120.26763916015625,MADERA,UNINCORPORATED,-120.26763153076172,37.083602905273438
91924735,2022,2022-11-22,9450,2022-03-27,1903,018551,,7,2,9,2000,0,3,5,,2,030,"AVENUE 7 1/2","HEMLOCK ROAD",5112.00,E,N,A,-,N,,,,,,,,,,Y,1,1,8,3,A,-,05,21650,,N,B,C,A,A,H,-,A,D,0,,,,,Y,,D,22,1,7,0,0,0,0,0,0,0,"- ","- ",36.858718872070312,-120.36003875732422,MADERA,UNINCORPORATED,,
91978858,2022,2023-01-26,9450,2022-09-07,2225,016950,,3,3,9,2000,0,3,5,,2,020,"COUNTY ROAD 603","RUN WAY",237.00,E,N,A,-,N,,,,,,,,,,Y,1,1,0,2,A,-,01,23152,A,N,D,C,A,A,H,-,D,D,0,,,Y,,Y,Y,A,01,0,0,0,0,0,0,0,1,0,"- ","- ",37.111198425292969,-119.91345977783203,MADERA,UNINCORPORATED,-119.91345977783203,37.111179351806641
92000116,2023,2023-02-22,9450,2023-02-15,"120 ",021130,,3,3,9,2000,0,1,3,,1,041,SR-145,"COUNTY ROAD 33",4224.00,W,N,A,-,Y,MAD,,145," "," ",16.182,H,,R,Y,2,0,3,1,A,-,01,23152,A,N,E,8,A,A,H,-,D,D,0,,,,,Y,Y,A,01,2,0,1,0,0,0,0,0,0,"- ","- ",37.003551483154297,-119.95951843261719,MADERA,UNINCORPORATED,-119.95955657958984,37.003635406494141
92036591,2022,2023-04-04,9450,2022-05-14,2159,016950,,6,2,9,2000,0,3,5,,2,020,"AVENUE 17","MELBA DRIVE",79.00,W,N,A,-,N,,,,,,,,,,Y,1,1,2,2,A,-,01,23152,G,F,C,C,A,A,H,-,D,D,0,,,,Y,Y,Y,A,01,0,2,0,0,0,0,0,0,0,"- ","- ",36.996509552001953,-120.08704376220703,MADERA,UNINCORPORATED,-120.08706665039062,36.996440887451172
92042263,2023,2023-04-11,9450,2023-04-04,1230,017827,,2,1,9,2000,0,3,5,,2,020,"AVENUE 16","COUNTY ROAD 28",350.00,W,N,A,-,N,,,,,,,,,,N,2,0,1,2,A,-,09,21804,A,N,C,C,A,A,H,-,A,D,0,,,,,Y,,K,45,1,0,0,0,0,0,0,0,0,"- ","- ",36.981670379638672,-120.03958129882812,MADERA,UNINCORPORATED,-120.03911590576172,36.981678009033203
92059590,2022,2023-05-02,9450,2022-09-16,1913,021378,,5,2,9,2000,0,2,4,,2,045,"AVENUE 12","COUNTY ROAD 33",1625.00,W,N,A,-,N,,,,,,,,,,Y,1,1,4,2,A,-,06,21751,,N,A,C,A,A,H,-,B,D,0,,,Y,,Y,,A,01,1,2,1,0,0,0,0,1,0,"- ","- ",36.923000335693359,-119.94915008544922,MADERA,UNINCORPORATED,-119.95255279541016,36.923076629638672
9208044,2021,2021-03-01,2002,2021-01-13,1229,4467,,3,5,4,2002,0,0,0,,0,001,"RT 145","MAGNOLIA ST",61.00,W,N,A,-,Y,MAD,6,145,-,-,10.520,H,-,N,Y,2,0,1,3,A,-,05,21460,A,N,D,C,A,A,H,-,A,A,0,,,Y,,Y,,D,22,1,0,0,0,0,0,0,0,1,"- ","- ",,,MADERA,MADERA,-120.04950714111328,36.968849182128906
92086374,2023,2023-06-05,9450,2023-05-23,1305,021188,,2,1,9,2000,0,1,3,,1,041,SR-145,"BONNIE WAY",1584.00,W,N,A,-,Y,MAD,,145," "," ",11.949,H,,R,Y,2,0,3,2,A,-,09,21804,A,N,D,C,A,A,H,-,A,D,0,,,,,Y,,D,22,2,1,0,0,0,0,0,0,0,"- ","- ",36.981250762939453,-120.02950286865234,MADERA,UNINCORPORATED,-120.02949523925781,36.981250762939453
92104993,2023,2023-06-29,9456,2023-06-24,1220,021444,,6,1,9,2000,0,1,3,,1,052,SR-41,"CEDAR VALLEY DR",1584.00,N,N,A,-,Y,MAD,,41," "," ",41.483,H,,R,Y,2,0,1,1,A,-,08,22107,,N,F,A,A,A,H,-,A,D,0,,,Y,,Y,,C,02,1,0,0,0,0,0,0,0,1,"- ","- ",37.397518157958984,-119.63291931152344,MADERA,UNINCORPORATED,-119.63288879394531,37.39752197265625
92125642,2023,2023-07-25,9450,2023-07-16,1140,019105,,7,1,9,2000,0,1,3,,1,013,SR-152,"COUNTY ROAD 16",0.00,,Y,A,-,Y,MAD,,152," "," ",13.041,H,,R,N,2,0,2,2,A,-,09,21801,A,N,D,C,A,A,H,-,A,D,0,,,,,Y,,A,01,1,1,0,0,0,0,0,0,0,"- ","- ",37.083759307861328,-120.25684356689453,MADERA,UNINCORPORATED,-120.25684356689453,37.083759307861328
92164430,2023,2023-10-02,9456,2023-09-02,1135,020635,,6,1,9,2000,0,2,4,,1,053,"COUNTY ROAD 200","HOUSE RANCH ROAD",2000.00,W,N,B,-,N,,,,,,,,,,Y,2,0,1,1,C,-,18,,,N,F,A,A,A,H,-,A,D,0,,,Y,,Y,,-,"- ",1,0,0,0,0,0,0,0,1,"- ","- ",37.161918640136719,-119.64267730712891,MADERA,UNINCORPORATED,-119.64268493652344,37.161983489990234
92164707,2023,2023-09-07,9456,2023-09-05,"653 ",017677,,2,1,9,2000,0,3,5,,2,050,"COUNTY ROAD 426","JOHN WEST ROAD",110.00,S,N,A,-,N,,,,,,,,,,Y,2,0,1,1,A,-,03,22350,,N,F,A,A,D,H,-,A,D,0,,,Y,,Y,,C,02,1,0,0,0,0,0,0,0,1,"- ","- ",37.310848236083984,-119.62020874023438,MADERA,UNINCORPORATED,-119.62016296386719,37.310848236083984
92313228,2024,2024-02-13,9450,2024-02-11,2145,020253,,7,2,9,2000,0,3,5,,2,030,"COUNTY ROAD 23","AVENUE 6",0.00,,Y,A,-,N,,,,,,,,,,Y,2,0,2,1,A,-,01,23152,A,N,E,I,A,A,H,-,D,A,0,,,,,Y,Y,A,01,1,1,0,0,0,0,0,0,0,"- ","- ",36.836681365966797,-120.12840270996094,MADERA,UNINCORPORATED,-120.13297271728516,36.83673095703125
92313862,2024,2024-02-14,9450,2024-02-06,"604 ",019105,,2,1,9,2000,0,3,5,,2,020,"HALEY WAY","COUNTY ROAD 26",0.00,,Y,B,-,N,,,,,,,,,,N,2,0,5,2,A,-,09,21802,A,N,D,C,A,B,H,-,D,A,0,,,,,Y,,D,22,1,1,3,0,0,0,0,0,0,"- ","- ",37.001190185546875,-120.07424926757812,MADERA,UNINCORPORATED,-120.07427978515625,37.001213073730469
92377528,2024,2024-04-29,9450,2024-04-22,1326,021760,,1,1,9,2000,0,3,5,,2,040,"COUNTY ROAD 35","BONADELLE AVENUE",0.00,,Y,A,-,N,,,,,,,,,,Y,2,0,2,2,A,-,09,21802,A,F,F,A,A,A,H,-,A,D,0,,,Y,,Y,,D,22,2,0,0,0,0,0,0,0,2,"- ","- ",36.964191436767578,-119.91194915771484,MADERA,UNINCORPORATED,-119.91194152832031,36.964160919189453
92395228,2024,2024-05-21,9450,2024-05-11,1320,021811,,6,1,4,2002,0,1,3,,2,031,"N/B SR-99 TO GATEWAY DRIVE","GATEWAY DRIVE",528.00,S,N,A,-,Y,MAD,,99," "," ",10.129,H,,R,Y,2,0,1,1,A,-,01,23152,A,N,E,I,A,A,H,-,A,D,0,,,,,Y,Y,A,01,1,0,0,0,0,0,0,0,0,"- ","- ",36.952339172363281,-120.05397796630859,MADERA,MADERA,-120.0540771484375,36.952224731445312
92409580,2023,2025-01-10,9450,2023-02-12,1804,021407,,7,2,9,2000,0,3,5,,2,040,"AVENUE 15","COUNTY ROAD 39 1/2",2112.00,E,N,A,-,N,,,,,,,,,,Y,1,1,1,2,A,-,01,23152,A,N,A,C,A,A,H,-,D,D,0,,,,,Y,Y,A,01,1,0,0,0,0,0,0,0,0,"- ","- ",36.966831207275391,-119.82288360595703,MADERA,UNINCORPORATED,-119.82343292236328,36.966789245605469
92412737,2024,2024-06-12,9456,2024-06-05,"330 ",021944,,3,3,9,2000,0,3,5,,2,050,"ROAD 223","FINE GOLD CREEK DR",1584.00,N,N,A,-,N,,,,,,,,,,Y,2,0,4,1,A,-,01,23152,A,N,F,A,A,A,H,-,D,D,0,,,,,Y,Y,A,01,1,2,1,0,0,0,0,0,0,"- ","- ",37.276069641113281,-119.57553100585938,MADERA,UNINCORPORATED,-119.57550048828125,37.276210784912109
92443423,2024,2024-07-19,9450,2024-07-13,"200 ",021811,,6,3,9,2000,0,1,3,,2,031,"SR-99 NORTHBOUND","AVENUE 9",2112.00,S,N,B,-,Y,MAD,,99," ",R,3.193,H,,R,Y,2,0,1,1,A,-,01,23152,A,N,F,0,A,A,H,-,D,D,0,,,Y,,Y,Y,C,02,1,0,0,0,0,0,0,0,1,"- ","- ",36.876529693603516,-119.97183227539062,MADERA,UNINCORPORATED,-119.97184753417969,36.876518249511719
92464682,2024,2024-08-14,9450,2024-07-11,2040,021811,,4,2,9,2000,0,1,3,,1,037,SR-145,"AVENUE 11",0.00,,Y,A,-,Y,MAD,,145," "," ",6.064,H,,R,Y,2,0,6,3,A,-,09,21801,A,N,A,C,A,A,H,-,D,D,0,,,,,Y,,A,07,2,2,2,0,0,0,0,0,0,"- ","- ",36.909439086914062,-120.05602264404297,MADERA,UNINCORPORATED,-120.05606079101562,36.909439086914062
9258557,2021,2021-05-06,2002,2021-04-16,2103,4483,,5,5,4,2002,0,0,0,,0,001,"OLIVE AV E","ROOSEVELT AV",64.00,E,N,A,-,N,,,,,,,,,,N,2,0,1,2,A,-,11,21954,A,N,G,B,D,A,H,-,C,D,0,Y,,,,Y,,N,60,1,0,0,0,1,0,0,0,0,"- ","- ",,,MADERA,MADERA,-120.04642486572266,36.9527587890625
9278324,2021,2021-07-29,2002,2021-06-05,2308,4462,,6,5,4,2002,0,0,0,,0,002,"KENNEDY ST","MERCED ST",215.00,W,N,A,-,N,,,,,,,,,,Y,2,0,1,1,A,-,08,22107,,N,E,I,A,A,H,-,C,D,0,,,,,Y,Y,A,01,1,0,0,0,0,0,0,0,0,"- ","- ",,,MADERA,MADERA,-120.05324554443359,36.981731414794922
9306811,2021,2021-09-30,2002,2021-08-18,1748,3624,,3,5,4,2002,0,0,0,,0,001,"A ST  N","4TH ST E",0.00,,Y,A,-,N,,,,,,,,,,N,2,0,1,2,A,-,05,21202,A,N,D,G,A,A,H,-,A,D,0,,Y,,Y,Y,,L,04,1,0,0,0,0,0,1,0,0,"- ","- ",,,MADERA,MADERA,-120.05721282958984,36.966583251953125
9336043,2021,2021-10-20,2002,2021-09-05,2055,4612,,7,5,4,2002,0,0,0,,0,002,"SHERWOOD WY W","SONORA ST",212.00,E,N,A,-,N,,,,,,,,,,Y,2,0,1,2,A,-,11,21954,A,N,G,B,E,A,H,-,C,D,0,Y,,,,Y,,N,60,1,0,0,0,1,0,0,0,0,"- ","- ",,,MADERA,MADERA,-120.06588745117188,36.977252960205078
94389067,2024,2024-09-10,9450,2024-07-12,"515 ",017827,,5,3,9,2000,0,3,5,,2,010,"AVENUE 21","COUNTY ROAD 8",1056.00,W,N,A,-,N,,,,,,,,,,Y,2,0,1,2,A,-,03,22350,,N,C,C,A,A,H,-,A,D,0,,,,,Y,,A,01,1,0,0,0,0,0,0,0,0,"- ","- ",37.054508209228516,-120.40483856201172,MADERA,UNINCORPORATED,-120.40468597412109,37.054431915283203
94512230,2024,2024-12-20,9450,2024-07-09,2315,020253,,2,3,4,2002,0,1,3,,2,011,"STATE ROUTE 99 N/B FROM AVENUE 16","AVENUE 16",125.00,N,N,A,-,Y,,,,,,,,,,Y,1,1,1,1,A,-,08,22107,,N,E,8,A,A,H,-,C,A,0,,,,,Y,,D,22,0,1,0,0,0,0,0,0,0,"- ","- ",36.981708526611328,-120.0830078125,MADERA,MADERA,-120.08396911621094,36.981597900390625
94573824,2025,2025-02-11,9450,2025-01-29,1728,017868,,3,2,9,2000,0,1,3,,2,012,"SR-99 S/B","AVENUE 24",1128.00,S,N,A,-,Y,MAD,,99," "," ",23.561,H,,L,Y,2,0,1,1,A,-,08,22107,,N,E,8,A,A,H,-,A,D,0,,,,,Y,,A,01,1,0,0,0,0,0,0,0,0,"- ","- ",37.095428466796875,-120.21501922607422,MADERA,UNINCORPORATED,-120.21494293212891,37.095447540283203
94652510,2025,2025-04-16,9450,2025-04-10,1005,021300,,4,1,3,2001,0,1,3,,2,012,"STATE ROUTE 99","AVENUE 26",528.00,S,N,A,-,Y,MAD,,99," "," ",26.271,H,,R,Y,2,0,1,1,A,-,08,22107,,N,F,A,A,A,H,-,A,D,0,,,Y,,Y,,C,02,1,0,0,0,0,0,0,0,1,"- ","- ",37.123920440673828,-120.24817657470703,MADERA,CHOWCHILLA,-120.24822998046875,37.123882293701172
94746598,2025,2025-07-07,9450,2025-06-21,1918,023299,,6,2,9,2000,0,3,5,,2,040,"COUNTY ROAD 209","21910 RD 209",2640.00,S,N,A,-,N,,,,,,,,,,Y,2,0,2,1,A,-,01,23152,A,N,E,8,A,A,H,-,A,D,0,,,,,Y,Y,A,07,1,1,0,0,0,0,0,0,0,"- ","- ",37.059768676757812,-119.7900390625,MADERA,UNINCORPORATED,,
9520704,2023,2025-07-22,2002,2023-05-13,"15  ",3608,,6,5,4,2002,0,0,0,,0,004,"ALMOND AV W","SCHNOOR AV S",1175.00,E,N,A,-,N,,,,,,,,,,Y,1,1,0,3,A,-,08,22107,,N,C,E,A,A,H,-,C,A,0,,,,Y,Y,Y,A,01,0,0,0,0,0,0,0,0,0,"- ","- ",,,MADERA,MADERA,-120.07909393310547,36.945579528808594
9522015,2022,2022-11-23,2002,2022-10-29,2041,4614,CITY,6,5,4,2002,0,0,0,,0,002,"CLARK ST W","FAIRVIEW ST",277.00,E,N,A,-,N,,,,,,,,,,N,2,0,2,1,A,-,03,22350,,N,A,H,A,A,H,-,C,A,0,,,Y,,Y,,C,02,1,1,0,0,0,0,0,0,2,"- ","- ",,,MADERA,MADERA,-120.07609558105469,36.980056762695312
9611958,2023,2023-09-29,2002,2023-08-24,1644,4224,,4,5,4,2002,0,0,0,,0,003,"GATEWAY AV N","CLEVELAND AV W",965.00,S,N,A,-,N,,,,,,,,,,Y,2,0,1,2,A,-,09,21801,A,N,D,C,A,A,H,-,A,D,0,,,Y,,Y,Y,D,22,1,0,0,0,0,0,0,0,1,"- ","- ",,,MADERA,MADERA,-120.07235717773438,36.972980499267578
9788145,2025,2025-05-01,2002,2025-04-19,2206,4649,MPD,6,5,4,2002,0,0,0,,0,003,"4TH ST W","E ST N",113.00,W,N,A,-,N,,,,,,,,,,N,2,0,1,2,A,-,11,21954,A,N,G,B,D,A,H,-,C,D,0,Y,,,,Y,,N,60,1,0,0,0,1,0,0,0,0,"- ","- ",,,MADERA,MADERA,-120.06170654296875,36.963531494140625